Symbol,Description,Price,Price - Currency,"Price change %, 1 day","Volume, 1 day","Relative volume, 1 day",Market capitalization,Market capitalization - Currency,Price to earnings ratio,"Earnings per share diluted, Trailing 12 months","Earnings per share diluted, Trailing 12 months - Currency","Earnings per share diluted growth %, TTM YoY","Dividend yield %, Trailing 12 months",Sector,Analyst rating
RELIANCE,Reliance Industries Limited,1280,INR,0.1564945226917058,7163132,0.5648790512774474,17296615133118.998,INR,23.179965266270795,55.2201,INR,-8.318252305321916,0.469428470836756,Energy minerals,Strong buy
BHARTIARTL,Bharti Airtel Limited,1905.3,INR,0.37403856284901005,5230299,0.899696026777277,11844101424641,INR,43.472606302877644,43.8276,INR,-20.523849590901186,0.842504344163025,Communications,Strong buy
HDFCBANK,HDFC Bank Limited,739.55,INR,-0.43753365643511044,29678752,1.0486725693891525,11436999782586,INR,14.449980461117624,51.18,INR,11.34558903513542,1.75060597899273,Finance,Strong buy
ICICIBANK,ICICI Bank Limited,1445.7,INR,0.8932933212366496,10608300,0.8123013869010712,10282178936317,INR,18.687952430196486,77.36,INR,7.369882026370579,0.76754003419042,Finance,Strong buy
SBIN,State Bank of India,1020.6,INR,0.5517241379310367,6093002,0.5470948532057346,9369538854753,INR,11.211762353701113,91.0294,INR,4.7432203545851115,1.70927540515246,Finance,Strong buy
TCS,Tata Consultancy Services Limited,2295.6,INR,1.832054296233852,4007292,0.8003716553663436,8154806842814,INR,16.67841236858739,137.639,INR,1.067516881423239,2.83952260526199,Technology services,Buy
BAJFINANCE,Bajaj Finance Limited,1048.3,INR,3.505134281200632,7610916,0.8615188331499082,6304715539696,INR,34.34796854521625,30.52,INR,13.77022291806456,0.592504814101615,Finance,Buy
LICI,Life Insurance Corp. of India,424.35,INR,0.7239496795632593,1064234,0.4905469479039836,5330075519836,INR,9.343314801563276,45.4175,INR,18.90051547336372,2.37332384003797,Finance,Strong buy
LT,Larsen & Toubro Limited,3806,INR,0.538884192730349,1454211,0.7303960437364366,5207478674103,INR,32.56331279945243,116.88,INR,6.944825693110064,1.00389670431279,Industrial services,Buy
HINDUNILVR,Hindustan Unilever Limited,2174.6,INR,1.3799533799533759,698681,0.47443343997228427,5039285959106,INR,33.97971779927184,63.997,INR,41.20266179494647,1.91164471383611,Consumer non-durables,Buy
SUNPHARMA,Sun Pharmaceutical Industries Limited,1973.7,INR,1.6794600999433382,5414380,2.85058782271599,4656999693604,INR,41.25264922393937,47.8442,INR,5.035971223021584,0.850077279752705,Health technology,Strong buy
MARUTI,Maruti Suzuki India Limited,13730,INR,2.1425383127510784,333477,0.9295940724882503,4228211475389,INR,29.406605541763696,466.9019,INR,1.2366475606490452,1.0038368876595,Consumer durables,Buy
INFY,Infosys Limited,1079.2,INR,3.6795081179748244,15956349,1.2119126371066755,4223736513508.9995,INR,14.577795067972076,74.0304,INR,12.70552700168076,4.61117248667083,Technology services,Buy
TITAN,Titan Company Limited,4740.1,INR,1.3491554415223512,500721,0.7632805939284557,4156348797132,INR,82.92788750037177,57.1593,INR,51.99475616987671,0.234957387273854,Consumer durables,Buy
ADANIPOWER,Adani Power Limited,213.96,INR,0.14040999719180539,14546955,0.42760165681031065,4120174618526,INR,28.94519676943682,7.3919,INR,14.85953135682764,0,Utilities,Strong buy
ADANIENT,Adani Enterprises Limited,3036.6,INR,0.33703409992069183,636870,0.5084892725985387,4096988725228,INR,39.2071292262641,77.4502,INR,29.161809561451328,0.0429446839436434,Distribution services,Strong buy
ADANIPORTS,Adani Ports & Special Economic Zone Ltd,1770.4,INR,0.11875812927671416,2266975,1.5668893213068817,4073629824024,INR,30.405660701404873,58.226,INR,13.390457643622195,0.424184152480063,Transportation,Strong buy
M&M,Mahindra & Mahindra Ltd.,3238.6,INR,2.441956095400766,2264570,1.1154951800719068,3930794949829,INR,21.29117086319111,152.11,INR,32.189102285565326,0.800379626700411,Consumer durables,Strong buy
KOTAKBANK,Kotak Mahindra Bank Limited,384.65,INR,-0.02599090318389155,16710096,1.080620821437573,3826753781193,INR,18.849570965829177,20.4063,INR,5.9319130380614284,0.129971406290616,Finance,Buy
AXISBANK,Axis Bank Limited,1227.5,INR,0.016295934164429683,5967502,0.5947636537107871,3820578247291,INR,13.802991116608567,88.93,INR,-0.6146624944121559,0.0814265939255761,Finance,Strong buy
ITC,ITC Limited,285.85,INR,0.8467101781619455,19312804,1.3657892314703866,3553357137021,INR,17.311337608933947,16.5123,INR,-40.53050493409206,5.11283497884344,Consumer non-durables,Neutral
ULTRACEMCO,UltraTech Cement Limited,11881,INR,0.29545838257639706,250956,0.6917998522982671,3485622645796,INR,40.95201985385358,290.12,INR,21.22969667922059,0.654585689489888,Non-energy minerals,Strong buy
HCLTECH,HCL Technologies Limited,1295.9,INR,1.959087332808819,3847049,0.7947190753430153,3448254032634,INR,20.16130286916234,64.2766,INR,2.694679661287743,4.72180687809869,Technology services,Neutral
NTPC,NTPC Limited,350.8,INR,1.036866359447011,12350753,1.3821753890418687,3366197548140,INR,12.254165647815,28.627,INR,15.859383853264466,2.54933026069422,Utilities,Strong buy
ONGC,Oil & Natural Gas Corp. Ltd.,238.56,INR,-4.100337674867338,19910285,1.8954619435007927,3129344475098,INR,7.244985969217313,32.9276,INR,14.57780932695854,5.42713567839196,Energy minerals,Buy
BAJAJ_AUTO,Bajaj Auto Limited,11183.5,INR,0.4806828391734052,270544,0.3765866089763925,3110265808730,INR,26.596763012103924,420.4835,INR,54.740280052256786,1.34794505775945,Consumer durables,Buy
HAL,Hindustan Aeronautics Limited,4619,INR,0.9970700135566618,694103,1.1477673367762347,3055733337491,INR,33.88843156503072,136.3002,INR,8.982268618909625,1.09429543788232,Electronic technology,Buy
JSWSTEEL,JSW Steel Limited,1244.6,INR,0.30625402965828136,1128386,0.5698741322114307,3033952690807,INR,12.280217069560928,101.35,INR,411.822157581634,0.225688147342119,Non-energy minerals,Buy
BAJAJFINSV,Bajaj Finserv Limited,1913,INR,1.9342462833697422,651274,0.5197801688247623,3004152335996,INR,31.463815789473685,60.8,INR,9.92308999591404,0.0692613015796905,Finance,Buy
BEL,Bharat Electronics Limited,407.15,INR,0.5308641975308586,9683515,1.3413699416936176,2960825817190,INR,49.120499951742104,8.2888,INR,13.858706850368833,0.703616837427478,Electronic technology,Buy
NESTLEIND,Nestle India Ltd.,1446.1,INR,0.18011776931069684,2030304,0.8683968415618366,2783907305588,INR,73.16727635180604,19.7643,INR,22.64231728657059,0.831197617233497,Consumer non-durables,Buy
ETERNAL,Eternal Limited,295.85,INR,5.660714285714294,48012383,1.3379316830200843,2702098164062,INR,624.9471905365442,0.4734,INR,42.4187725631769,0,Technology services,Strong buy
POWERGRID,Power Grid Corporation of India Limited,288.85,INR,0.22553782095768013,12143388,1.4614613474960372,2681363880022,INR,16.864691285943657,17.1275,INR,2.9655769438867,3.12174817898023,Utilities,Buy
COALINDIA,Coal India Ltd.,427.5,INR,0.0233972859148392,5241433,0.9850075110719153,2633025758301,INR,8.47254400272707,50.4571,INR,-12.056115815122485,6.17905207723815,Energy minerals,Buy
DMART,Avenue Supermarts Ltd.,4027.7,INR,0.22145914203243844,384728,0.6400621814999058,2620593896863,INR,85.86015774888084,46.91,INR,13.008913514815704,0,Retail trade,Neutral
ASIANPAINT,Asian Paints Ltd.,2710.2,INR,2.7408165586261695,715239,1.0033362759372204,2530651480967,INR,60.09179397352608,45.101,INR,17.933927086547452,1.04233786908236,Process industries,Neutral
SHRIRAMFIN,Shriram Finance Limited,1038.2,INR,3.293204656253111,9459410,1.7107591706886924,2364713228760,INR,18.333039025251633,56.63,INR,10.003885003885015,0,Finance,Strong buy
ADANIGREEN,Adani Green Energy Limited,1399.7,INR,0.3297254677084178,1695918,0.4460085772437946,2296575343597,INR,129.23449084546706,10.8307,INR,3.282315357841041,0,Utilities,Buy
TATASTEEL,Tata Steel Limited,184.25,INR,0.8649477199321249,11857396,0.5487818590448703,2280741299696,INR,21.28925658031567,8.6546,INR,215.5618755925035,2.18938149972633,Non-energy minerals,Neutral
HINDZINC,Hindustan Zinc Limited,529.65,INR,-0.43237146348342287,4726406,1.695473549817548,2247658412589,INR,13.112680170924088,40.3922,INR,66.63723823825477,2.06786352100761,Non-energy minerals,Buy
HINDALCO,Hindalco Industries Limited,945.25,INR,0.25986423419601673,2035425,0.43070777067346344,2118572841796.9998,INR,15.701827242524915,60.2,INR,-16.295884315906562,0.530363298859719,Non-energy minerals,Buy
GRASIM,Grasim Industries Ltd.,3112.4,INR,0.7444811290218165,266078,0.4690414123244876,2101258436520,INR,42.54318699373689,73.1586,INR,23.8511049639579,0.323891884888824,Non-energy minerals,Strong buy
EICHERMOT,Eicher Motors Limited,7769.5,INR,1.8550078657577347,367549,0.7233446619262256,2093976916370,INR,38.70429411178639,200.74,INR,16.465537247621253,0.91762361701012,Consumer durables,Buy
ADANIENSOL,Adani Energy Solutions Ltd,1703.3,INR,0.0646222535542186,2632783,1.1164432182675852,2045844378279,INR,70.09465020576131,24.3,INR,21.81428084457902,0,Utilities,Buy
IOC,Indian Oil Corp. Ltd.,141.52,INR,2.2026431718061756,8260417,0.6053251014643298,1955791501953,INR,4.629526644639995,30.569,INR,209.59711559885758,7.2202166064982,Energy minerals,Buy
INDIGO,InterGlobe Aviation Ltd,5230,INR,4.914744232698094,1731299,1.4071246403653763,1927513720554,INR,,-124.355,INR,-171.77363499942285,0.200603817490647,Transportation,Buy
DIVISLAB,Divi's Laboratories Limited,7414,INR,2.2832310133130993,544701,1.1399460687419494,1923757764362,INR,76.64269041273754,96.7346,INR,17.206751699011193,0.413984392788392,Health technology,Neutral
TORNTPHARM,Torrent Pharmaceuticals Ltd,5019.5,INR,1.169001310087675,267708,0.24295113370480043,1886548432216,INR,78.54025745620005,63.9099,INR,13.18698639841315,0.76615992580346,Health technology,Buy
SBILIFE,SBI Life Insurance Co. Ltd.,1866.8,INR,0.4411922952760166,1098594,1.386725633332896,1863707909128,INR,71.99632844950268,25.9291,INR,4.511523672097313,0.145344925039701,Finance,Strong buy
TVSMOTOR,TVS Motor Company Limited,3876.4,INR,0.16019843935714623,576740,0.446338778360997,1838610961697,INR,53.6941384406759,72.1941,INR,43.759968935750784,0.310073513262103,Consumer durables,Buy
WIPRO,Wipro Limited,178.53,INR,0.7960704607046052,12504426,0.9592758542559484,1752765116124,INR,14.167698314446243,12.6012,INR,-1.8391717884601935,6.20942703923229,Technology services,Neutral
VAML,Vedanta Aluminium Metal Limited,437.15,INR,0.355831037649209,4182120,0.4587533854030178,1703560481956,INR,,,,,0,Non-energy minerals,Strong buy
SOLARINDS,Solar Industries India Limited,18628,INR,0.7245593165350924,55560,0.5220626926257235,1673084166778,INR,100.4827790813712,185.385,INR,38.70464518590842,0.0540857746299857,Process industries,Strong buy
PIDILITIND,Pidilite Industries Limited,1611.3,INR,2.571774142211462,1161586,0.9423456170462772,1598846972492,INR,67.09556527170518,24.015,INR,17.836113837095198,0.636577757973136,Process industries,Buy
DLF,DLF Limited,650.9,INR,0.8834469931803985,2658172,0.5926095491489547,1597813588379,INR,36.49606387512055,17.8348,INR,1.0773773427714897,0.929512006196747,Finance,Strong buy
HYUNDAI,Hyundai Motor India Limited,1984.6,INR,1.6388405203318652,338046,0.43764027990148996,1587055310472,INR,29.69051312854469,66.8429,INR,-3.7044240163770246,1.07515871390539,Consumer durables,Buy
ABB,ABB India Limited,7327.5,INR,-0.6508033353670938,370848,0.6747993605156634,1561701162938,INR,52.153618831246476,140.4984,INR,57.780048738306746,0.534078727763681,Producer manufacturing,Sell
CUMMINSIND,Cummins India Limited,5629.5,INR,0.5178109097402018,343112,0.8743326470915784,1552832915452,INR,66.07378855918179,85.2002,INR,18.09103244862288,0.955041638030294,Producer manufacturing,Neutral
JIOFIN,Jio Financial Services Limited,236.17,INR,0.6220442247880276,6984152,0.3284691376687146,1550087490967,INR,73.40399080002486,3.2174,INR,25.817300172063202,0.212992545260916,Finance,Strong buy
VBL,Varun Beverages Ltd.,464.5,INR,1.596675415573056,5407996,1.0492069702549023,1546801243403,INR,49.36395421745645,9.4097,INR,11.256015228726485,0.32801224579051,Consumer non-durables,Strong buy
ICICIAMC,ICICI Prudential Asset Management Company Ltd.,3143.9,INR,0.5854875863834202,178886,0.3046359894028105,1545002737304,INR,,,,,0.871748936306344,Finance,Buy
TRENT,Trent Limited,2938.3,INR,1.6536931326760138,789065,0.911385618226026,1541707533875,INR,91.11120758086922,32.2496,INR,11.180214158157117,0.138348465196714,Retail trade,Buy
MOTHERSON,Samvardhana Motherson International Limited,148.97,INR,2.3497080041222858,13920800,0.9412160006611935,1536145961164,INR,40.73668954579015,3.6569,INR,-11.420889448696837,0.400778735829653,Producer manufacturing,Buy
TECHM,Tech Mahindra Limited,1575,INR,0.9939083039435717,1513324,0.5174246739853989,1529184424118,INR,27.230290456431533,57.84,INR,12.990818519242051,2.88406075754663,Technology services,Buy
TMCV,Tata Motors Limited,411.1,INR,1.2187615413024857,8607193,1.4196673972173626,1495827082306,INR,49.99391949410191,8.223,INR,,0.984736582964057,Consumer durables,Buy
CHOLAFIN,Cholamandalam Investment and Finance Co. Ltd.,1785.2,INR,3.5258640686615603,1963093,1.742110931978095,1471432114171,INR,28.896082874716736,61.78,INR,22.118995848982006,0.115894999130788,Finance,Buy
BHEL,Bharat Heavy Electricals Limited,415.95,INR,-0.3235082674335065,9042974,0.4542888023044442,1452716823072,INR,59.54306655023834,6.9857,INR,739.324762705755,0.119846596356663,Producer manufacturing,Neutral
TATACAP,Tata Capital Ltd.,350.55,INR,2.5299795261772546,939267,1.1049499331748258,1449410619884,INR,29.55260118530758,11.8619,INR,16.10418338781983,0,Finance,Strong buy
BSE,BSE Ltd.,3536.8,INR,-0.3634109924782274,2557303,1.1508647181329814,1445789496934,INR,57.70212793727292,61.2941,INR,87.748031978436,0.169028086880581,Finance,Buy
IDEA,Vodafone Idea Ltd,13.06,INR,-0.5331302361005352,247499082,0.8005290728233547,1422544012711,INR,4.0910941954077,3.1923,INR,,0,Communications,Neutral
POWERINDIA,Hitachi Energy India Limited,31550,INR,1.5448986160283231,125914,1.1270548113802872,1384841088375,INR,142.35694367989316,221.626,INR,150.51544061129448,0.0193115434751122,Electronic technology,Neutral
CGPOWER,CG Power & Industrial Solutions Ltd,877.3,INR,1.106373170450606,4921275,1.2926519796406355,1364483233094,INR,110.52737672285635,7.9374,INR,21.12620173966123,0.150054827725515,Producer manufacturing,Buy
PFC,Power Finance Corporation Limited,420.1,INR,1.9907744598203558,4447916,0.8336941609061224,1359971974659,INR,5.352485574025729,78.4869,INR,12.660082966110215,4.04028148507644,Finance,Strong buy
BPCL,Bharat Petroleum Corporation Limited,316.25,INR,1.9667902627760838,5954256,0.7162213172100534,1345793210675,INR,7.887989304759483,40.0926,INR,-1.1777059136710557,7.25338491295938,Energy minerals,Buy
POLYCAB,Polycab India Ltd.,9010,INR,1.1507156890261014,232047,0.5233191832732352,1341573919195,INR,47.48150408335665,189.7581,INR,29.270672035740542,0.527769667841984,Producer manufacturing,Buy
SIEMENS,Siemens Limited,3718,INR,0.764269066074037,273869,0.7491561123724594,1312873921380,INR,72.17889805846917,51.5109,INR,-32.46668624499835,0.325503173655943,Producer manufacturing,Neutral
UNIONBANK,Union Bank of India Limited,170.11,INR,-0.22873900293254334,13706219,0.5871193210911844,1301529732422,INR,6.290282620833997,27.0433,INR,9.751870911186503,2.78592375366569,Finance,Buy
BRITANNIA,Britannia Industries Ltd,5384.5,INR,0.09294544102611767,238867,1.1255742328992984,1296774717617,INR,51.192462552825354,105.1815,INR,16.282913465652356,1.39308103087996,Consumer non-durables,Buy
BANKBARODA,Bank of Baroda,244,INR,-0.9941164536417078,14707217,1.4832754312781382,1275257855489,INR,6.948102797750409,35.1175,INR,-6.666436328264112,3.44687753446878,Finance,Buy
PNB,Punjab National Bank,111.62,INR,1.1233919188258825,12850732,0.514516141928332,1269395558969,INR,5.808005911032714,19.2183,INR,31.335337934804897,2.71616115889543,Finance,Buy
GROWW,Billionbrains Garage Ventures Limited,199.38,INR,-1.3702696017808609,25644994,0.5783979417066714,1269148627446,INR,51.76684408671946,3.8515,INR,34.92730775967772,0,Miscellaneous,Strong buy
APOLLOHOSP,Apollo Hospitals Enterprise Limited,8843.5,INR,0.43154846402816427,135186,0.4972267176695601,1265923189771,INR,65.51551191888181,134.9833,INR,34.231469539111444,0.227161727792102,Health services,Strong buy
BOSCHLTD,Bosch Limited,41250,INR,-1.209435995689139,22295,1.1598326969296557,1231944460272,INR,43.870354328887274,940.2705,INR,37.61412100119134,1.22586723522644,Producer manufacturing,Buy
LTM,LTM Limited,4190.8,INR,2.419473092526516,468632,0.9624394922379605,1214575252817,INR,23.77219354472744,176.29,INR,10.818456122705543,1.83163601729064,Technology services,Buy
HDFCLIFE,HDFC Life Insurance Co. Ltd.,552.85,INR,-0.3963606882262737,1368559,0.39992678017240035,1205940873670,INR,60.4207650273224,9.15,INR,4.847026469577174,0.378310214375788,Finance,Strong buy
MUTHOOTFIN,Muthoot Finance Ltd,3025.9,INR,1.3124853517259945,517845,0.7446647423256801,1198825053424,INR,11.47088871998317,263.7895,INR,99.72100031042025,1.00465490104149,Finance,Buy
TATAPOWER,Tata Power Company Limited,377.35,INR,0.7879273504273625,2369047,0.7472657131106292,1196814408028,INR,32.196274839381246,11.7203,INR,-5.625296926458871,0.667467627820051,Utilities,Buy
SBIFUNDS,SBI Funds Management Limited,583.2,INR,-0.6981099948918627,4053030,,1196025213145,INR,,,,,0,Finance,Strong buy
TMPV,Tata Motors Passenger Vehicles Ltd,327.65,INR,1.1890055589870183,4777294,0.6306870307029048,1192604529557,INR,1.4894887959893588,219.9748,INR,258.72962549229044,0.926354793886058,Consumer durables,Neutral
BAJAJHLDNG,Bajaj Holdings & Investment Limited.,10810,INR,1.2267066204700816,69044,1.0086248203162433,1188314258713,INR,12.484320974779477,865.8861,INR,47.787731151385444,1.35802122259373,Finance,No rating
ENRIN,Siemens Energy India Limited,3264.6,INR,0.7530399358064346,327391,0.9326451586437701,1153866111917,INR,88.75488687462956,36.7822,INR,,0.123452979846301,Producer manufacturing,Buy
IRFC,Indian Railway Finance Corp. Ltd.,88.13,INR,0.5820588906642216,5143354,0.841483350418976,1145062519292,INR,16.428065466204377,5.3646,INR,7.824653789721231,0,Finance,Strong sell
LODHA,Lodha Developers Ltd.,1198.7,INR,4.772310112752394,4971286,2.8501659749205555,1143389733768,INR,29.094660194174757,41.2,INR,39.001349527665326,0.371373645578469,Finance,Strong buy
CANBK,Canara Bank,127.26,INR,1.28133704735376,48778366,2.160618035771005,1140180849174,INR,5.857794512287743,21.7249,INR,12.350607911380955,3.34128878281623,Finance,Buy
CIPLA,Cipla Ltd,1409.4,INR,-0.08507018290088035,1162030,0.7312635082814084,1139789005575,INR,33.798561151079134,41.7,INR,-37.509366102202904,0.921397689418102,Health technology,Buy
GMRAIRPORT,GMR Airports Ltd,108,INR,0.8215085884988754,10608220,0.6114522868798082,1130866269142,INR,982.7115559599637,0.1099,INR,,0,Transportation,Strong buy
GAIL,GAIL (India) Limited,174.23,INR,2.4761792730266907,10641180,1.716357170062814,1117766933594,INR,15.10577423270331,11.534,INR,-39.085704628514684,3.52941176470588,Utilities,Buy
INDIANB,Indian Bank,831.25,INR,0.6234112092966926,936950,0.39009393313691315,1113131073608,INR,8.75795591152805,94.9137,INR,16.568087306597373,2.20837366892546,Finance,Strong buy
MARICO,Marico Limited,858.65,INR,0.35647498831229013,1006199,0.6528841064024363,1111159024653,INR,63.22715089393538,13.5804,INR,8.022717510619001,1.22692217807899,Consumer non-durables,Strong buy
ZYDUSLIFE,Zydus Lifesciences Limited,1108.2,INR,-0.04509786236132407,607249,0.514479846251395,1106131970630,INR,22.125148239691104,50.0878,INR,11.369083882902792,0.991974028316349,Health technology,Buy
LLOYDSME,Lloyds Metals & Energy Ltd.,2014.9,INR,3.834063385725333,1480673,2.6496482669602863,1089214680421.0001,INR,30.445754004230885,66.18,INR,147.0066585052701,0.0515583511639298,Non-energy minerals,Buy
GODREJCP,Godrej Consumer Products Limited,1073.7,INR,1.3402548371873568,318835,0.7000829555540073,1083884533628,INR,59.01460937242358,18.1938,INR,0.516010695896218,1.88821752265861,Consumer non-durables,Strong buy
LUPIN,Lupin Limited,2410,INR,1.6663151233916893,1179096,1.5281013622841118,1083395196785.9999,INR,20.69380044650524,116.46,INR,62.381483547127715,0.506446643735888,Health technology,Neutral
ABCAPITAL,Aditya Birla Capital Ltd.,400.45,INR,1.6757648851085352,1675500,0.5010819991757194,1078458860739.9999,INR,28.121488764044944,14.24,INR,12.391475927387532,0,Finance,Strong buy
TATACONSUM,Tata Consumer Products Limited,1107.4,INR,1.783088235294126,2360635,1.7313726363127697,1077335052145.0001,INR,67.0172656907184,16.5241,INR,22.823800498011675,0.918611060077163,Consumer non-durables,Buy
HDFCAMC,HDFC Asset Management Co. Ltd.,2552.4,INR,1.8637506485213822,554072,0.44739388170666505,1074076450841.0001,INR,37.23956813539539,68.54,INR,12.934585598945475,2.15508640300116,Finance,Strong buy
UNITDSPR,United Spirits Limited,1482,INR,1.0087241003271508,1154306,1.072596858440225,1067896542817.0001,INR,63.46813531303666,23.3503,INR,9.511169057747065,1.22599100939926,Consumer non-durables,Buy
GVT&D,GE Vernova T&D India Limited,4202.3,INR,1.080001924279611,1316155,1.6276823296563916,1064321452263,INR,87.24510345343039,48.1666,INR,102.73332603772948,0.120286281349612,Producer manufacturing,Buy
JINDALSTEL,Jindal Steel Limited,1065.7,INR,2.88665765591814,2617855,2.205962343704414,1056760253401,INR,39.89264136676374,26.7142,INR,-8.757992240013115,0.193059510594141,Non-energy minerals,Buy
AMBUJACEM,Ambuja Cements Limited,430.95,INR,1.3642243913912766,1140841,0.6645477009037011,1055923073411,INR,23.240826628125202,18.5428,INR,9.258462716907763,0.470643605130015,Non-energy minerals,Buy
MAXHEALTH,Max Healthcare Institute Ltd,1114.6,INR,3.1654942613846555,1759824,1.0753927546844302,1052595222656,INR,75.51490514905149,14.76,INR,34.18181818181818,0.13869625520111,Health services,Buy
INDUSTOWER,Indus Towers Limited,387.4,INR,-1.8246325392802953,3923875,1.0385549334055721,1040306052260,INR,14.298052010363689,27.0946,INR,-27.486491332774875,0,Finance,Neutral
INDHOTEL,Indian Hotels Co. Ltd.,733.75,INR,0.8660389030173832,1143931,0.43366548021928314,1035404654112,INR,48.671362997160976,15.0756,INR,9.733302276829901,0.446796810558152,Consumer services,Strong buy
LGEINDIA,LG Electronics India Limited,1526.8,INR,-0.02619172341540669,97519,0.3878912413720958,1035297602951,INR,61.49013290374547,24.83,INR,,0,Consumer durables,Strong buy
MANKIND,Mankind Pharma Ltd.,2551.6,INR,1.7708998085513759,185805,0.4660452061717975,1034720067115,INR,55.13396715643906,46.28,INR,-6.06860158311346,0.039913786221761,Health technology,Buy
VEDL,Vedanta Limited,264.65,INR,0,7084059,0.543611227344602,1034688672646,INR,5.991623273715191,44.17,INR,14.163866632204716,16.0619803476946,Non-energy minerals,Buy
BHARATFORG,Bharat Forge Ltd,2181.3,INR,1.3803680981595219,704988,0.8326622709224425,1028775050192,INR,96.59891058854791,22.581,INR,12.757287952781857,0.371773125450194,Producer manufacturing,Neutral
JSWENERGY,JSW Energy Limited,549.7,INR,-0.35348499954680174,1125093,0.4324014807584948,1011899195507,INR,49.615943533319495,11.0791,INR,-10.865909877149086,0.36238448994383,Utilities,Buy
HEROMOTOCO,Hero Motocorp Limited,5113.8,INR,2.049450220510463,564495,0.8564858400926015,1002625671106,INR,17.835518973214285,286.72,INR,31.155939801472947,3.49245629440409,Consumer durables,Buy
LENSKART,Lenskart Solutions Limited,572,INR,2.896204353300958,4051944,0.9443517429776503,966380877726,INR,200.25206553703964,2.8564,INR,,0,Health technology,Buy
SHREECEM,Shree Cement Limited,26860,INR,0.44876589379207177,12362,0.7422440242811424,964775673360,INR,55.58334262826436,483.2383,INR,55.2909127952527,0.523572936514912,Non-energy minerals,Buy
DRREDDY,Dr. Reddy's Laboratories Ltd.,1150.8,INR,-0.07814535035166197,1053461,0.3698082493426219,961574539007,INR,29.0016506848452,39.6805,INR,-41.712068887005394,0.694082942911678,Health technology,Neutral
RECLTD,REC Limited,368.15,INR,1.8113938053097218,9400642,2.1926214696394624,951778890713,INR,6.058247378571758,60.7684,INR,-5.070882378211184,4.70327846175128,Finance,Buy
OFSS,Oracle Financial Services Software Limited,11089,INR,4.1025159594442355,460067,0.7227819912100515,928223913163,INR,28.389656938044034,390.6,INR,41.804320203303696,3.75220442009681,Technology services,Strong buy
MAZDOCK,Mazagon Dock Shipbuilders Ltd.,2330.3,INR,1.5912459673903565,496352,1.0299502986397697,925615888812,INR,34.049199873756564,68.4392,INR,14.385230695177512,0.837164709214913,Producer manufacturing,Buy
NYKAA,FSN E-Commerce Ventures Ltd.,326.75,INR,1.223667905824036,3589386,0.7338131561391383,924462913087,INR,471.5007215007215,0.693,INR,199.74048442906576,0,Retail trade,Buy
IDBI,IDBI Bank Limited,84.48,INR,-0.5298481102084103,4321340,0.25031214295059606,913524093281,INR,9.748554679837062,8.6659,INR,17.717615735709636,2.47175141242938,Finance,No rating
ASHOKLEY,Ashok Leyland Limited,155.06,INR,2.641159727278751,9544585,0.7324766920310342,887833070643,INR,26.224905711434708,5.9127,INR,11.860077944681978,2.31558054912339,Producer manufacturing,Buy
AUROPHARMA,Aurobindo Pharma Ltd,1549.4,INR,1.1357702349869512,850225,1.053998282313478,881191205841,INR,25.67727244855514,60.3413,INR,0.7708789456192953,0.261181847861574,Health technology,Buy
LAURUSLABS,Laurus Labs Ltd.,1713.4,INR,7.007244566575071,7989771,5.432656888102623,865641916803,INR,84.68594926948856,20.2324,INR,114.56265377110373,0.124820570430007,Health technology,Neutral
FEDERALBNK,Federal Bank Ltd. (India),356.5,INR,0.6209427039232256,6585012,0.7019878222764523,865478649994,INR,19.07437132156233,18.69,INR,14.38188494492045,0.338791643139469,Finance,Buy
MEESHO,Meesho Limited,182.1,INR,-1.6950982509177364,7308444,0.6960667077119164,856246123535,INR,,-2.6908,INR,,0,Retail trade,Buy
DIXON,Dixon Technologies (India) Ltd.,13810,INR,-0.260002888920988,205726,0.32921769869585776,846528100379,INR,56.69346161409282,243.5907,INR,33.45797556902605,0.0577815496289341,Electronic technology,Buy
ICICIGI,ICICI Lombard General Insurance Co. Ltd.,1681,INR,1.1553736911782433,904443,0.3515455511059924,829649854568,INR,34.72423053088205,48.41,INR,-9.480179506357517,0.812518808305748,Finance,Buy
PAYTM,One 97 Communications Ltd.,1289.4,INR,0.4831670822942679,2199063,0.5615707534362856,822638909912,INR,128.81118881118883,10.01,INR,125.45045045045042,0,Finance,Buy
PERSISTENT,Persistent Systems Limited,5268.2,INR,1.3017979040476844,557415,1.0186197361308622,820796897095,INR,44.3283641115437,118.8449,INR,31.782955191872457,0.711107694377444,Technology services,Neutral
NTPCGREEN,NTPC Green Energy Limited,93.69,INR,-2.7304817275747464,7973373,0.5438527417439045,811371330937,INR,130.7606420097697,0.7165,INR,7.971669680530449,0,Utilities,Neutral
HINDPETRO,Hindustan Petroleum Corporation Limited,393.95,INR,3.371818420362101,7119104,0.9528746331372483,811232331848,INR,50.18535267965197,7.8499,INR,-83.64467872322695,0,Energy minerals,Neutral
BHARTIHEXA,Bharti Hexacom Limited,1614.3,INR,0.41677034088081893,175287,1.096355052739027,803525024414,INR,46.56992845603508,34.664,INR,16.04177825388324,0.622258174916773,Communications,Buy
NHPC,NHPC Limited,79.72,INR,0.4156694797833459,6965651,0.3931239303788576,797575729195,INR,21.28591263483926,3.7452,INR,24.470736814118112,2.40554156171285,Utilities,Buy
SRF,Srf Limited,2636.5,INR,-1.0582804818553615,1098350,1.2643541347321368,788845675761,INR,36.151302077620066,72.9296,INR,51.08273446126373,0.338193296257328,Process industries,Buy
WAAREEENER,WAAREE Energies Limited,2741.4,INR,1.4581791265729123,710887,1.033567345362616,776903140736,INR,21.277553554796647,128.84,INR,98.53242562738653,0.074050761797212,Electronic technology,Buy
INDUSINDBK,IndusInd Bank Ltd.,1006.65,INR,1.0642036042367373,1979222,0.720905588970442,775977273332,INR,59.51261905184187,16.9149,INR,30.708837870627235,0.150609970380039,Finance,Neutral
HAVELLS,Havells India Limited,1237.4,INR,0.8558154698834461,828132,0.519310277750968,769892657352,INR,47.54567635588173,26.0255,INR,15.580020695198812,0.815128790348875,Producer manufacturing,Buy
LTF,L&T Finance Ltd,312.25,INR,3.25727513227514,5922451,0.8910866851785533,757711615957,INR,24.644830307813734,12.67,INR,19.303201506591343,0.909391534391535,Finance,Buy
NAUKRI,Info Edge India Ltd.,1194.3,INR,2.471042471042467,2342436,1.3423589693748121,755474888491,INR,54.38524590163934,21.96,INR,48.17813765182187,0.720968157239722,Technology services,Buy
DABUR,Dabur India Limited,427.35,INR,0.980623818525528,853775,0.6518469078433416,751091432190,INR,40.08347793462458,10.6615,INR,7.131373218915169,1.88946622579121,Consumer non-durables,Buy
AUBANK,AU Small Finance Bank Limited,1052.2,INR,4.800796812749009,5047131,3.6788639916205423,750971353714,INR,27.78452601003433,37.87,INR,29.42583732057415,0.0997755051134946,Finance,Buy
NMDC,NMDC Limited,83.52,INR,-0.04786979415989259,11291198,0.6515799046771068,734732257610,INR,9.850915267031514,8.4784,INR,13.94167450611478,4.18810577958598,Non-energy minerals,Neutral
OIL,Oil India Limited,442,INR,-1.7231795441912174,3806947,0.9838764008674773,731973504639,INR,10.859977542942366,40.6999,INR,1.0585097930157663,2.66666666666667,Energy minerals,Buy
ICICIPRULI,ICICI Prudential Life Insurance Co. Ltd.,509.8,INR,1.8479672360403556,1911594,0.728287350874639,725837628518,INR,46.17753623188406,11.04,INR,35.128518971848216,0.329802118728763,Finance,Strong buy
TORNTPOWER,Torrent Power Limited,1440,INR,0.41140785161425925,342490,0.9323575914907704,723907804549,INR,30.0286523391069,47.9542,INR,-21.418505263433882,1.39217597104274,Utilities,Neutral
YESBANK,Yes Bank Limited,22.94,INR,-0.04357298474944667,47752439,0.6139228550233786,720640020327,INR,19.249811194092473,1.1917,INR,36.41254578754578,0,Finance,Sell
PHOENIXLTD,Phoenix Mills Ltd.,2036.6,INR,1.2881086188889372,402381,0.5971914942499053,719662040611,INR,59.50533958598122,34.2255,INR,15.669674541214635,0.124239035905081,Finance,Buy
SUZLON,Suzlon Energy Ltd,53.15,INR,1.6641162968630403,45205048,0.877233802773138,718798778479,INR,23.06957767264204,2.3039,INR,52.41465996295316,0,Producer manufacturing,Buy
ATGL,Adani Total Gas Ltd.,660.5,INR,1.1717852492915641,671241,0.43233141666519065,718395943699,INR,114.9035366978063,5.7483,INR,-2.409086278903937,0.0382731169626454,Utilities,No rating
FORTIS,Fortis Healthcare Ltd.,942.3,INR,-0.6746073574365016,1227263,1.5844201348392124,713548694890,INR,68.28656733723693,13.7992,INR,34.56070209653827,0.105803311643654,Health services,Strong buy
POLICYBZR,PB Fintech Limited,1553.2,INR,1.0408534998698933,638636,0.4178131182652613,711879238300,INR,107.86111111111111,14.4,INR,88.9763779527559,0,Technology services,Buy
NAM_INDIA,Nippon Life India Asset Management Ltd.,1153.9,INR,3.72134831460675,1164795,1.1891765682614068,711312597004,INR,45.75337034099921,25.22,INR,20.32442748091602,1.93232373163169,Finance,Buy
BIOCON,Biocon Limited,436.25,INR,0.599561858641767,2570388,0.26363228834909996,702304057011,INR,158.52107558139537,2.752,INR,-67.39297858979371,0.11528706479133,Health technology,Buy
BAJAJHFL,Bajaj Housing Finance Ltd.,85.5,INR,1.556004276042288,2127865,0.851311597131874,701415959555,INR,27.8157329689635,3.0738,INR,14.723995073340046,0,Finance,Neutral
IDFCFIRSTB,IDFC First Bank Ltd.,84.88,INR,5.06250773610594,177923165,12.263691292042846,696504390094,INR,45.148936170212764,1.88,INR,-7.589461266221013,0.309291104787826,Finance,Buy
MCX,Multi Commodity Exchange of India Limited,2755.1,INR,0.919413919413916,932313,0.5577625579927672,696025741943,INR,52.69650972411365,52.2824,INR,137.60083256454422,0.219812426729191,Finance,Buy
SWIGGY,Swiggy Limited,257.98,INR,2.6091798584042762,23908041,1.3957919909431773,693942791160,INR,,-17.1767,INR,-26.792450044659006,0,Transportation,Buy
PRESTIGE,Prestige Estates Projects Limited,1644.6,INR,3.2521346057257627,652716,0.9601374020469093,685765580085,INR,59.246076919751566,27.7588,INR,141.51107553637615,0.113058224985868,Finance,Strong buy
ALKEM,Alkem Laboratories Ltd.,5613,INR,-0.36389455933256415,112113,0.7762671212484197,673820539435,INR,29.186490913345292,192.315,INR,6.184971608916408,0.904961317339768,Health technology,Buy
SAIL,Steel Authority of India Limited,162.62,INR,0.7246825642613911,13672214,1.3038772938683039,667286389461,INR,15.728033270467625,10.3395,INR,40.73474165623127,0.99040544722996,Non-energy minerals,Sell
OBEROIRLTY,Oberoi Realty Limited,1832.6,INR,0.625960904897862,300191,0.7801487004885042,661792472565,INR,25.343273715930195,72.3111,INR,27.494803136278595,0.439536289214878,Finance,Buy
JSWINFRA,JSW Infrastructure Limited,321.8,INR,-0.278896808180966,3153852,0.7289169876898541,658841861355,INR,45.270384334027355,7.1084,INR,-6.83617300131062,0.279156327543424,Industrial services,Buy
COFORGE,Coforge Limited,1528.4,INR,2.9433555600458035,3779933,1.5855520094396538,657263048364,INR,33.27672545177444,45.93,INR,88.9656874845717,1.06418805145821,Technology services,Buy
PIRAMALFIN,Piramal Finance Limited,2044.8,INR,-1.946868706243413,343746,0.7403256350775644,654760307200,INR,27.617504051863854,74.04,INR,255.72381917852974,0.527223926380368,Finance,Buy
IOB,Indian Overseas Bank,34.12,INR,0.7083825265643295,2152227,0.295312676039486,652028143863,INR,11.02708292935169,3.0942,INR,50.605986858116324,0,Finance,No rating
UNOMINDA,UNO Minda Limited,1162.4,INR,3.141082519964516,923914,1.3431401381731392,651411241859,INR,56.01927710843374,20.75,INR,26.678876678876684,0.234918664952795,Producer manufacturing,Buy
BANKINDIA,Bank of India,137.87,INR,-3.3305286776048235,26282058,2.9519843430384687,649438057955,INR,5.328638679106728,25.8734,INR,24.12936158780266,3.25972660357518,Finance,Neutral
SCHAEFFLER,Schaeffler India Ltd,4185.5,INR,1.8940039438128438,88323,1.0529999105838872,641454596191,INR,52.1918585439151,80.1945,INR,23.80929590598495,0.852847291600673,Producer manufacturing,Buy
NATIONALUM,National Aluminium Co. Ltd.,339.35,INR,-1.323059028787425,3868006,0.6096241153056451,631709500404,INR,10.75083161729764,31.565,INR,10.049298180778592,3.7796191306876,Non-energy minerals,Neutral
GICRE,General Insurance Corporation of India,359.2,INR,0.4755244755244723,314450,0.716082630629572,627022558018,INR,6.521482584264563,55.0795,INR,30.023464868795045,2.79798545047566,Finance,Buy
MAHABANK,Bank of Maharashtra,80.63,INR,-0.4936443292607747,13344525,0.8794194062143879,624092782268,INR,8.229650421025772,9.7975,INR,28.38740958171716,2.71136307616465,Finance,Buy
GLENMARK,Glenmark Pharmaceuticals Limited,2196,INR,0.18248175182481752,593586,1.067239662265338,618936917023,INR,45.52153877726162,48.2409,INR,30.008004074801736,0,Health technology,Strong buy
GODREJPROP,Godrej Properties Limited,2078.8,INR,2.4695617883373657,732918,0.9318245156513177,610449529880,INR,33.844661016121314,61.4218,INR,24.612600476362438,0,Finance,Buy
ABBOTINDIA,Abbott India Limited,27800,INR,-0.7320121406891626,6597,0.4817297581493165,595053746982,INR,38.06205017810438,730.3863,INR,9.726809072822615,1.69621957294548,Health technology,Buy
KALYANKJIL,Kalyan Jewellers India Ltd.,564.6,INR,-1.5604568041147122,16629166,0.317619058250538,591863403107,INR,43.217011244383556,13.0643,INR,88.60240511628578,0.261734426801605,Retail trade,Strong buy
JSL,Jindal Stainless Limited,724,INR,1.3650682534126708,338590,0.7047112357307891,589088983436,INR,18.703177473521052,38.71,INR,27.366949082832946,0.419844657476734,Non-energy minerals,Strong buy
SBICARD,SBI Cards & Payment Services Ltd,645,INR,4.242424242424243,2047438,0.9295563373599437,589001807600,INR,26.980561446660058,23.9061,INR,21.120816318258726,0.403909847322078,Finance,Neutral
COROMANDEL,Coromandel International Limited,2003.8,INR,1.1611470113085622,85074,0.5606353260751376,584471845089,INR,32.26211560135244,62.11,INR,-19.00104329681795,0.7571360068647,Process industries,Buy
BERGEPAINT,Berger Paints India Limited,504,INR,1.214981423837737,173146,0.8312401823537726,580552790796,INR,52.14908014816961,9.6646,INR,-4.548103228610085,0.763205462944366,Process industries,Neutral
LINDEINDIA,Linde India Ltd.,6766.5,INR,0.5274104887832417,17244,0.8356189608551962,574423363861,INR,105.1214571124962,64.3684,INR,20.691956919569186,0.0668111767675268,Process industries,Strong sell
HDBFS,HDB Financial Services Limited,686.3,INR,-0.7519884309472228,306980,0.4242984314309796,573956391386,INR,20.679472693032015,33.1875,INR,22.28260869565217,0.578703703703704,Finance,Buy
COLPAL,Colgate-Palmolive (India) Limited,2136.6,INR,2.4207851972580414,381885,1.408701907115718,567973983955,INR,43.84819977343249,48.7272,INR,-7.760280312796368,2.29857536214534,Consumer non-durables,Neutral
APARINDS,APAR Industries Limited,14051,INR,1.166390668874649,193959,1.628559553646783,556630076437,INR,47.88209234963367,293.45,INR,33.730232693794896,0.368087532658747,Electronic technology,Buy
MRF,MRF Limited,132020,INR,0.9674582233948988,3983,0.7975251291498138,554548363222,INR,23.135195796621264,5706.457,INR,29.471082648913242,0.179726196699233,Consumer durables,Neutral
RADICO,Radico Khaitan Limited,4149.5,INR,1.4225307359518935,515365,1.790683574035757,548075056122,INR,91.95955065144017,45.1231,INR,74.77109348371704,0.0977839707625927,Consumer non-durables,Strong buy
RBLBANK,RBL Bank Ltd.,362.85,INR,2.8194956078209255,6318621,0.8303582192824397,546563559144.00006,INR,26.40829694323144,13.74,INR,45.111209682529626,0.283326250177079,Finance,Buy
THERMAX,Thermax Limited.,4454.5,INR,-1.3181214000886132,152455,0.7016528918012628,538288600636.00006,INR,69.6504266274308,63.9551,INR,13.552204991992497,0.309905921416713,Producer manufacturing,Neutral
TIINDIA,Tube Investments of India Limited,2849.3,INR,2.97434044091074,262758,1.376316037587605,535584147993,INR,86.6153939688716,32.896,INR,-5.198847262247844,0.126495355813365,Non-energy minerals,Buy
MOTILALOFS,Motilal Oswal Financial Services Limited,869.3,INR,-0.30391650897414885,1491913,0.7686137340840153,524198774025,INR,26.935494865740825,32.2734,INR,-29.409680375683784,0.689219458962725,Technology services,Strong buy
MFSL,Max Financial Services Limited,1511.1,INR,-0.2903332233586335,556988,0.9180033902579118,523418334373,INR,538.7357838069094,2.8049,INR,-70.56181190373736,0,Finance,Strong buy
FACT,Fertilizers & Chemicals Travancore Ltd.,819.55,INR,1.2665266279500804,75961,0.6923212233399229,522445965944,INR,,-0.6108,INR,-195.85687382297553,0.04830319544216,Process industries,No rating
KRT.RR,Knowledge Realty Trust,118.04,INR,1.1569114748478948,350586,0.5539758519457005,517671778125,INR,143.75837291438313,0.8211,INR,,1.87682028439267,Finance,Strong buy
UPL,UPL Limited,608.5,INR,1.004232716407993,1543100,0.856358809624072,508274285109,INR,26.73362153802896,22.7616,INR,133.62962658838507,0.996512207274539,Process industries,Buy
APLAPOLLO,APL Apollo Tubes Limited,1849.9,INR,1.4867237217467708,282780,0.86801201673896,506920957899,INR,42.69624021972442,43.327,INR,58.83262947973486,0.314947691296489,Non-energy minerals,Strong buy
VMM,Vishal Mega Mart Ltd.,110.31,INR,2.101073676416138,14442715,1.2031427344805936,505905328125,INR,58.2602725256153,1.8934,INR,26.98859825620388,0,Retail trade,Strong buy
TATACOMM,Tata Communications Limited,1735.2,INR,-2.2587731650988516,387586,1.0588849833429967,505505708203,INR,52.35463081416399,33.1432,INR,-33.680705629992474,0.986693730266126,Communications,Buy
FLUOROCHEM,Gujarat Fluorochemicals Ltd.,4563.5,INR,-0.22301418982442703,122548,0.446860801773616,505057359440,INR,87.18703132313746,52.3415,INR,5.30599023824949,0.0652500163125041,Process industries,Buy
M&MFIN,Mahindra & Mahindra Financial Services Ltd.,363,INR,1.8232819074333801,3518187,0.3633317531273167,495187127420,INR,15.507850048061519,23.4075,INR,30.499138647146367,1.82353766306635,Finance,Buy
SUNDARMFIN,Sundaram Finance Limited,4416.8,INR,-0.6969737847924816,45216,1.0038296313563555,494162188635,INR,23.643830805928733,186.8056,INR,9.541300758087514,0.831881288291833,Finance,Buy
ATHERENERG,Ather Energy Limited,1214.9,INR,0.5129477951518197,1911132,0.33641588820343143,476576299774,INR,,-13.6762,INR,,0,Consumer durables,Strong buy
AEGISLOG,Aegis Logistics Limited,1291.3,INR,-4.319798458802605,1130343,0.5607170515986905,473639408569,INR,50.46447008984575,25.5883,INR,35.392128850651346,0,Distribution services,Buy
RVNL,Rail Vikas Nigam Ltd.,223.95,INR,-0.2583173740702857,3968892,0.997961427904666,468191251749,INR,53.34683182467841,4.198,INR,-31.692077387441614,1.21131151191271,Industrial services,Strong sell
HINDCOPPER,Hindustan Copper Ltd,482.4,INR,-0.1552312946289972,1932275,0.6896346566474014,467411049930,INR,50.808897876643066,9.4944,INR,97.39698116345795,0.508947967311472,Non-energy minerals,Strong buy
KEI,KEI Industries Limited,4873,INR,0.1027115858668858,136296,0.4948069161733276,465536659769,INR,50.749843782545305,96.02,INR,27.533536990304142,0.0924100542138985,Producer manufacturing,Buy
PREMIERENE,Premier Energies Limited,1039.9,INR,2.020994800353197,547770,0.4455149607042092,462372302492,INR,31.078807295853874,33.4601,INR,60.94788690390294,0,Electronic technology,Buy
BDL,Bharat Dynamics Ltd.,1256.4,INR,1.0780370072405545,667606,0.8160513760597663,455417258949,INR,109.54365529147123,11.4694,INR,-23.509796860203007,0.414520283322601,Electronic technology,Buy
AIIL,Authum Investment & Infrastucture Ltd,551.7,INR,3.878742233101115,283202,0.39100058856770403,450853851904,INR,22.269943850839415,24.7733,INR,-48.53392112217254,0.0188359389715577,Finance,No rating
PAGEIND,Page Industries Limited,39970,INR,-0.7572936064556176,11464,0.41814846021133567,449387943813,INR,58.36695481182754,684.8053,INR,4.756453837914498,1.36510808553519,Consumer non-durables,Buy
GODREJIND,Godrej Industries Limited,1332.9,INR,0.0525446629635224,57846,0.30346493308096534,448668771858,INR,36.19601080802183,36.8245,INR,26.387015509862277,0,Process industries,No rating
360ONE,360 One Wam Limited,1132.7,INR,2.7578699083734093,928617,0.5716045290489016,447882610977,INR,37.66877286331892,30.07,INR,13.25800376647834,1.08962135657859,Finance,Strong buy
IPCALAB,IPCA Laboratories Limited,1777.6,INR,0.8452941510183163,119666,0.3987014034145467,447125104339,INR,39.521192394571614,44.9784,INR,54.69040183791667,0.226924604300221,Health technology,Strong buy
SONACOMS,Sona BLW Precision Forgings Ltd.,720.9,INR,0.41089212340691295,2803460,0.8270686695693007,446909747530,INR,64.41495778045838,11.1915,INR,17.818905346934894,0.473735544099206,Producer manufacturing,Buy
SUPREMEIND,Supreme Industries Limited,3338.2,INR,-3.489548700453909,184892,1.0998150636570048,439417728956,INR,44.44971145370343,75.1006,INR,-0.718102475021084,1.04068801040688,Producer manufacturing,Buy
VOLTAS,Voltas Limited,1319.3,INR,-0.602727341219016,314808,0.4537909028479701,439216405460,INR,116.13760805647986,11.3598,INR,-55.32544960456821,0.301340967304505,Producer manufacturing,Neutral
MPHASIS,Mphasis Limited,2332.7,INR,1.9492155063152796,726071,1.1634114361134065,436964278253,INR,23.336334533813524,99.96,INR,9.677419354838703,2.48984405713537,Technology services,Buy
JKCEMENT,J.K. Cement Ltd.,5730,INR,1.4338821030270845,39940,0.37702756152657463,436725518588,INR,46.82478134134612,122.3711,INR,-5.467713153442679,0.265331753135337,Non-energy minerals,Buy
ANTHEM,Anthem Biosciences Limited,790.55,INR,2.6821665151318324,527906,0.43526412291936795,433749944809,INR,77.88669950738915,10.15,INR,,0.259773996622938,Health technology,Strong buy
AIAENG,AIA Engineering Limited,4634.5,INR,1.123718088588261,70317,1.1652227804806914,427855195378,INR,34.135361494546224,135.7683,INR,20.064467918588264,0.348979235735474,Producer manufacturing,Buy
GLAXO,GlaxoSmithKline Pharmaceuticals Limited,2551.2,INR,1.4676052976971576,67921,0.9240663217341498,425759720924,INR,41.7178355520598,61.1537,INR,11.686464017766474,2.26797970754999,Health technology,Buy
WELCORP,Welspun Corp Limited,1599.8,INR,0.18160185359132464,944994,0.8011500688230389,421260464701,INR,18.276222517978628,87.5345,INR,14.679025284946936,0.313096840852876,Producer manufacturing,Strong buy
AJANTPHARM,Ajanta Pharma Limited,3386.1,INR,0.492654696542511,81968,0.851313091867617,420589522517,INR,40.07081413773965,84.5029,INR,15.105396146485317,0.831736695925975,Health technology,Buy
CPPLUS,Aditya Infotech Limited,3557.8,INR,0.4063893435683268,134944,0.7615367077578052,416619136744,INR,112.89728878960196,31.5136,INR,,0,Consumer durables,Strong buy
EMBASSY.RR,Embassy Office Parks REIT,437.95,INR,-0.006849627836894278,765622,1.4572398242150288,415613480173,INR,122.62354752904942,3.5715,INR,-79.15937259295566,5.76563426538339,Finance,Strong buy
PIIND,PI Industries Limited,2742.6,INR,0.41739894551845674,72244,0.3337808755626234,414380127239,INR,31.503425334148123,87.0572,INR,-20.44892155751876,0.549199084668192,Process industries,Neutral
PETRONET,Petronet Lng Limited,272.9,INR,-0.6552602839461272,1308556,0.6370525451168226,412125033539,INR,10.461830992934717,26.0853,INR,-1.5072967207234436,3.63967242948135,Utilities,Buy
NLCINDIA,NLC India Limited,298.45,INR,1.9296448087431615,2030451,1.0181716305214956,406215207924,INR,11.749167381839081,25.4018,INR,34.371197934850464,1.74091141833077,Utilities,Buy
ASTERDM,Aster DM Quality Care Limited,801.5,INR,2.0174377903646694,485747,1.0943964751992343,406206889648,INR,106.5130433627025,7.5249,INR,-93.02322347120801,1.02040816326531,Health services,Strong buy
POONAWALLA,Poonawalla Fincorp Limited,465.1,INR,1.1746791385686393,664006,0.4834710813002429,403620579099,INR,49.061181434599156,9.48,INR,,0,Finance,Buy
NH,Narayana Hrudayalaya Ltd.,2054,INR,4.715778740759623,398068,2.2938945000308295,400986537069,INR,51.872354610932085,39.5972,INR,1.9327402281807273,0.229340264505772,Health services,Buy
3MINDIA,3M India Limited,35195,INR,-0.8591549295774649,1279,0.2597639986189248,400090224754,INR,75.90725834715639,463.6579,INR,9.714274491374804,0.450501182565604,Producer manufacturing,Buy
HSCL,Himadri Speciality Chemical Ltd.,790.45,INR,0.11398898106517524,7101930,0.5147409616680834,398234675137,INR,49.65543668766922,15.9187,INR,29.000810372771475,0.101355631572279,Process industries,Neutral
IRCTC,Indian Railway Catering & Tourism Corp. Ltd.,494,INR,-0.2120997879002144,517297,0.5977137000633768,396160009766,INR,28.361139497766708,17.4182,INR,5.973972244361563,1.91841680129241,Consumer services,Buy
ASTRAL,Astral Limited,1465.8,INR,-0.15666507731080678,385986,0.5669532969236236,394364969414,INR,73.37768633517054,19.9761,INR,2.4777998368653553,0.255458292176164,Producer manufacturing,Buy
GLAND,Gland Pharma Ltd.,2427.1,INR,1.9875619799983077,300623,0.728457387776228,392331885972,INR,38.940764985239376,62.328,INR,47.00450721366458,0.756827212142872,Health technology,Buy
HUDCO,Housing & Urban Development Corp. Ltd.,202.16,INR,3.3854965735910834,3848410,1.7369452770683198,391871929779,INR,10.029966857845958,20.1556,INR,48.93887443840151,2.32439335887612,Finance,Neutral
BALKRISIND,Balkrishna Industries Limited,2025.2,INR,0.5810777253538637,177608,1.0343058437394994,389340809479,INR,31.494348683432964,64.3036,INR,-24.886430669851713,0.794438927507448,Consumer durables,Neutral
NAVINFLUOR,Navin Fluorine International Limited,7711,INR,2.5398936170212765,145527,1.2673211971742675,385985265155,INR,59.237919643543066,130.17,INR,123.89060887512898,0.200657785455633,Process industries,Buy
EXIDEIND,Exide Industries Limited,427,INR,-3.611738148984198,5848999,1.2280322802270685,376507510376,INR,42.49052172788154,10.0493,INR,7.442372663901139,0.451518230048538,Producer manufacturing,Neutral
PWL,PhysicsWallah Ltd.,123.09,INR,-3.873486919172204,10401923,1.5578744223207766,373344111850,INR,,-0.0754,INR,,0,Commercial services,Buy
PATANJALI,Patanjali Foods Limited,346.85,INR,1.7304590115852863,6854453,0.5173506498740843,371018989258,INR,20.794364508393286,16.68,INR,39.25413880331606,1.22189736070381,Process industries,Strong buy
ENDURANCE,Endurance Technologies Ltd.,2732.8,INR,3.7509491268033477,60908,0.38496203344495133,370977159550,INR,40.39078319218434,67.659,INR,13.792929462814099,0.37916848351565,Producer manufacturing,Buy
UBL,United Breweries Limited,1428.7,INR,2.152152152152162,334806,1.8486456759693621,369744170127,INR,91.4286079967235,15.6264,INR,-6.456749476204718,0.715102974828375,Consumer non-durables,Neutral
MEDANTA,Global Health Limited,1407.2,INR,2.640408460977392,320048,1.5820527219089349,368461915329,INR,67.96655767159479,20.7043,INR,15.493562710578573,0.0364856976065382,Health services,Strong buy
COCHINSHIP,Cochin Shipyard Limited,1402.3,INR,0.7110025854639374,847899,1.0683070997840831,366195278916,INR,51.487002496695546,27.236,INR,-13.393263143166953,0.700456194547218,Producer manufacturing,Neutral
CONCOR,Container Corporation of India Limited,510.5,INR,6.899801067950998,13227175,5.129063038014714,363901032842,INR,31.270865109555228,16.3251,INR,-4.145357610489044,2.42779405609041,Transportation,Buy
KPRMILL,K.P.R. Mill Limited,1056,INR,-0.5181347150259068,225674,0.5874132281333855,362989355684,INR,41.65680473372781,25.35,INR,6.304462690698057,0.47083196007345,Consumer non-durables,Buy
LTTS,L&T Technology Services Ltd.,3498.1,INR,2.340481554079752,106805,0.2827921611988132,362531843521,INR,28.12655785157192,124.37,INR,3.979600367862223,1.69694841861962,Commercial services,Buy
NHIT,National Highways Infra Trust Units,171,INR,1.7857142857142856,825000,2.0121951219512195,361415040771,INR,46.11899239441178,3.7078,INR,46.10868108917524,6.70355029585799,Miscellaneous,No rating
NUVAMA,Nuvama Wealth Management Limited,1916.6,INR,-3.206908741982728,475623,0.707657958847722,361370544166,INR,34.355058435505846,55.788,INR,3.826397677361716,1.4142842711385,Finance,Strong buy
EMCURE,Emcure Pharmaceuticals Limited,1924.8,INR,2.3285486443381154,253294,1.8577023498694516,356911649966,INR,39.465590630612894,48.7716,INR,34.07705122636479,0.159434538835596,Health technology,Strong buy
BAGMANE.RR,Bagmane Prime Office REIT,104.77,INR,0.13380483608907634,2153384,1.4411039578118936,355402000000,INR,,,,,0,Finance,Strong buy
DELHIVERY,Delhivery Limited,470,INR,1.6106366879256273,2718387,0.6952667769079683,346475208328,INR,235.47094188376752,1.996,INR,-6.7289719626168285,0,Transportation,Buy
STARHEALTH,Star Health & Allied Insurance Co. Ltd.,592.05,INR,1.9369834710743803,380389,0.8481386563971438,342286927004,INR,62.923127610504714,9.4091,INR,-13.349664324458729,0,Finance,Buy
DALBHARAT,Dalmia Bharat Ltd.,1826.5,INR,0.8670201016125494,305803,0.8691857077484104,339259909325,INR,36.71902956419648,49.7426,INR,-0.21524616899932614,0.497581202487906,Producer manufacturing,Buy
ANANDRATHI,Anand Rathi Wealth Ltd.,2052.1,INR,0.4896919837422261,110241,0.4979054647609972,339023052297,INR,73.81017466118033,27.8024,INR,44.081507853837266,0.318346556959546,Finance,Sell
IREDA,Indian Renewable Energy Development Agency Ltd.,120.29,INR,-0.15770252324036996,4198411,1.1252078569769792,338512359741,INR,17.932586949716008,6.7079,INR,6.156134770292302,0.497925311203319,Finance,Neutral
HEXT,Hexaware Technologies Limited,562.95,INR,2.011416145691768,270444,0.7452931399818061,337005862494,INR,24.942401417811254,22.57,INR,3.6962164893983642,2.58362795757411,Technology services,Buy
BLUESTARCO,Blue Star Limited,1643.2,INR,0.3664793549963352,135209,0.4101126066350711,336591389313,INR,64.02568508496105,25.6647,INR,-10.746069338229924,0.549786194257789,Producer manufacturing,Buy
KIMS,Krishna Institute of Medical Sciences Limited,800.45,INR,0.32587579118882276,392176,0.8076429694825311,334850157990,INR,132.68080027847304,6.0329,INR,-37.21745826915872,0,Health services,Strong buy
ITCHOTELS,ITC Hotels Ltd,165.43,INR,3.4454727363681963,2555776,0.6117432347020748,333067900592,INR,39.87994792922231,4.1482,INR,119.5860462654174,0.625390869293308,Consumer services,Strong buy
GODFRYPHLP,Godfrey Phillips India Ltd.,2210.5,INR,3.798835462058607,1459627,7.365284296935157,331788829153,INR,22.593724862500753,97.8369,INR,42.354185642491096,1.73945653706925,Consumer non-durables,No rating
MANAPPURAM,Manappuram Finance Limited,359.85,INR,1.954951126221854,3881990,0.9566070160775202,331444755889,INR,30.391453063637517,11.8405,INR,-17.592321933157944,0.566813093382457,Finance,Neutral
HONAUT,Honeywell Automation India Limited,37525,INR,0.48199223456955415,2166,0.4509869242941617,331389578936,INR,63.19583838773733,593.7891,INR,0.2673733130228202,0.280141564870781,Electronic technology,Buy
KARURVYSYA,Karur Vysya Bank Ltd.,339.65,INR,0.2213042195337858,2727470,0.21875693698709905,327549383861,INR,11.960475672325575,28.3977,INR,36.956049944779096,0.639229974922555,Finance,Strong buy
AEGISVOPAK,Aegis Vopak Terminals Limited,303.49,INR,3.707627118644076,3083157,1.102715134114341,324696882385,INR,143.0544426113599,2.1215,INR,,0,Transportation,Strong buy
UCOBANK,UCO Bank,26.66,INR,3.0139103554868667,16555999,3.4014660697678205,324272992888,INR,,,,,1.7014694508894,Finance,No rating
SCHNEIDER,Schneider Electric Infrastructure Limited,1352,INR,-0.04435901227265334,190172,0.9027908986038387,323675119725,INR,152.0638848273535,8.891,INR,-20.64370442435224,0,Producer manufacturing,Strong buy
MINDSPACE.RR,Mindspace Business Parks REIT,494.07,INR,1.956292948678268,81184,0.811289134677554,320570367035,INR,46.96393604684321,10.5202,INR,31.174563591022462,4.97470314919979,Finance,Buy
TATAINVEST,Tata Investment Corporation Limited,649.95,INR,3.043995243757439,222641,1.3754750878510955,319458719133,INR,75.82686810943243,8.5715,INR,38.95823876532002,0.538485904339563,Finance,No rating
ESCORTS,Escorts Kubota Limited,2954.1,INR,1.686688926370865,53545,0.5669173123386703,319382541134,INR,13.578947368421051,217.55,INR,89.95023138042436,0.964353366626485,Producer manufacturing,Neutral
CRISIL,CRISIL Limited,4486.3,INR,3.1997607655502476,59947,0.5436807441226033,318137479149,INR,37.09994732259001,120.9247,INR,21.52454515488451,1.42518906742064,Technology services,Strong buy
KIRLOSENG,Kirloskar Oil Engines Limited,2283.1,INR,4.609392898052687,537005,1.4432215845887946,317153623599,INR,57.91730086250634,39.42,INR,17.391304347826097,0.297953290091907,Producer manufacturing,Strong buy
HFCL,HFCL Limited,192.54,INR,-2.189484378968759,26152896,1.088049136199835,301299119157,INR,50.08323795650817,3.8444,INR,1536.6113239676456,0.0508001016002032,Electronic technology,Strong buy
WOCKPHARMA,Wockhardt Limited,1865.2,INR,0.8652390222799048,269719,0.42177896242178065,300582051004,INR,142.29369626414203,13.1081,INR,,0,Health technology,No rating
MRPL,Mangalore Refinery & Petrochemicals Ltd.,162.29,INR,-4.39469808541974,11048279,0.28940531070638414,297416003355,INR,9.055603604608988,17.9215,INR,,2.35710076605775,Energy minerals,Buy
LICHSGFIN,LIC Housing Finance Ltd,551.75,INR,2.374988403376928,763125,0.6700124928521123,296428957814,INR,5.416227380440524,101.8698,INR,2.9629577221359167,1.85563184264242,Finance,Neutral
TVSHLTD,TVS Holdings Limited,14694,INR,0.41686598783571377,6708,0.3648547216813341,295817382431,INR,15.087902898553105,973.8928,INR,53.59592821896169,0.588187016113588,Producer manufacturing,No rating
IKS,Inventurus Knowledge Solutions Limited,1829,INR,3.932265030117062,129614,1.1594667029259058,294921504046,INR,43.32070108953103,42.22,INR,,0,Commercial services,Strong buy
LALPATHLAB,Dr. Lal PathLabs Limited,1827.2,INR,3.865393360618463,2106429,6.055131872080489,294489265196,INR,56.403766013273646,32.395,INR,5.435313262815302,0.796948824500484,Health services,Buy
ABSLAMC,Aditya Birla Sun Life Amc Limited,989.2,INR,-2.733529990167154,469490,0.9497672666612856,294152328092,INR,28.426349260173517,34.7987,INR,3.4751709782931726,2.36011407218016,Technology services,Buy
GRSE,Garden Reach Shipbuilders & Engineers Ltd.,2647.5,INR,3.18419206485306,479760,1.7795364436645187,293877427817,INR,40.547432455405485,65.2939,INR,41.818707048592096,0.693835389502816,Producer manufacturing,Buy
PGHH,Procter & Gamble Hygiene & Health Care Ltd.,8993.5,INR,0.21171095882778984,6458,0.4638967905065655,290976414721,INR,34.08482795945067,263.8564,INR,0.9086723134889014,2.62161212411939,Consumer non-durables,Buy
STLTECH,Sterlite Technologies Limited,555.4,INR,-1.5510059381370205,3815968,1.8083005291787564,289974425568,INR,120.38060558770619,4.6137,INR,,0,Technology services,Strong buy
TATATECH,Tata Technologies Limited,713.3,INR,0.32348804500702594,395025,0.39008450176820536,288702864899,INR,51.97312815132173,13.7244,INR,-18.6620281746902,1.17440225035162,Technology services,Sell
CUPID,Cupid Limited,221.46,INR,3.7623576816754913,24777700,0.6148230683763131,287152310811,INR,279.4095382286147,0.7926,INR,163.67265469061877,0,Consumer non-durables,No rating
SHYAMMETL,Shyam Metalics & Energy Ltd.,1035.1,INR,0.7445617791619897,215142,0.2565272913931685,286738178467,INR,25.90625594409795,39.9556,INR,20.812520409767647,0.438062788999757,Producer manufacturing,Strong buy
NIACL,New India Assurance Co. Ltd.,165.57,INR,-4.405311778290991,2134634,3.296045857943396,285433594971,INR,35.469151670951156,4.668,INR,-35.76529839963672,1.03926096997691,Finance,Buy
CHOLAHLDNG,Cholamandalam Financial Holdings Ltd,1526.5,INR,0.6461396452825182,107079,0.6535635353552,285083739440,INR,11.741422569683207,130.0098,INR,12.312495464644977,0.0856277170333289,Finance,Strong buy
RRKABEL,RR Kabel Ltd.,2525.3,INR,1.271254411292921,1757341,2.9150706282259438,282424450722,INR,58.04233254190619,43.5079,INR,57.89590198440925,0.380456547857429,Producer manufacturing,Buy
BIRET.RR,Brookfield India Real Estate Trust,343.44,INR,1.3067461136839642,318274,1.229612951281251,281611767781,INR,45.757834150500955,7.5056,INR,3615.643564356436,6.30635940354806,Finance,Strong buy
ANGELONE,Angel One Limited,304.2,INR,-1.2177301509985388,7603595,0.9632247085922206,281363827637,INR,27.52941176470588,11.05,INR,2.3053420979538983,2.15909090909091,Finance,Buy
CENTRALBK,Central Bank of India,31.25,INR,0.708991298743148,7486343,0.5803788948550928,280864990639,INR,6.196339698213471,5.0433,INR,3.765199679032174,3.86722526587174,Finance,Strong buy
CDSL,Central Depository Services (India) Limited,1329,INR,-0.307553821918829,835504,0.50292150549479,278617894897,INR,60.890122879841655,21.8262,INR,-13.38156448303642,0.937664091215963,Finance,Neutral
METROBRAND,Metro Brands Ltd.,1031.7,INR,0.9589979450044103,12365,0.2065615232596795,278234693841,INR,68.50597609561753,15.06,INR,17.289719626168228,0.538793103448276,Retail trade,Buy
JUBLFOOD,Jubilant Foodworks Limited,427.45,INR,2.1996413628212768,1229160,0.8398510684876695,276079233863,INR,65.63834034581248,6.5122,INR,103.16341174268422,0.286806883365201,Consumer services,Buy
PNBHOUSING,PNB Housing Finance Limited,1078.5,INR,1.9376181474480152,937828,1.579167067284009,275691109329,INR,12.286397812713602,87.78,INR,18.206302181524368,0.472612127227185,Finance,Strong buy
BANDHANBNK,Bandhan Bank Ltd.,169.43,INR,2.109323208581932,13639409,0.44619719211839115,267438948486,INR,20.18345345166478,8.3945,INR,-34.13702198440221,0.903614457831325,Finance,Neutral
ACUTAAS,Acutaas Chemicals Ltd,3367.8,INR,3.32259549010585,526067,1.6191913138679614,266666524412.99997,INR,71.64967864231964,47.0037,INR,103.53208625617043,0.0460525305865557,Health technology,Buy
APOLLOTYRE,Apollo Tyres Limited.,419.95,INR,0.07148814488264302,529821,0.8018384345973668,266393102131.00003,INR,19.43367238331467,21.6094,INR,22.39264151157128,2.02646322565264,Consumer durables,Buy
PTCIL,PTC Industries Ltd,17923,INR,1.077148657793819,14951,0.9993315954815855,265873353469.99997,INR,264.69967080535275,67.7107,INR,64.78632270625455,0,Producer manufacturing,Strong buy
MSUMI,Motherson Sumi Wiring India Ltd,41.74,INR,4.063824482672657,12207219,1.7333447401378508,265863334977.00003,INR,44.277076482444045,0.9427,INR,-17.343270495396762,1.41348702918468,Producer manufacturing,Buy
SJVN,SJVN Limited,68.04,INR,0.6806747558449363,1134315,0.6178858006567599,265418352621.00003,INR,41.63759867817147,1.6341,INR,-21.625899280575535,2.16168196624223,Utilities,Neutral
ITI,ITI Limited,276.1,INR,0.3452662184263295,142075,0.2039792866446294,264147820233.99997,INR,114.81204258150368,2.4048,INR,,0,Communications,No rating
ZFCVINDIA,ZF Commercial Vehicle Control Systems India Limited,2299.1,INR,-0.9264845298629665,160091,0.6363086775363256,263795479766,INR,52.408545481070824,43.8688,INR,3.220463010675261,0.136615112491641,Producer manufacturing,Strong buy
SAILIFE,SAI Life Sciences Ltd.,1287,INR,4.388028226133499,476995,1.3088857259438962,261599628925,INR,78.76376988984089,16.34,INR,,0,Commercial services,Strong buy
SUMICHEM,Sumitomo Chemical India Ltd.,538.85,INR,3.535402055913148,1891044,2.8206771257506467,259605677532,INR,49.53621562985503,10.8779,INR,7.412710324670196,0.23072486060373,Process industries,Strong buy
ACMESOLAR,ACME Solar Holdings Ltd.,362.4,INR,-0.9430094300943134,2262264,1.1608542808356601,258751339360,INR,44.41176470588235,8.16,INR,95.67876070118224,0.0546373446250512,Industrial services,Strong buy
DATAPATTNS,Data Patterns (India) Limited,4578.9,INR,-0.12215072526993921,657193,0.49111503505808063,256546545467,INR,94.46328662672674,48.4728,INR,22.34334419476884,0.172394980905619,Electronic technology,Buy
AMBER,Amber Enterprises India Ltd.,7280.5,INR,0.26165392825173867,171342,0.5924725672566427,256070425052,INR,141.92007797270955,51.3,INR,-28.50174216027875,0,Producer manufacturing,Buy
GILLETTE,Gillette India Limited,7940.5,INR,1.4306699878648528,15054,1.1719552829072337,254712114147,INR,39.54418485592929,200.8007,INR,17.496571078156013,2.13642411216866,Consumer non-durables,Strong buy
NBCC,NBCC (INDIA) LIMITED,94.9,INR,1.129582267689687,6593505,0.8228018068057577,253394995880,INR,35.63917680636924,2.6628,INR,32.86099191697435,0.724560468833245,Commercial services,Strong buy
NXST.RR,Nexus Select Trust,167.5,INR,0.7337021890786618,216340,1.0936503170140122,251899056473,INR,62.89190102504412,2.6633,INR,-16.429759327245915,3.74511336982017,Finance,Strong buy
ACC,ACC Limited,1358.1,INR,1.2827205608173478,206361,1.2088777923969243,251484692051,INR,13.39481211164809,101.39,INR,-20.992753058521007,0.560035842293907,Non-energy minerals,Buy
RUBICON,Rubicon Research Limited,1556,INR,2.3549532956189942,221234,0.6916164706970999,251232933713,INR,103.24738232054463,15.0706,INR,,0,Health technology,Strong buy
SYRMA,Syrma SGS Technology Limited,1316.2,INR,2.1656446479857245,1172726,1.745040983820003,249551583487,INR,78.17260692161952,16.8371,INR,76.73962105705137,0.11590619325426,Electronic technology,Buy
GUJENERGY,Gujarat Energy Ltd,265.55,INR,0.03767187794312403,626631,0.741380107931369,248912645255,INR,16.14236649341965,16.4505,INR,-1.3829940292065246,2.19374293252921,Utilities,Buy
CEMPRO,Cemindia Projects Ltd,1369,INR,-4.996530187369882,558725,0.9567752824304394,247571678566,INR,39.33150801426162,34.8067,INR,60.38845241112366,0.208167088783263,Industrial services,Strong buy
AWL,AWL Agri Business Ltd,187.64,INR,-0.2763605442176925,790854,0.32778383891477636,244599506459,INR,23.3162682041851,8.0476,INR,-14.668645954829817,0.53134962805526,Process industries,Buy
CREDITACC,CreditAccess Grameen Ltd.,1591.1,INR,4.843173431734318,3825382,14.79544678367504,243137298103,INR,21.138567822505646,75.27,INR,523.0960264900662,0,Finance,Strong buy
CRAFTSMAN,Craftsman Automation Ltd.,9327,INR,0.4631624299870745,16833,0.3664733390809102,243129015134,INR,57.94448958900229,160.9644,INR,91.43080386609249,0.0537871534762637,Producer manufacturing,Buy
PPLPHARMA,Piramal Pharma Limited,192.05,INR,5.946929993931704,15154930,2.7095677523081405,241173708256,INR,,-2.4673,INR,-458.3587509077705,0.077284018768976,Health technology,Strong buy
NEULANDLAB,Neuland Laboratories Ltd.,18994,INR,2.4156152270031277,27760,1.2025905950137763,238261926938,INR,66.9483379759636,283.7113,INR,39.94125365006709,0.0646173976958513,Health technology,Strong buy
GODIGIT,Go Digit General Insurance Limited,254.8,INR,-0.5464480874316852,2772521,2.392913714817422,237160692169,INR,47.98493408662901,5.31,INR,6.6265060240963685,0,Finance,Buy
IIFL,IIFL Finance Limited,573.2,INR,2.9916449555296185,1874996,0.7435292199279263,236979768381,INR,11.662258392675485,49.15,INR,552.4105341403845,0.71800394902172,Finance,Strong buy
IRB,IRB Infrastructure Developers Limited,19.62,INR,0.0509943906170401,4354101,0.619852948210767,236970370136,INR,27.68058690744921,0.7088,INR,-86.79016717296905,0.790010193679918,Industrial services,Buy
NETWEB,Netweb Technologies India Limited,4362.2,INR,4.961501443695857,992864,1.4573570724746217,236580027613,INR,120.17675807615804,36.2982,INR,79.06909055030712,0.0601706439462315,Electronic technology,Strong buy
TIMKEN,Timken India Limited,3126.9,INR,-0.0031979533098787675,19146,0.2690613208541495,235261632977,INR,57.852845185497664,54.0492,INR,-9.127866801842014,1.15100553122103,Producer manufacturing,Buy
FORCEMOT,Force Motors Limited,17268,INR,-1.9977298524404088,113614,1.3402302647100457,232259281023,INR,18.778852584702218,919.545,INR,51.312105478546556,0.226923316938124,Consumer durables,No rating
CGCL,Capri Global Capital Limited,244.27,INR,2.535364983419393,2052332,0.9430442849411473,229136952715,INR,24.281312127236582,10.06,INR,74.65277777777779,0.0839806844425782,Finance,Strong buy
EMMVEE,Emmvee Photovoltaic Power Limited,333.6,INR,0.7854984894259888,2340536,0.48297395953006667,228958530632,INR,18.124327672197413,18.4062,INR,,0,Electronic technology,Strong buy
ASAHIINDIA,Asahi India Glass Limited,878.15,INR,-1.142631993695821,119814,1.4065548597953101,225890972457,INR,64.40788605125347,13.6342,INR,-10.732384406877319,0.225708159349961,Consumer durables,Strong buy
DEEPAKNTR,Deepak Nitrite Limited,1678.9,INR,1.7761881668283332,95397,0.46937317521749783,224980337868,INR,41.60131229108281,40.3569,INR,-21.05334199283243,0.45468323734465,Process industries,Neutral
PFOCUS,Prime Focus Limited,287.75,INR,-0.5323377925265376,623243,0.6910021145511989,224483419723,INR,70.28063405221894,4.0943,INR,,0,Consumer services,No rating
GRINDWELL,Grindwell Norton Limited,2014.6,INR,0.1491350169019686,54759,0.3881632158307702,222740962456,INR,51.12380507685319,39.4063,INR,17.92291348714726,0.845035416925562,Process industries,Buy
KPIL,Kalpataru Projects International Limited,1298.4,INR,-0.11539349180706207,161452,1.2464005755991063,222627642223,INR,21.319286861316268,60.9026,INR,72.43091732729332,0.843784758178959,Industrial services,Strong buy
BELRISE,Belrise Industries Limited,232.66,INR,1.9276263909576825,3264364,0.7201709297473056,220897491826,INR,41.1787610619469,5.65,INR,-4.475290378210214,0.240805604203152,Producer manufacturing,Strong buy
TATAELXSI,Tata Elxsi Limited,3554.4,INR,0.46353872244206024,512981,0.7390097047237146,220503072017,INR,33.82259883242379,105.0895,INR,-12.155514484921584,2.1190032208849,Technology services,Sell
TENNIND,Tenneco Clean Air India Limited,540.45,INR,0.09260116677470136,882273,1.9276523783409403,217885776404,INR,36.13237506267759,14.9575,INR,9.352039361616571,0,Producer manufacturing,Buy
CUB,City Union Bank Limited,221.45,INR,0.7736063708759903,1372673,0.7545376490195816,217725494110,INR,16.588014981273407,13.35,INR,18.272425249169437,0.68259385665529,Finance,Buy
AADHARHFC,Aadhar Housing Finance Ltd,502,INR,1.4141414141414141,223206,0.751424284423952,216416280304,INR,20.26645135244247,24.77,INR,19.143819143819147,0,Finance,Strong buy
CESC,CESC Ltd,162.32,INR,-0.5270253707562285,766356,0.6481533166820154,216200545969,INR,14.010374858661972,11.5857,INR,12.181920291258365,3.67872470876763,Utilities,Strong buy
RAMCOCEM,Ramco Cements Limited,919.75,INR,0.5411018801923967,58579,0.6983567235566492,216065752241,INR,31.107105170594444,29.5672,INR,156.24377096206678,0.218722659667542,Non-energy minerals,Neutral
THANGAMAYL,Thangamayil Jewellery Ltd.,7309.5,INR,5.835082892926953,301466,1.5537226032092242,214646219477,INR,64.60614074318937,113.1394,INR,176.41359158783524,0.181007269251933,Consumer durables,Buy
KAYNES,Kaynes Technology India Ltd.,3181.3,INR,0.1605692336754727,614724,0.8494104034134271,212908767018,INR,58.845399726240245,54.062,INR,19.07929515418502,0,Electronic technology,Neutral
KIOCL,KIOCL Ltd,355.35,INR,1.8924731182795764,63446,1.018120314265174,212378628836,INR,1295.9518599562364,0.2742,INR,,0,Non-energy minerals,No rating
ANANTRAJ,Anant Raj Ltd.,616.9,INR,5.174324439519227,4640775,1.4407971766829901,211445681485,INR,38.78605739003596,15.9052,INR,27.929348175793066,0.124244745128074,Consumer durables,Strong buy
PFIZER,PFIZER LIMITED,4692.6,INR,1.4923436283415519,36458,1.63142751025851,211249302934,INR,29.715798272499306,157.916,INR,-5.884568599860429,0.757953093531412,Health technology,Strong buy
IGL,Indraprastha Gas Limited,150.27,INR,0.6294783365700112,1779530,0.9465100271725443,209020241199,INR,13.578941661244851,11.0664,INR,-9.807820828375363,3.18151373074347,Utilities,Buy
GRANULES,Granules India Limited,842.8,INR,1.1097114750164958,917482,0.7630943529993192,206575909055,INR,31.3052522100884,26.922,INR,36.162249645964,0.179931625982127,Health technology,Strong buy
CUBEINVIT,CUBE HIGHWAYS TRUST Units,155,INR,0,25000,0.2222222222222222,205306647003,INR,96.20158887785502,1.6112,INR,,8.8379705400982,Miscellaneous,No rating
GESHIP,Great Eastern Shipping Co. Ltd.,1398.6,INR,-2.7331525140830504,488878,1.135382517341548,205213506159,INR,6.799552724974475,205.69,INR,25.520229450173915,2.44190900236538,Transportation,Strong buy
EIHOTEL,EIH Limited,330.65,INR,1.3020833333333335,98370,0.600579516190698,203462245238,INR,32.911631795831426,10.0466,INR,-15.034293784832926,0.461041954817888,Consumer services,Strong buy
AFFLE,Affle 3i Limited,1492.8,INR,3.286514910399225,159012,0.4791235412693104,203359257720,INR,46.159554730983295,32.34,INR,18.897058823529427,0,Technology services,Strong buy
CARBORUNIV,Carborundum Universal Limited,1073.1,INR,0.8268345391336986,79889,0.4677988293464437,202713662416,INR,104.93839233326813,10.226,INR,-33.3389829403597,0.375886858055725,Process industries,Sell
REDINGTON,Redington Limited,278.15,INR,7.373093997297805,8059901,5.027993667394946,202557755455,INR,14.591858147098938,19.062,INR,-7.142370008086424,2.62446931686607,Distribution services,Strong buy
URBANCO,Urban Company Limited,130.42,INR,0.5086313193588137,1019935,0.7223077361609942,200175054902,INR,,-1.6125,INR,,0,Technology services,Neutral
ASTRAZEN,AstraZeneca Pharma India Limited,8167.5,INR,2.0236087689713322,6363,0.862908365993572,200002502441,INR,108.88838523890786,75.008,INR,62.01831691722827,0.399995000062499,Health technology,No rating
SANSERA,Sansera Engineering Limited,3273,INR,2.772631645052915,106918,0.38760636988533637,198889526511,INR,62.91810841983852,52.02,INR,44.91905760825055,0.101971981237155,Producer manufacturing,Buy
DEEPAKFERT,Deepak Fertilisers and Petrochemicals Corporation Ltd.,1634.5,INR,3.8965166539537215,326561,1.0787912263251263,198389069654,INR,27.98810954832037,58.3998,INR,-21.033117525840115,0.636314466609398,Process industries,Strong buy
HATSUN,Hatsun Agro Product Limited,874.65,INR,-1.3756554095957654,53203,1.1740729870307556,197432915254,INR,54.94308759234132,15.9192,INR,25.095869742880495,1.12822248547414,Consumer non-durables,Sell
SUNDRMFAST,Sundram Fasteners Limited,958.3,INR,1.881777588773116,42536,0.2686968430521374,197384081289,INR,34.06114157961521,28.1347,INR,9.6625701111254,0.851652738595838,Producer manufacturing,Buy
GABRIEL,Gabriel India Limited,1437.8,INR,5.449211587825445,662635,0.47415589717242546,195937518129,INR,74.50397185244296,19.2983,INR,11.167243673565794,0.355558813826473,Producer manufacturing,Buy
TRITURBINE,Triveni Turbine Limited,623.4,INR,1.8960444589735246,1575560,2.1458498556117998,194424548855,INR,56.64440507019218,11.0055,INR,-2.0688734650293643,0.694898626553303,Producer manufacturing,Buy
ERIS,Eris Lifesciences Ltd,1403.5,INR,0.20705411966300807,38227,0.4329556896292009,193857454738,INR,30.952548981554177,45.3436,INR,75.41044487427466,0.515404961040818,Health technology,Strong buy
HBLENGINE,HBL Engineering Limited,713.75,INR,2.168622960206123,657729,0.8719762735336709,193634526346,INR,24.262521330622956,29.4178,INR,194.4695248295813,0.429461026411853,Producer manufacturing,No rating
KAJARIACER,Kajaria Ceramics Limited,1220,INR,0.419787636842531,206695,0.6109230481393588,193166714962,INR,40.07555227067422,30.4425,INR,64.90436440655013,0.989568300828763,Producer manufacturing,Buy
SUNTV,Sun TV Network Limited,488.7,INR,0.3696857670979691,194633,1.1530220227780987,191820676483,INR,7.27227814120154,67.2004,INR,55.470109198593384,2.56805341551104,Consumer services,Buy
J&KBANK,Jammu & Kashmir Bank Ltd.,177.51,INR,2.8626064785304504,3410387,0.5651142932438691,190174213546,INR,8.285142193035272,21.4251,INR,13.330335889976192,1.24493341053851,Finance,Strong buy
BAYERCROP,Bayer Cropscience India Limited,4238.5,INR,0.49792531120331945,14477,0.2844819116115467,189585980553,INR,27.63886434491946,153.3529,INR,21.337992117729257,2.96317367753559,Process industries,Buy
ONESOURCE,OneSource Specialty Pharma Limited,1688.9,INR,2.116210169901445,717187,2.8127451195712876,189555377379,INR,,-4.2508,INR,40.36977807704177,0,Health technology,Buy
AETHER,Aether Industries Ltd.,1480.1,INR,3.684763572679503,224382,1.2791253820154453,189533482149,INR,89.50178689129291,16.5371,INR,38.69915289776062,0,Process industries,Neutral
SAGILITY,Sagility Limited,43.29,INR,7.100445324096976,111335747,5.5886578078622655,189406551407,INR,20.317266625991458,2.1307,INR,49.90150555790066,0.123578843302027,Commercial services,Strong buy
IFCI,IFCI Limited,70.39,INR,0.385054192812316,5755522,0.485974728380597,189006145871,INR,104.71585837548348,0.6722,INR,6.970082749840876,0,Finance,No rating
CAMS,Computer Age Management Services Ltd,785.05,INR,3.0993499244861655,1440127,1.448889448719018,188921034147,INR,41.03334727158686,19.132,INR,0.7583737097114067,1.61597582605268,Technology services,Strong buy
ATUL,Atul Limited,6789.5,INR,5.961763558330082,328187,4.421652674990266,188278558773,INR,25.130380388716777,270.171,INR,59.22308239942291,0.390933470941915,Process industries,Buy
CAPLIPOINT,Caplin Point Laboratories Limited,2621.4,INR,6.2543066758542505,354020,3.679345487652024,187342218783,INR,31.170035671819267,84.1,INR,19.73234624145786,0.284015986042643,Health technology,Strong buy
SAMMAANCAP,Sammaan Capital Ltd,164.96,INR,2.68924302788846,4635674,0.5983926013439316,184109702217,INR,,-87.3681,INR,-185.89037958115182,0,Finance,No rating
SHRIPISTON,SPR Auto Technologies Ltd,4241.8,INR,1.968797326858832,37326,0.5837276875776067,183242857562,INR,33.79462542922473,125.517,INR,9.122254273448545,0.240390393999856,Producer manufacturing,Strong buy
ELGIEQUIP,ELGI Equipments Limited,578.85,INR,0.26849125238178906,95386,0.34021216804382465,183125873572,INR,42.61325991254289,13.5838,INR,22.693811928138512,0.38072164056416,Producer manufacturing,Buy
CASTROLIND,Castrol India Limited,184.32,INR,-0.25434276746577134,1187995,0.9227582821399684,182839277146,INR,19.017942818229653,9.6919,INR,1.5028695907167642,4.73356775764133,Energy minerals,Buy
INOXINDIA,INOX India Limited,1985.9,INR,-0.9031936127744465,121889,0.3928329712970781,181849207642,INR,70.09883515707732,28.33,INR,14.013200257566,0.099822814504255,Producer manufacturing,Strong buy
JYOTICNC,Jyoti Cnc Automation Limited,803.75,INR,1.0942708005785857,312391,0.4155591200428448,181074271575,INR,54.41110765106487,14.7718,INR,6.310183519251537,0,Producer manufacturing,Strong buy
CHENNPETRO,Chennai Petroleum Corporation Limited,1168.8,INR,-3.786631544287126,1629065,0.5767717134113404,180778430145,INR,4.169868632013374,280.2966,INR,,1.07084019769358,Energy minerals,Strong buy
JSWCEMENT,JSW Cement Limited,134.41,INR,1.7332727823190976,1002215,0.36987610516916447,179964162598,INR,,-8.7822,INR,,0,Non-energy minerals,Buy
MTARTECH,MTAR Technologies Ltd.,5754.5,INR,-0.8699397071490095,153251,0.8372184751742442,179949771455,INR,188.24441514853137,30.5693,INR,77.79361045033936,0,Electronic technology,Strong buy
EMAMILTD,Emami Limited,414.1,INR,1.5199803873498519,548841,0.860937322546904,179276378078,INR,23.315259924891194,17.7609,INR,-3.8683452770140105,2.44917952485917,Consumer non-durables,Strong buy
GMDCLTD,Gujarat Mineral Development Corporation Limited,562.15,INR,-0.07110479068526838,472075,0.6427019581052127,178890896118,INR,18.688186699024282,30.0805,INR,39.48306802005037,1.79539596480313,Distribution services,Sell
ZYDUSWELL,Zydus Wellness Limited,559.35,INR,-0.6571352455376844,183505,0.4961218387964277,178694968049,INR,90.24539778319162,6.1981,INR,-43.153907532581876,0.213656191578385,Consumer non-durables,Strong buy
CHALET,Chalet Hotels Ltd.,846.5,INR,3.9415520628683725,81960,0.8573006535400786,178491159206,INR,28.743633276740237,29.45,INR,351.4447765769908,0.122691859395129,Consumer services,Strong buy
CMPDI,Central Mine Planning & Design Institute Limited,253.45,INR,2.0206899327778376,1341702,0.32731755769307946,177857404358,INR,,,,,0,Commercial services,No rating
CHOICEIN,Choice International Limited,800,INR,0.35752367810324565,505379,0.7560453981191729,177664262352,INR,72.93414047115455,10.9688,INR,38.8807292985566,0,Commercial services,No rating
VTL,Vardhman Textiles Limited,628.25,INR,2.2209567198177638,141054,0.9490016086483518,177434194874,INR,24.078630670407335,26.0916,INR,-15.587936512044726,0.815727220817359,Process industries,Neutral
FSL,Firstsource Solutions Limited,262.23,INR,3.4111522990772163,1162441,0.9403381959442307,176896263028,INR,27.429916317991633,9.56,INR,13.404507710557542,2.16706067769898,Commercial services,Strong buy
SARDAEN,Sarda Energy & Minerals Limited,512.3,INR,2.0009955201592744,252108,1.4391294941400576,176719261154,INR,16.325633124177422,31.3801,INR,58.01052393061254,0.299102691924227,Non-energy minerals,No rating
CENTURYPLY,Century Plyboards (India) Ltd.,792.65,INR,0.05680383741478563,37113,0.8580742864409326,176127636944,INR,67.06176975726964,11.8197,INR,41.70263271471729,0.126143172500788,Producer manufacturing,Buy
ECLERX,eClerx Services Limited,1811.7,INR,-2.6752618855761456,436178,0.5288125220198117,175075415680,INR,24.54711740396992,73.805,INR,31.512829650748415,0.02686005909213,Commercial services,Buy
TATACHEM,Tata Chemicals Limited,698.9,INR,1.9770919967899547,279049,1.028595082630678,174380667747,INR,,-74.4241,INR,-906.8090411404411,1.60701241782323,Process industries,Sell
TDPOWERSYS,TD Power Systems Limited,1141.5,INR,2.505387931034491,336514,0.5840677122403349,173960367195,INR,74.70011975577674,15.2811,INR,36.70937035910467,0.148181409968568,Producer manufacturing,Strong buy
ABDL,Allied Blenders and Distillers Limited,624.3,INR,0.5718888441401457,246389,0.624095413859083,173336379678,INR,79.02231560826804,7.9003,INR,-8.011969633459088,0.871389381959012,Consumer non-durables,Strong buy
AARTIIND,AARTI Industries Ltd,486.1,INR,1.7371285056509023,357510,0.34998891324874115,173147585094,INR,42.08876651600949,11.5494,INR,26.48975434523094,0.209489892112706,Process industries,Buy
CHAMBLFERT,Chambal Fertilisers & Chemicals Ltd.,439.7,INR,2.018561484918791,240525,0.6181035931599876,172852134109,INR,9.017526445531844,48.7606,INR,18.43548551636361,2.31749710312862,Process industries,Strong buy
ASTRAMICRO,Astra Microwave Products Ltd.,1801.8,INR,-0.6396823646189553,270091,0.7788212388543544,172268223607,INR,88.82863340563992,20.284,INR,25.4561423040289,0.121252204585538,Electronic technology,Strong buy
OLAELEC,Ola Electric Mobility Limited,37.27,INR,0.5124056094930012,25117046,0.5132035988123448,171575108778,INR,,-4.3326,INR,19.12717226961343,0,Consumer durables,Strong sell
BRIGADE,Brigade Enterprises Limited,543.45,INR,3.4256351698544103,410222,1.1828016825907683,171365724534,INR,27.517988343654586,19.7489,INR,-6.961109933338055,0.356870955462505,Finance,Strong buy
INDIGRID,IndiGrid Infrastructure Trust,177.2,INR,-1.1546828805712175,1245183,2.1786210183460164,171023470310,INR,39.571237159446184,4.478,INR,-9.581019687026753,8.91166313913334,Finance,No rating
VERTIS,Vertis Infrastructure Trust Units,113,INR,0,550000,1.6296296296296295,170628192000,INR,27.00958481726701,4.1837,INR,-5.5662144775748805,10.6194690265487,Miscellaneous,No rating
CLEANMAX,Clean Max Enviro Energy Solutions Limited,1439,INR,-1.228636145239899,111773,0.8878271575519282,170089277362,INR,,,,,0,Utilities,Strong buy
TRAVELFOOD,Travel Food Services Limited,1276.4,INR,-0.769649381948213,20370,1.1547749974489507,169458337784,INR,38.192698982645126,33.42,INR,,0,Consumer services,Strong buy
POLYMED,Poly Medicure Limited,1680.7,INR,1.0036057692307718,148378,1.6660491040851202,168915589153,INR,52.93493289827183,31.7503,INR,-7.160965282915152,0.21002100210021,Health technology,Neutral
PSB,Punjab & Sind Bank Ltd.,23.89,INR,0.5048380311316828,1506830,0.9898062756199567,168591100296,INR,12.245630221948844,1.9509,INR,21.264296369965198,0.294612794612795,Finance,No rating
LMW,LMW Limited,16140,INR,2.391676711285923,4554,0.8291910198284809,168406273803,INR,98.64615185273242,163.6151,INR,69.61664577754696,0.190307632287593,Producer manufacturing,Strong sell
PINELABS,Pine Labs Limited,148.94,INR,2.2447998901627035,5482549,0.3471900251515948,168232522418,INR,153.08870387501284,0.9729,INR,,0,Technology services,Strong buy
RATNAMANI,Ratnamani Metals & Tubes Ltd.,2404.3,INR,0.40927124660681485,17021,0.7019258526124789,168178744838,INR,34.93860350214343,68.815,INR,-10.673025499369137,0.583479203134117,Non-energy minerals,Buy
INOXWIND,Inox Wind Ltd.,78.23,INR,1.6370014291282386,7107792,0.8209417512308764,166885117378,INR,31.765947943314252,2.4627,INR,-20.81859687479905,0,Producer manufacturing,Strong buy
NATCOPHARM,NATCO Pharma Limited,927.1,INR,0.6131640349449212,230818,0.5749389984486825,164924373973,INR,11.705822860887451,79.1999,INR,-24.761411675295683,0.543006081668115,Health technology,Neutral
SYNGENE,Syngene International Ltd.,413.85,INR,1.7705643673921176,530732,0.589671428269857,164131882487,INR,52.615185109845406,7.8656,INR,-36.312478239395,0.307427447122479,Commercial services,Buy
JINDALSAW,Jindal Saw Limited,250.85,INR,-1.7622870569806148,690623,0.30313672415538395,163394355255,INR,24.50209515623321,10.2379,INR,-61.96916790490342,0.782778864970646,Non-energy minerals,Strong buy
PGEL,PG Electroplast Limited,579.7,INR,1.2664861559961569,769994,0.3095341274084556,163355714844,INR,85.0349116939506,6.8172,INR,-34.82662689649239,0.0437062937062937,Electronic technology,Buy
BHARATCOAL,Bharat Coking Coal Limited,35.25,INR,0.7430694484138268,4197348,0.41439842571272695,162762153553,INR,,,,,0,Energy minerals,No rating
GPIL,Godawari Power & Ispat Ltd.,237.75,INR,-0.9993753903810142,2618820,2.0674415960893535,161711653259,INR,18.63244514106583,12.76,INR,5.757834450863212,0.416233090530697,Non-energy minerals,Neutral
MINDACORP,Minda Corp. Ltd.,692.55,INR,2.380072436987199,363763,1.899224360995842,161665508073,INR,45.98605577689243,15.06,INR,40.9980338919577,0.221827861579414,Producer manufacturing,Strong buy
CROMPTON,Crompton Greaves Consumer Electricals Ltd.,249.1,INR,-0.41974815110933894,2359921,0.7413436436324743,160946516281,INR,,-3.7606,INR,-143.53604464047976,1.2002400480096,Producer manufacturing,Strong buy
GRWRHITECH,Garware Hi-Tech Films Limited,7160,INR,3.723018977256266,76292,2.0216977682144126,160449886240,INR,49.179776122119705,145.5883,INR,2.1183545839815707,0.173754398158203,Process industries,No rating
NIVABUPA,Niva Bupa Health Insurance Company Limited,86.92,INR,0.3231763619575267,408564,0.1805893459870758,160180633773,INR,125.67958357432042,0.6916,INR,-39.29605898358641,0,Finance,Buy
KPITTECH,KPIT Technologies Limited,585.2,INR,0.3429355281207133,5068869,1.5498733483171547,159825834717,INR,25.13745704467354,23.28,INR,-24.144672531769306,1.41509433962264,Technology services,Neutral
ZENTEC,Zen Technologies Limited,1688.2,INR,-4.551365409622886,1617808,5.461847606495036,159768791130,INR,78.45962224866152,21.5168,INR,-33.00557643388454,0.113026278609777,Technology services,Buy
ARE&M,Amara Raja Energy & Mobility Ltd,874,INR,0.12601672585634355,273424,0.31709506113865255,159762841306,INR,17.857726633757235,48.9424,INR,-5.176482440878669,1.21434299461565,Producer manufacturing,Neutral
COHANCE,Cohance Lifesciences Ltd,428,INR,2.6132821865260074,505417,0.6649067971211846,159760039444,INR,91.84943559809435,4.6598,INR,-55.2682102676343,0,Health technology,Neutral
BASF,BASF India Limited,3738.4,INR,1.858209361887643,6605,0.2957970397904118,158873455631,INR,38.51856431180419,97.0545,INR,-12.30746711795431,0.544907161442369,Process industries,Neutral
BIKAJI,Bikaji Foods International Ltd.,641.25,INR,1.6727445695259164,54084,0.6777120888980224,158741211516,INR,62.28751821272462,10.295,INR,28.3649829802621,0.157952930026852,Consumer non-durables,Strong buy
THELEELA,Leela Palaces Hotels & Resorts Limited,475.6,INR,0.18959342742785634,227395,0.9536356796753709,158396221131,INR,28.465576164568862,16.7079,INR,,0,Consumer services,Strong buy
FIVESTAR,Five-Star Business Finance Limited,540.25,INR,0.9435724962630707,1366135,2.7835570384331305,157965465967,INR,14.511146924523235,37.23,INR,2.1679473106476377,0.373726992432028,Finance,Strong buy
CCL,CCL Products (India) Limited,1174.4,INR,-0.7772896248732527,138419,1.0659529458694987,157903452554,INR,40.36335266035875,29.0957,INR,25.09437207102627,0.65536340958099,Consumer non-durables,Buy
AZAD,Azad Engineering Limited,2441.6,INR,0.10660106601065639,579495,1.0474071974756456,157589129807,INR,118.61351988146421,20.5845,INR,40.536351905838,0,Producer manufacturing,Buy
NAVA,Nava Limited,564.65,INR,1.7754145638067815,385815,1.749443061197746,157093269568,INR,20.31305086087188,27.7974,INR,-26.494185093318812,1.62279120086549,Utilities,No rating
CIEINDIA,CIE Automotive India Ltd,413.4,INR,-0.08459214501511124,411200,0.4568725937663779,157018080857,INR,17.363181990003778,23.809,INR,14.311915153086465,1.69122976564388,Producer manufacturing,Buy
DCMSHRIRAM,DCM Shriram Limited,1032.9,INR,2.6943726386955795,23674,0.4630140308467403,156792178651,INR,18.813590811230235,54.9018,INR,41.68352705576316,1.05425431398876,Producer manufacturing,No rating
APLLTD,Alembic Pharmaceuticals Limited,814.45,INR,2.1125877632898726,50274,0.5715078216564564,156562529549,INR,23.725599293868836,34.3279,INR,15.656143660927862,1.38104205900816,Health technology,Buy
KANSAINER,Kansai Nerolac Paints Limited,203.88,INR,5.533412702520833,635135,4.006999086472228,156162770549,INR,27.964776561599866,7.2906,INR,-48.36868382847633,1.29466597617815,Process industries,Buy
DIACABS,Diamond Power Infrastructure Limited,307.17,INR,4.072505505675094,8209562,0.904608326174958,155588208221,INR,102.33883058470765,3.0015,INR,358.5242896425298,0,Producer manufacturing,Strong buy
TBOTEK,TBO Tek Ltd.,1519.2,INR,6.312106368089577,211003,1.8618952235566104,155269685635,INR,66.9251101321586,22.7,INR,5.483271375464683,0,Technology services,Strong buy
JBMA,JBM Auto Limited,665,INR,1.3642252877067367,185743,0.5693746727696531,155223003546,INR,71.87790484013922,9.2518,INR,8.365348575712144,0.129504075569437,Producer manufacturing,No rating
AEQUS,Aequs Ltd.,229.8,INR,0.2486585525454878,1793039,0.5320133636001704,153615969045,INR,,,,,0,Electronic technology,Buy
ABREL,Aditya Birla Real Estate Ltd,1400.2,INR,1.8920098966671517,93552,0.7725817387218278,153469862549,INR,,-9.3496,INR,35.76453775970099,0.145560407569141,Process industries,Strong buy
JUBLPHARMA,Jubilant Pharmova Limited,979.7,INR,1.4865074843321098,117876,0.6974242705728799,153228459747,INR,39.04882996998697,25.0891,INR,-52.52771996215705,0.51975051975052,Health technology,Buy
WELSPUNLIV,Welspun Living Limited,163.53,INR,0.9444444444444452,1445681,0.7623944785397554,152955424379,INR,76.6235591790835,2.1342,INR,-68.04850662474736,1.05003088326127,Consumer non-durables,Strong buy
FINCABLES,Finolex Cables Limited,998.6,INR,-0.03003303633996942,209703,0.9514322775474722,152717582394,INR,21.4005280482787,46.6624,INR,1.8382762150235414,0.801161684442442,Producer manufacturing,Buy
HAPPYFORGE,Happy Forging Limited,1650.7,INR,2.178891983905914,69759,1.3441998755209907,152336707038,INR,51.68127739511584,31.94,INR,12.678242586307869,0.185862090328976,Producer manufacturing,Buy
AGARWALEYE,Dr. Agarwal's Health Care Ltd.,476.2,INR,-0.563792023386926,114369,1.369098352805976,151712876523,INR,113.90981939959333,4.1805,INR,,0,Health services,Strong buy
USHAMART,Usha Martin Limited,502.1,INR,1.2911034900141283,309401,0.9937258012972352,150923371880,INR,32.84619007745447,15.2864,INR,14.330162149225156,0.60575466935891,Producer manufacturing,Strong buy
KSB,KSB Ltd.,877.4,INR,1.3105478898446998,141045,1.8155173345896307,150857189514,INR,59.02653974233913,14.8645,INR,1.6508127551613454,0.50761421319797,Producer manufacturing,Neutral
KFINTECH,Kfin Technologies Limited,949.25,INR,10.667443893908482,10620157,11.951033670358004,148302123871,INR,48.20975114271204,19.69,INR,-0.2027369488089161,0.874125874125874,Technology services,Strong buy
FINEORG,Fine Organic Industries Ltd.,4838.5,INR,0.20710365537951742,9918,1.1260473671064284,148135205689,INR,35.56878444956415,136.0322,INR,1.6024743309081473,0.227670209353106,Process industries,Buy
RAINBOW,Rainbow Childrens Medicare Limited,1483.5,INR,1.762930443133492,44019,0.6520348036296738,147825165248,INR,54.13067989009666,27.4059,INR,14.305555555555555,0.206121817994435,Health services,Strong buy
APOLLO,Apollo Micro Systems Ltd.,392.95,INR,-0.34237889931524795,3984153,0.6191512827959835,146447360215,INR,123.5691823899371,3.18,INR,66.85030694160241,0.0634356762243085,Electronic technology,Strong buy
IGIL,International Gemological Institute Ltd,329.7,INR,-2.4988910246931804,714283,1.0675803566517683,146394097862,INR,24.17155425219941,13.64,INR,,0.72029520295203,Commercial services,Strong buy
HONASA,Honasa Consumer Limited,452.75,INR,0.9251003120820278,1134201,1.4642919389134401,146352275287,INR,73.94371947933169,6.1229,INR,174.82831365860224,0,Retail trade,Buy
SOBHA,Sobha Limited,1361.2,INR,-0.0807457975482573,102281,0.23084504756675042,145794122156,INR,63.120504889845165,21.5651,INR,122.07107477164836,0.220078494663096,Finance,Strong buy
KIRLOSBROS,Kirloskar Brothers Ltd.,1833.5,INR,-0.14160448777299217,62726,0.6602375448922796,145675678265,INR,38.98160943977889,47.035,INR,-10.02167437927677,0.381575361133824,Producer manufacturing,No rating
MAHSCOOTER,Maharashtra Scooters Ltd,12986,INR,2.47790404040404,3651,1.5047603346659522,144927957313,INR,47.788309491311736,271.7401,INR,44.89830088221885,1.73485159133205,Producer manufacturing,No rating
VENTIVE,Ventive Hospitality Limited,617.8,INR,0.008093889113711781,15381,1.1183416464292466,143978403008,INR,33.89458553472576,18.2271,INR,,0,Consumer services,Strong buy
BEML,BEML Limited,1780.1,INR,3.904973149661444,224432,1.48263339981331,142682386376,INR,104.88266174884959,16.9723,INR,-51.67491906574679,0.280193800712159,Producer manufacturing,Buy
ANURAS,Anupam Rasayan India Ltd.,1223.3,INR,-2.1046734955185626,145811,0.25519848936691925,142219306264,INR,81.1002532518331,15.0838,INR,77.6006405199515,0.120076849183477,Health technology,Neutral
PARADEEP,Paradeep Phosphates Ltd.,134.64,INR,-1.0509296685529559,2556199,1.0751463311237488,141191208984,INR,12.734805062141762,10.5726,INR,56.3346542852073,0.735294117647059,Process industries,Strong buy
PRIVISCL,Privi Speciality Chemicals Limited,3623.6,INR,0.7899421450823346,41625,0.7909468179710717,140451900727,INR,43.215729208781006,83.8491,INR,75.15745539547157,0.139060783468454,Process industries,Strong buy
CANHLIFE,Canara HSBC Life Insurance Company Limited,145.01,INR,-1.561333242821269,488467,0.062238389978639,139982505798,INR,31.244748012324663,4.6411,INR,,0,Finance,Strong buy
SPLPETRO,Supreme Petrochem Limited,760.9,INR,2.6024811218985913,530640,2.002678087537533,139338641327,INR,43.45889139560784,17.5085,INR,-15.694818952234202,1.34952766531714,Process industries,Sell
APTUS,Aptus Value Housing Finance India Limited,279.05,INR,0.685549341511829,410392,0.3965782668360854,138894873691,INR,14.829281254151722,18.8175,INR,25.449999999999996,1.62249864791779,Finance,Strong buy
DEVYANI,Devyani International Ltd.,116.06,INR,3.348174532502231,4449216,3.5162989813897316,138459131766,INR,,-0.3133,INR,-353.68421052631584,0,Consumer services,Strong buy
BBOX,Black Box Limited,775.7,INR,-0.3532661057229109,205754,0.6636397327172382,138305374966,INR,61.17507886435332,12.68,INR,5.117428104818989,0.128410914927769,Technology services,Strong buy
ARVIND,Arvind Limited,523.45,INR,-0.7113050075872533,404881,1.0907357464266383,138213129639,INR,33.13897541087392,15.7956,INR,17.05473462672853,0.711237553342816,Process industries,Strong buy
UJJIVANSFB,Ujjivan Small Finance Bank Ltd.,71.57,INR,1.2019230769230689,49027357,1.4330935185262401,137550620794,INR,15.592592592592592,4.59,INR,69.37269372693726,0,Finance,Strong buy
INGERRAND,Ingersoll-Rand (India) Limited,4378.9,INR,0.5649587763819547,31797,2.1910530450241863,137129823211.99998,INR,53.990972118617634,81.1043,INR,-4.298549096607335,1.84164182368582,Producer manufacturing,Buy
VEDPOWER,Vedanta Power Ltd,36.97,INR,5.598400457012285,23415598,0.9384118799084371,136941787430,INR,,,,,0,Utilities,No rating
SHAILY,Shaily Engineering Plastics Limited,3049.7,INR,2.6938748021685694,187201,0.9909565114282296,136424204276,INR,82.8047787130057,36.83,INR,81.75896086975831,0.067429746632727,Process industries,Strong buy
FRACTAL,Fractal Analytics Limited,809.3,INR,2.8662217985382843,638751,1.3829949159995643,135370931298.00002,INR,,,,,0,Technology services,Buy
ALIVUS,Alivus Life Sciences Ltd,1132.5,INR,2.842353795859059,59581,0.5366376495701477,135203645540,INR,24.673202614379086,45.9,INR,16.143724696356262,0.453905859924652,Health technology,Strong buy
VIJAYA,Vijaya Diagnostic Centre Ltd.,1350.8,INR,2.8084329096582588,84864,0.3777624748997436,135103404541,INR,80.53131110793151,16.7736,INR,20.45154248290917,0.152322924600152,Health services,Buy
SKFINDUS,SKF India (Industrial) Ltd.,2714,INR,-0.6297598125366073,20891,0.6178027502587609,135020032113,INR,,,,,0,Producer manufacturing,Buy
VINATIORGA,Vinati Organics Limited,1313.6,INR,1.0383816629490041,20783,0.7187966908306126,134868990036,INR,30.685279662125545,42.8088,INR,9.50642706401483,0.576479631053036,Process industries,Buy
EIDPARRY,E.I.D.-Parry (India) Limited,771.15,INR,1.7348284960422133,149486,0.5300337445054819,134854818555,INR,24.172541447374606,31.9019,INR,-35.32961686600446,0,Process industries,Strong buy
DOMS,DOMS Industries Limited,2263.5,INR,1.9135524538496171,42006,0.994088385499742,134840383976.99998,INR,59.8334655035686,37.83,INR,13.50305285107786,0.14177374710264,Producer manufacturing,Strong buy
CEATLTD,CEAT Limited,3369.7,INR,1.2347533497566519,65031,0.24392036983205648,134514757516.00002,INR,23.11934486155974,145.7524,INR,36.81329305816558,0.902133545835902,Consumer durables,Buy
JSWDULUX,JSW Dulux Ltd,2944,INR,0.003396854512718131,10518,0.6055267702936097,133781498154,INR,6.79251586573891,433.4182,INR,359.55785053863775,3.40408149371096,Process industries,Neutral
VOGL,Vedanta Oil and Gas Limited,34.84,INR,1.7820625182588565,36182252,0.8685948823423902,133617948731.00002,INR,,,,,0,Energy minerals,No rating
AVANTIFEED,Avanti Feeds Limited,979.55,INR,0.25587226856353307,313085,0.42803031545883136,133268657241.00002,INR,22.0206729731674,44.4832,INR,14.606069974751371,0.920104278484895,Process industries,Buy
AMAGI,Amagi Media Labs Limited,625.05,INR,2.6270421147689027,231373,0.42236495385662925,131501621512.99998,INR,,,,,0,Technology services,Strong buy
GRAPHITE,Graphite India Limited,662.65,INR,-1.5013006317354176,731066,0.40099046123781545,131409620489,INR,73.98041776914403,8.9571,INR,-62.121301825194095,1.6354445435623,Process industries,Buy
GRAVITA,Gravita India Limited,1788.8,INR,0.7377372303880109,135647,0.6863993773944179,131035841305,INR,34.386708214709316,52.0201,INR,15.87290980329263,0.357675951220886,Non-energy minerals,Strong buy
CONCORDBIO,Concord Biotech Ltd.,1256.4,INR,0.6327593111734153,79408,0.9592446648901086,130629024815,INR,50.37831855745751,24.9393,INR,-29.796703111101102,0.856925479517879,Commercial services,Buy
LTFOODS,LT Foods Limited,376.4,INR,0.21299254526090375,314585,0.7679544146302048,130393475098,INR,20.896715595922807,18.0124,INR,3.327730706791405,0.932090545938748,Process industries,Strong buy
CORONA,Corona Remedies Limited,2098.2,INR,-0.7004259346900228,20186,0.6784708357701279,129298555202,INR,,,,,0.473014521545811,Health technology,Strong buy
BALRAMCHIN,Balrampur Chini Mills Ltd,611.65,INR,0.24584118659346063,208287,0.1979439909937941,128904685197,INR,32.884408602150536,18.6,INR,-13.769123783031983,0.573629435384742,Process industries,Strong buy
SWANDEF,Swan Defence and Heavy Industries Ltd,2430.7,INR,0.12357375293487664,14027,0.837848008266783,128860533958,INR,,-42.9509,INR,-24.66230140071631,0,Producer manufacturing,No rating
LLOYDSENGG,Lloyds Engineering Works Ltd,91.33,INR,3.2911106084596207,9220184,0.8256238070052421,128836081975,INR,69.69095764975201,1.3105,INR,65.99113362887904,0.28261361067149,Industrial services,No rating
SCI,Shipping Corporation of India Limited,283.8,INR,3.162486368593234,2204031,1.2788998134770608,128257760585,INR,9.769834002327135,29.0486,INR,60.39734075448363,0,Transportation,No rating
TRIDENT,Trident Limited,25.08,INR,-0.15923566878981965,3437030,0.37135294907581085,128061359107,INR,32.20338983050847,0.7788,INR,-10.110803324099713,1.98965380023876,Process industries,Buy
CARTRADE,CarTrade Tech Ltd.,2978.5,INR,12.125432916729405,3555902,5.000397961648871,127498759624,INR,67.11356466876971,44.38,INR,68.8094332445797,0,Technology services,Strong buy
WABAG,VA Tech Wabag Limited,1977.5,INR,-3.1207133058984935,821451,1.207476008526774,127459572300,INR,33.516949152542374,59,INR,25.987614776852453,0.195881589579099,Industrial services,Strong buy
TMB,Tamilnad Mercantile Bank Limited,893.65,INR,11.081417029210687,7671271,39.29720877242951,127140387638,INR,10.579846378239127,84.4672,INR,13.101579216577907,1.55685639556607,Finance,No rating
VGUARD,V-Guard Industries Limited,294.4,INR,1.237964236588709,272931,1.3894306323202128,127135296204,INR,41.9510665887684,7.0177,INR,-1.5750350631136083,0.515463917525773,Producer manufacturing,Strong buy
NUVOCO,Nuvoco Vistas Corporation Limited,351.15,INR,-1.3762112062912608,372984,0.04184646177475877,127040449920,INR,32.49433211493083,10.8065,INR,153.6558458324531,0,Non-energy minerals,Strong buy
ENGINERSIN,Engineers India Limited,226.42,INR,0.5372763198792148,837874,0.6269825317949731,126628145062,INR,18.414417931326142,12.2958,INR,19.204257918157232,1.99733688415446,Industrial services,Strong buy
GALLANTT,Gallantt Ispat Limited,547.25,INR,4.998081350729078,176732,0.6626773240782784,126407092884,INR,27.17215902602271,20.1401,INR,21.26016015413329,0.238595151746517,Non-energy minerals,No rating
INDIACEM,India Cements Ltd.,398.35,INR,-2.1253071253071196,214124,0.34049631196843166,126314107458,INR,133.47294354163176,2.9845,INR,,0,Non-energy minerals,Sell
SHADOWFAX,Shadowfax Technologies Limited,209.6,INR,-2.2752704214845187,9482795,0.5136176562894917,125434368550,INR,,,,,0,Technology services,Strong buy
KEC,KEC International Ltd.,464.6,INR,-1.127899553096394,947596,0.9149738870216824,125353584124,INR,20.424222442026597,22.7475,INR,4.9781252307465005,1.16797621575706,Industrial services,Buy
PCBL,PCBL Chemical Limited,326.15,INR,2.595155709342561,666364,0.48697679595366483,124983387866,INR,63.06558898600046,5.1716,INR,-54.97749571243264,3.62033684873288,Process industries,Neutral
HEG,HEG Limited,652.5,INR,1.4537821659022039,3378029,0.8056546357561245,124007352085,INR,35.08724760035491,18.5965,INR,82.31505264602653,0.280112044817927,Electronic technology,Strong buy
ACE,Action Construction Equipment Limited,1061.8,INR,2.1550894746969274,716079,0.629204374491354,123864391876,INR,28.934481847141566,36.6967,INR,3.324999014523117,0.192279959621208,Producer manufacturing,No rating
HOMEFIRST,Home First Finance Company India Ltd.,1182.5,INR,0.7240204429301533,149218,0.7174528687440801,122686471281,INR,22.929998060888114,51.57,INR,23.3142037302726,0.443024494142705,Finance,Strong buy
ATLANTAELE,Atlanta Electricals Limited,1614.3,INR,1.5410743489747138,111916,0.6111323772490306,122307925406,INR,57.08032190996139,28.2812,INR,,0,Producer manufacturing,Strong buy
SOUTHBANK,South Indian Bank Limited,47.9,INR,2.9664660361134896,15756388,0.7870364561334401,121818603967,INR,8.309480440627981,5.7645,INR,13.311579816405558,0.859660434128519,Finance,Buy
NSLNISP,NMDC Steel Limited,42.15,INR,1.787007969089597,2439423,0.9719312379276712,121327080985,INR,207.53323485967502,0.2031,INR,,0,Non-energy minerals,No rating
PARKHOSPS,Park Medi World Limited,279.7,INR,-0.1962533452274795,362975,0.3148055893896098,120746271584,INR,,,,,0,Health services,Strong buy
JSWHL,JSW Holdings Limited,10999,INR,1.233317993557294,2154,0.7471902317191619,120510846742,INR,83.24119209197323,132.1341,INR,-25.104534682501946,0,Finance,No rating
LLOYDSENT,Lloyds Enterprises Limited,81.64,INR,4.613018964633513,5630540,0.6493099506224651,118788936182,INR,40.76089669978531,2.0029,INR,388.15500853034365,0.256607646907878,Distribution services,No rating
INDGN,Indegene Limited,508.05,INR,3.1259514868568017,165173,1.6378134987015331,118730238808,INR,30.518279130675058,16.6474,INR,-1.4672719632086901,0.405885337392187,Health technology,Buy
VISL,Vedanta Iron And Steel Limited,30.36,INR,0.03294892915979575,26150010,0.6102955199842685,118719380229,INR,,,,,0,Non-energy minerals,No rating
SHILPAMED,Shilpa Medicare Limited,620.6,INR,2.375453645661494,305420,0.5734719915580805,118718163300,INR,49.89708625458288,12.4376,INR,209.8477865524028,0.0823723228995058,Health technology,Buy
SEDEMAC,SEDEMAC Mechatronics Ltd.,2778.3,INR,3.3132530120482064,121002,1.5490575868642087,118704576083,INR,,,,,0,Producer manufacturing,Strong buy
IRCON,IRCON International Ltd.,126.48,INR,0.3252161497580795,660499,0.6568927899616684,118599034270,INR,19.968109123632402,6.3341,INR,-18.102712627033178,1.74464710547185,Industrial services,Neutral
PRUDENT,Prudent Corporate Advisory Services Limited,2870,INR,0.3882612193500965,133291,5.955835370131234,118526624537,INR,53.51761792523197,53.6272,INR,13.497440195387494,0.0873362445414847,Finance,Buy
METROPOLIS,Metropolis Healthcare Ltd.,577.35,INR,1.2450679526523494,357337,1.413754290179322,118417659850,INR,63.15012305168171,9.1425,INR,30.06828851899275,0.350170708220257,Health services,Buy
UTLSOLAR,Fujiyama Power Systems Limited,384.4,INR,0.1563314226159369,181974,0.29600540563577216,117819585294,INR,36.30285115264385,10.5887,INR,,0,Electronic technology,Strong buy
BLUESTONE,Bluestone Jewellery and Lifestyle Limited,820.75,INR,6.259709994821339,20293817,1.895817614311084,117791338845,INR,211.8283177618335,3.8746,INR,,0,Retail trade,Strong buy
TEGA,Tega Industries Ltd.,1510.5,INR,-3.191693905018263,114630,2.107909210770693,117510983116,INR,73.41505142212804,20.5748,INR,-31.59336640378759,0.127864974586836,Distribution services,Buy
JAINREC,Jain Resource Recycling Limited,338.45,INR,-0.7478005865102673,721453,0.5173404601654163,117260155871,INR,33.12908056890594,10.2161,INR,,0,Non-energy minerals,Buy
JMFINANCIL,JM Financial Limited,124.36,INR,1.892666939778781,1505925,0.7889909429702462,116796966153,INR,9.89851554105146,12.5635,INR,46.3049655300913,2.66284309709136,Finance,Strong buy
AVALON,Avalon Technologies Limited,1728.2,INR,-0.7637094458799859,278018,1.1262145518563917,116369382891,INR,102.56379821958457,16.85,INR,77.2042739357227,0,Electronic technology,Neutral
JPPOWER,Jaiprakash Power Ventures Limited,17.01,INR,0.3539823008849692,28221162,0.45191052303714163,116234658100,INR,24.015247776365946,0.7083,INR,-12.555555555555555,0,Utilities,No rating
BLUEDART,Blue Dart Express Limited,5114.2,INR,4.12704876310699,37705,4.588378460602373,116189760245,INR,49.05072244841196,104.2635,INR,-1.9903948923161991,0.510542706897432,Transportation,Buy
JUBLINGREA,Jubilant Ingrevia Ltd.,744.1,INR,2.556681138446705,445843,0.4786137813304523,115558469383,INR,38.286202354490825,19.4352,INR,10.745666518513453,0.689179875947622,Process industries,Strong buy
TECHNOE,Techno Electric & Engineering Company Limited,997.2,INR,0.5444646098003721,132972,1.1799668652327198,115555248101,INR,24.471826233346178,40.7489,INR,9.637607656274806,0.905797101449275,Industrial services,Strong buy
ZENSARTECH,Zensar Technologies Limited,515.4,INR,1.8778414706463729,2237749,0.290929313343459,115098019529,INR,15.307395307395305,33.67,INR,18.598097921803454,2.64900662251656,Technology services,Buy
ABLBL,Aditya Birla Lifestyle Brands Limited,95.47,INR,1.5530262738006526,287808,0.5869717910585348,114838873481,INR,68.28553036263501,1.3981,INR,,0,Retail trade,Buy
UTIAMC,UTI Asset Management Co. Ltd.,904,INR,2.564102564102567,210439,0.42537265764979076,113187531417,INR,25.244768133506845,35.8094,INR,-35.64090582314882,2.95253236429707,Finance,Buy
JKTYRE,JK Tyre & Industries Limited,399.6,INR,2.304147465437788,438325,0.44748830757180946,112519384329,INR,14.489863260074191,27.5779,INR,52.9437536741462,0.768639508070715,Consumer durables,Buy
NAZARA,Nazara Technologies Ltd.,303.4,INR,0.3638769434336639,2329997,1.1029101196677955,112028621860,INR,113.38241339362457,2.6759,INR,2.6507595519410834,0,Technology services,Buy
PGHL,Procter & Gamble Health Ltd.,6784,INR,1.0425975573428656,5453,0.3704861229065462,111607609129,INR,34.44686479707121,196.941,INR,4.595786129417907,2.30531263013862,Health technology,No rating
MARKSANS,Marksans Pharma Limited,263.4,INR,6.942752740560278,2396136,1.4415018393445864,111591575241,INR,28.559037189634605,9.223,INR,9.821152151651564,0.324873096446701,Health technology,Strong buy
EDELWEISS,Edelweiss Financial Services Limited,116.91,INR,-0.09400102546573187,2138758,0.9463921674288588,110838850814,INR,18.71877801972589,6.2456,INR,43.60672323009357,1.28095644748079,Finance,No rating
IEX,Indian Energy Exchange Ltd.,126.77,INR,2.01995815226138,14091109,2.0869191009128585,110792824066,INR,22.27317450277602,5.6916,INR,11.854413961166578,2.8169014084507,Finance,Neutral
GODREJAGRO,Godrej Agrovet Limited,574.35,INR,0.1307531380753138,85033,0.930597781002598,110424238484,INR,23.364752114360567,24.5819,INR,9.980224775403569,1.91620938942601,Process industries,Strong buy
TITAGARH,Titagarh Rail Systems Ltd,816.1,INR,-0.40881078772347584,250928,0.6146703906947006,110398820572,INR,64.86662639493848,12.5812,INR,-38.354647459454156,0.121988411100945,Producer manufacturing,Strong buy
VIYASH,Viyash Scientific Limited,259.7,INR,3.507373455559977,1323745,1.1253108377427834,109552269806,INR,81.66666666666666,3.18,INR,264.6788990825689,0,Health technology,Strong buy
OLECTRA,Olectra Greentech Limited,1328.1,INR,-0.6136346628751064,221480,0.7262396538393183,109516219677,INR,61.428948062219874,21.6201,INR,27.77308267388465,0.0299793891699457,Consumer durables,No rating
AAVAS,Aavas Financiers Ltd.,1390.6,INR,0.8411892675852,20553,0.20053663772075325,109381461821,INR,16.1397400185701,86.16,INR,16.70052824055262,0,Finance,Buy
TI,Tilaknagar Industries Limited,446.7,INR,1.1090991398822945,404982,1.757935042064218,109358704715,INR,227.90816326530611,1.96,INR,-83.38983050847457,0.226295541977823,Consumer non-durables,Strong buy
FIRSTCRY,Brainbees Solutions Limited,213.51,INR,2.5012001920307148,525785,0.6379254722123846,108803189538,INR,,-2.9055,INR,23.250653776051983,0,Retail trade,Buy
CANFINHOME,Can Fin Homes Ltd.,812.8,INR,-0.1351517385428213,373838,1.2552338063429536,108414466191,INR,9.580228520510035,84.8414,INR,28.171218452483465,1.59665929746991,Finance,Strong buy
SIGNATURE,Signatureglobal (India) Limited,790.8,INR,2.9218455131125047,373293,0.37121877795629143,108215699960,INR,10.160880609652835,77.8279,INR,981.8445927161523,0,Finance,Strong buy
SANOFICONR,Sanofi Consumer Healthcare India Limited,4685.2,INR,0.2246133441718185,4106,0.8398960868942664,107822460844,INR,41.839128497347325,111.9813,INR,53.14854881194322,1.60198218595809,Health technology,Strong buy
AKUMS,Akums Drugs and Pharmaceuticals Limited,675.6,INR,-1.7023134002618845,178763,0.6248114779395548,107720445078,INR,40.53324373942572,16.6678,INR,-25.470398855303166,0,Health technology,Strong buy
BLUEJET,Blue Jet Healthcare Limited,576.05,INR,1.6140412771211814,509908,0.8100523070480593,107253077647,INR,40.32015342726554,14.2869,INR,-18.799056523345367,0.211770934439248,Health technology,Neutral
RATEGAIN,RateGain Travel Technologies Ltd.,905.8,INR,0.5997334517991978,189729,0.5076687198642856,106719196283,INR,55.079231882471696,16.4454,INR,-6.481586788890664,0,Technology services,Strong buy
IIFLCAPS,IIFL Capital Services Ltd,337.7,INR,-0.7348618459729571,1132308,2.913531783852103,106447812607,INR,19.475201845444058,17.34,INR,-20.275862068965516,0.88339222614841,Finance,No rating
JLHL,Jupiter Life Line Hospitals Ltd.,327,INR,1.1757425742574292,147567,0.755197751504848,106315310128,INR,55.25515376816492,5.918,INR,0.2710945442222978,0.0616712920135677,Health services,Strong buy
MGL,Mahanagar Gas Ltd,1098,INR,1.9498607242339834,98882,0.8827544094422816,106275006226,INR,12.907017750088164,85.07,INR,-19.24590272866643,2.78836323078353,Utilities,Buy
E2E,E2E Networks Ltd,542.5,INR,4.993226243468154,429556,0.20479677844935795,106176567780,INR,372.4171071600192,1.4567,INR,-23.536822214057,0,Technology services,Strong buy
KTKBANK,Karnataka Bank Ltd.,285.55,INR,2.091526635681095,3550008,1.8908698887372053,105824090262,INR,8.250505634209766,34.61,INR,2.975304968759298,1.78699070764832,Finance,Strong buy
INDIAMART,IndiaMART InterMESH Ltd.,1759.7,INR,-0.01136428206148335,119934,0.6763116670444819,105722635339,INR,21.49813813931214,81.8536,INR,-16.63380373496724,1.70663025855448,Retail trade,Neutral
JWL,Jupiter Wagons Limited,247.6,INR,0.4258771040356856,356937,0.6333908040265922,105432266835,INR,61.7271639409653,4.0112,INR,-55.800423131170675,0.405350628293474,Producer manufacturing,Neutral
RKFORGE,Ramkrishna Forgings Ltd,625.45,INR,7.706216635095574,12147443,4.471957373238511,105346115541,INR,107.34943274462353,5.8263,INR,-74.94657177871902,0.172607232243031,Producer manufacturing,Neutral
AFCONS,Afcons Infrastructure Limited,284.25,INR,-0.5945095296380446,271429,0.08640541699624976,105168021569,INR,41.6886659626892,6.8184,INR,-50.32565458757705,0.874278720055954,Industrial services,Buy
PVRINOX,PVR Inox Limited,1123.2,INR,5.56887071760891,1608571,3.0216764012887225,104420923794,INR,24.89913544668588,45.11,INR,,0,Consumer services,Strong buy
RITES,RITES Ltd.,217.15,INR,1.6144127281235456,407264,0.6259900601267953,102729060173,INR,25.45064578889384,8.5322,INR,6.544623568636741,3.67251461988304,Commercial services,Buy
INTELLECT,Intellect Design Arena Ltd,717.7,INR,-1.9803332422835291,545930,1.2308339540898727,102720732517,INR,29.52283011106541,24.31,INR,3.5349233390119172,0.54585152838428,Technology services,Buy
SBFC,SBFC Finance Limited,90.38,INR,-1.9527012367107954,2682881,3.7568213557111467,101801026568,INR,22.206388206388205,4.07,INR,29.617834394904463,0,Finance,Strong buy
BBTC,Bombay Burmah Trading Corp. Ltd.,1496.6,INR,2.6333836236455808,28710,1.3941833756622493,101744878996,INR,8.402922550612082,178.1047,INR,10.692859349197859,1.4400822904166,Consumer non-durables,No rating
FINPIPE,Finolex Industries Limited,163.83,INR,0.09775768314292481,290897,0.642900539012133,101510029324,INR,16.90153922337309,9.6932,INR,-25.081926667903296,1.22249388753056,Producer manufacturing,Buy
SHREEJISPG,Shreeji Shipping Global Limited,631.25,INR,0.8708852668584285,465367,0.4735409320911042,101481777796,INR,67.31538256464943,9.3775,INR,,0,Transportation,No rating
SKYGOLD,Sky Gold and Diamonds Limited,671.65,INR,2.7459079088266685,892937,0.9146123055684359,100753204717,INR,37.46562466879752,17.9271,INR,91.75214726551218,0,Consumer durables,Buy
ZEEL,Zee Entertainment Enterprises Limited,108.86,INR,3.2239711739048036,15284220,0.7318773783248268,100710458587,INR,38.47594811437458,2.8293,INR,-60.00593698316441,2.31759656652361,Consumer services,Neutral
RELAXO,Relaxo Footwears Limited,401.4,INR,-0.38466310956694666,363059,0.06801818379520853,100521403089,INR,55.726780508121614,7.203,INR,5.273157756277224,0.742942050520059,Consumer non-durables,Buy
ASKAUTOLTD,ASK Automotive Limited,514.4,INR,1.0013744354996987,327078,1.038460879045936,100503291701,INR,34.106882376342654,15.082,INR,20.080573889919503,0.294233032561789,Producer manufacturing,Strong buy
MANORAMA,Manorama Industries Ltd.,1658.9,INR,4.62945443077894,286631,2.505956028987611,100172074914,INR,46.098610844803105,35.9859,INR,95.78516128681254,0.0378083745549639,Consumer non-durables,Strong buy
LUMAXTECH,Lumax Auto Technologies Limited,1493.9,INR,1.9170418883886025,106677,0.8595816069503334,99864658104,INR,36.511924605405305,40.9154,INR,56.87217237941874,0.375375375375375,Producer manufacturing,Strong buy
RPOWER,Reliance Power Limited,23.76,INR,-1.2468827930174446,18164482,0.9402243392144917,99589365270,INR,,-0.8235,INR,-111.28329496876029,0,Utilities,No rating
TIMETECHNO,Time Technoplast Limited,206.75,INR,2.7278147669681054,4606690,0.8820781651202516,99492211535,INR,20.55434598904431,10.0587,INR,17.66901021255689,0.620193500372116,Process industries,Strong buy
HCG,HealthCare Global Enterprises Ltd.,676.95,INR,1.560273047783376,148812,0.48024475016700713,99472590961,INR,503.8329860077405,1.3436,INR,-67.47361285949452,0,Health services,Strong buy
WEWORK,WeWork India Management Limited,724.4,INR,1.7487183088699954,317784,0.49970995550030195,98856427726,INR,118.00544089139395,6.1387,INR,,0,Finance,Strong buy
VARROC,Varroc Engineering Limited,665.7,INR,3.570595099183204,158687,1.5306123433212282,98241660004,INR,45.1882674776163,14.7317,INR,267.5940712645973,0.15552099533437,Producer manufacturing,Neutral
BLACKBUCK,Blackbuck Ltd,547.6,INR,1.52961898581626,221110,0.646990197854173,98227334144,INR,62.65446224256293,8.74,INR,,0,Technology services,Strong buy
MANYAVAR,Vedant Fashions Limited,410.3,INR,1.9885657469550087,685960,2.700625668306034,98017427078,INR,26.552853315385512,15.4522,INR,-3.374229292512413,1.98314328210213,Retail trade,Buy
WHIRLPOOL,Whirlpool Of India Limited,794.8,INR,3.026767774969202,443562,1.3001735276530384,97894297977,INR,34.32964754664823,23.152,INR,-18.180115421450854,0.648004147226542,Consumer durables,Neutral
WAAREERTL,Waaree Renewable Technologies Ltd,931.3,INR,-0.07510729613734393,269690,0.9971400946893019,97438094672,INR,19.130588399628603,48.6812,INR,77.08694070571117,0.214178624973228,Utilities,Neutral
SWANCORP,Swan Corp Limited,312.2,INR,0.612310667096351,642483,1.1006523057862607,97202979986,INR,38.10197954551002,8.1938,INR,-65.99504480015273,0.0322476620445018,Utilities,No rating
KIRLPNU,Kirloskar Pneumatic Co. Ltd.,1489.6,INR,-0.5009685391757398,200249,0.6593169606801484,97158942643,INR,36.92512103041315,40.3411,INR,25.034016135581027,0.668627975394491,Producer manufacturing,Strong buy
PARAS,Paras Defence & Space Technologies Ltd.,1221.3,INR,2.1837349397590287,577142,0.6459827687038472,96366328425,INR,111.67600881484259,10.9361,INR,36.73885318462577,0.0418130122093996,Electronic technology,Sell
BLS,BLS International Services Ltd.,237.5,INR,1.669520547945208,1010794,0.9678736432883769,96203260118,INR,14.247492441330326,16.6696,INR,34.994007320786494,1.28397175262144,Technology services,Strong buy
GENUSPOWER,Genus Power Infrastructures Limited,322,INR,2.027883396704682,5483067,2.8323552365439717,96018971071,INR,15.13157894736842,21.28,INR,93.19811886042164,0.776299112801014,Electronic technology,Buy
SAREGAMA,Saregama India Limited,514.85,INR,3.6958710976837907,625299,0.9006909245269387,95680260750,INR,48.07548649759086,10.7092,INR,0.9140423286406167,1.81268882175227,Consumer services,Strong buy
SANDUMA,Sandur Manganese & Iron Ores Ltd,198.15,INR,1.5945447087776936,457227,0.7757578122614064,94814742209,INR,14.669302180962111,13.5078,INR,39.65736499829406,0.213622148167137,Non-energy minerals,No rating
ELECON,Elecon Engineering Co. Ltd.,423.7,INR,0.48618522471244197,1284270,2.569580166051218,94584571701,INR,40.27719685159131,10.5196,INR,-54.35627755215384,0.474495848161329,Producer manufacturing,Strong buy
STAR,Strides Pharma Science Ltd,1043,INR,2.2549019607843137,248701,1.6876405089094482,93923995804,INR,17.286356871285424,60.3366,INR,66.63702345312139,0.392541707556428,Health technology,Strong buy
SUDEEPPHRM,Sudeep Pharma Limited,858.1,INR,3.993213355147555,412880,3.191530478312156,93368982504,INR,56.05858680882199,15.3072,INR,,0,Health technology,Sell
CYIENT,Cyient Limited,825.2,INR,-1.7677519195285887,559577,1.0714404017415644,93359118347,INR,24.242068155111635,34.04,INR,-39.61326946957601,3.57142857142857,Technology services,Buy
VOLTAMP,Voltamp Transformers Limited,9183,INR,0.0326797385620915,26700,0.9032720777287613,92738578547,INR,30.42249601622003,301.849,INR,-6.154932393086688,1.09092892598047,Producer manufacturing,Buy
MMTC,MMTC Limited,61.66,INR,0.2275682704811337,1108364,0.899057921522121,92294998169,INR,23.877938272083025,2.5823,INR,347.1515151515151,0,Distribution services,No rating
SIGMAADV,Sigma Advanced Systems Limited,549.15,INR,4.999999999999996,263149,0.8620837641311513,91900193882,INR,21.37360905152785,25.6929,INR,,0,Technology services,No rating
VESUVIUS,Vesuvius India Ltd,450.95,INR,-0.29847446385143106,32405,0.3921608966997007,91860059396,INR,35.118254950976954,12.8409,INR,2.183583336649027,0.33141847105612,Non-energy minerals,No rating
RAILTEL,RailTel Corp. of India Ltd.,288.55,INR,1.334503950834069,291361,0.6481847729603585,91451405422,INR,26.732196292419008,10.7941,INR,15.547491355963055,1.00017546938059,Communications,Sell
PGINVIT,Powergrid Infrastructure Invesment Trust,101.33,INR,1.0672252144424428,2348336,1.5461064891101994,91263819768,INR,10.112269846814032,10.0205,INR,-22.43954921204991,11.0280187456377,Utilities,No rating
PGIL,Pearl Global Industries Limited,2016.6,INR,2.1321853633831305,69227,0.7778358305383812,91195155044,INR,33.615602600433405,59.99,INR,9.634053627299043,0.734325939430771,Consumer non-durables,Strong buy
ALKYLAMINE,Alkyl Amines Chemicals Limited,1821.5,INR,1.7882089969265158,50513,0.7083449607565702,91047865359,INR,51.83551508252703,35.14,INR,-3.3553355335533523,0.56175041429093,Process industries,Neutral
HMT,HMT Ltd.,60.77,INR,-1.009936471738064,9540,1.594731035405035,90238705646,INR,,-3.6513,INR,-105.12437266327596,0,Producer manufacturing,No rating
SGMART,SG Mart Ltd,720.65,INR,0.9950248756218938,570078,0.460836258097988,89926116646,INR,73.09787294470873,9.8587,INR,5.893662728249196,0,Utilities,Buy
THYROCARE,Thyrocare Technologies Ltd,584.05,INR,3.5090828533451406,3960893,2.3623962442551094,89920445929,INR,53.05156643140674,11.0091,INR,65.28939268823663,1.65206301442606,Health services,Strong buy
EQUITASBNK,Equitas Small Finance Bank Ltd.,79,INR,0.842481490936937,2138413,0.6310000558288836,89784423034,INR,87.855871886121,0.8992,INR,-29.82675199001093,0,Finance,Strong buy
TIPSMUSIC,Tips Music Limited,712.55,INR,1.8729001358209891,586014,0.2699739186547475,89424591683,INR,42.44324916757503,16.7883,INR,27.154228931084372,0,Consumer services,Strong buy
TARIL,Transformers and Rectifiers (India) Limited,302.5,INR,2.5423728813559325,1500221,0.7267452055930598,88578939009,INR,34.852238032144705,8.6795,INR,-0.369617870220503,0.0677736360555744,Producer manufacturing,Neutral
BATAINDIA,Bata India Ltd,699.65,INR,1.4058989781868152,192036,0.6725821788628129,88536194248,INR,67.00601440392278,10.4416,INR,-59.413056575904236,2.75822022210931,Consumer non-durables,Neutral
TEJASNET,Tejas Networks Ltd.,513.05,INR,3.5627775534921233,2141738,1.192402144114472,88310692917,INR,,-50.9913,INR,-301.45347803584906,0.503829101168883,Electronic technology,No rating
LOTUSDEV,Sri Lotus Developers and Realty Limited,187.95,INR,4.190919674039582,7601080,1.348665792157512,88165756893,INR,38.20976234523979,4.9189,INR,,0,Finance,Strong buy
TTKPRESTIG,TTK Prestige Limited,655.35,INR,1.86523665190021,67198,1.0300927877562354,88093723526,INR,55.88767034503931,11.7262,INR,43.4731007818331,0.932763311309755,Consumer durables,Buy
PNGJL,P N Gadgil Jewellers Limited,689.05,INR,6.4992272024729445,2989095,4.82288521026724,87810072136,INR,22.81781183459777,30.1979,INR,83.30308419781115,0,Retail trade,Strong buy
ESABINDIA,Esab India Limited,5621.5,INR,-0.4956190813346314,2031,0.6205126638355076,87038288954,INR,41.865543201978625,134.2751,INR,17.82579433085266,1.62705149971703,Producer manufacturing,No rating
BANCOINDIA,Banco Products (India) Limited,626.1,INR,2.9008135426082626,165884,1.3818645891992576,87002433151,INR,18.590771423481208,33.678,INR,22.95144808753143,0,Producer manufacturing,No rating
MEDPLUS,MedPlus Health Services Ltd.,716.9,INR,-0.5065574908056315,290079,0.6856884730283433,86606810981,INR,40.908209031875195,17.5246,INR,17.845711057912155,0,Retail trade,Strong buy
LEMONTREE,Lemon Tree Hotels Ltd.,111.82,INR,2.2494513533284506,1685106,0.6470661103297741,86552925751,INR,38.927763272410786,2.8725,INR,15.714631002255878,0,Consumer services,Strong buy
QPOWER,Quality Power Electrical Equipments Ltd.,1105.6,INR,0.01809299800975376,63072,0.7110477785957393,86536038590,INR,70.56600883351629,15.6676,INR,56.41322578068845,0.0894934669769107,Producer manufacturing,Strong buy
NCC,NCC Limited,142.14,INR,3.683711430447139,1809015,1.3319405380730094,85983584150,INR,13.216424294268606,10.7548,INR,-17.64201369212627,1.60642570281125,Consumer durables,Buy
RELIGARE,Religare Enterprises Limited,255.45,INR,-1.0075566750629812,1314228,2.013018940232904,85902382342,INR,99.43557804593226,2.569,INR,-31.619154089808088,0,Finance,No rating
EMBDL,Embassy Developments Limited,62.17,INR,1.568371181179547,1122374,0.55089314835316,85181240471,INR,,-6.415,INR,-346.7307692307692,0,Finance,No rating
JAYNECOIND,Jayaswal Neco Industries Limited,87.58,INR,0.9451360073766634,3068361,0.37629347005781166,84408876429,INR,15.06674924304982,5.8128,INR,137.77150570622163,0,Non-energy minerals,No rating
GRINFRA,G R Infraprojects Ltd.,877.45,INR,0.8737138587112746,6380,0.36083931904304056,84234876961,INR,9.405677386712746,93.2894,INR,-10.974902185323032,0,Industrial services,Strong buy
EUREKAFORB,Eureka Forbes Limited,439.7,INR,1.74707856068495,179826,1.3888622861785704,83634456339,INR,52.422623873336825,8.3876,INR,-1.123436560610168,0,Producer manufacturing,Strong buy
SUVEN,Suven Life Sciences Limited,311.65,INR,-1.3765822784810198,511043,0.5788769599169931,83514045978,INR,,-12.343,INR,-67.45126236246965,0,Health technology,No rating
SFL,Sheela Foam Ltd.,767.2,INR,0.6890215893431327,180984,0.6474767639040934,83300287910,INR,52.30433596945733,14.668,INR,66.20209848845377,0,Process industries,Neutral
WELENT,Welspun Enterprises Ltd.,596.8,INR,-0.33400133600534404,795444,3.2747554773163476,82902958196,INR,23.619554204660588,25.2672,INR,8.442918454935615,0.500876533934385,Industrial services,No rating
STARCEMENT,Star Cement Ltd.,202.83,INR,-1.0005857087075278,283032,1.4397223837275845,82816565575,INR,20.84648036424556,9.7297,INR,132.6900081312479,0.976085895558809,Non-energy minerals,Strong buy
RHIM,RHI Magnesita India Limited,401.05,INR,0.5263817520992663,491685,0.6678286905350155,82528290870,INR,,-18.5443,INR,-289.0944131172949,0.625547353934693,Producer manufacturing,Strong buy
POWERMECH,Power Mech Projects Ltd.,2692.9,INR,3.828655151141278,133658,2.8749405795137526,81982629987,INR,23.38947130709701,115.133,INR,11.498052006534957,0.048205780837238,Industrial services,Buy
SUDARSCHEM,Sudarshan Chemical Industries Limited,1056.35,INR,1.4696700446664384,108653,0.3897348154684401,81933872260,INR,373.42689479638005,2.8288,INR,-64.95670378950237,0.431841082481647,Process industries,Buy
BORORENEW,Borosil Renewables Limited,585.1,INR,0.7663825023680437,321533,0.3774333294009169,81532590500,INR,21.384530479626036,27.3609,INR,,0,Process industries,No rating
KAMAHOLD,Kama Holdings Limited,2543.5,INR,0.6171130187111796,1784,0.35158944443349555,81192360255,INR,8.769724985424016,290.0319,INR,47.33260792704486,1.63827516698945,Process industries,No rating
KRN,Krn Heat Exchanger and Refrigeration Limited,1244.6,INR,0.8671691385039159,49483,0.541954576270444,81008146154,INR,101.23719893605771,12.2939,INR,44.518502844783,0,Producer manufacturing,No rating
IXIGO,Le Travenues Technology Limited,195.99,INR,6.170097508125686,1133097,1.088851100010628,81000251885,INR,117.45774901114707,1.6686,INR,9.776315789473689,0,Technology services,Strong buy
SONATSOFTW,Sonata Software Limited,293.35,INR,1.822283929191253,1008207,0.21673680646960622,80804405759,INR,17.520231731716787,16.7435,INR,9.537734861569062,2.82838799236509,Technology services,Buy
IRBINVIT,IRB InvIT Fund,63.47,INR,0.7300428503412171,1310922,1.8402317117320979,80753616000,INR,19.441891809103716,3.2646,INR,-48.69884970771261,10.4745278527218,Finance,Neutral
YATHARTH,Yatharth Hospital and Trauma Care Services Limited,843.9,INR,0.608011444921319,234669,0.957783786541503,80735322681,INR,46.16596552459833,18.2797,INR,27.586495710985314,0,Health services,Strong buy
KRBL,KRBL Limited,350.55,INR,-0.05702066999286918,157363,0.5418242768181721,80260239435,INR,12.380844744100955,28.3139,INR,36.13630025675298,0.998146299729075,Process industries,Strong buy
MAHLIFE,Mahindra Lifespace Developers Limited,380.25,INR,1.4947284131856462,485785,0.8702723832441058,79971517046,INR,24.41600636967214,15.5738,INR,195.3835065624763,0.746965452847806,Finance,Strong buy
ICIL,Indo Count Industries Limited,401.15,INR,-0.5700830338331916,580542,1.6336857674475147,79934731440,INR,63.25092239286052,6.3422,INR,-48.939698897029224,0.495540138751239,Process industries,Strong buy
V2RETAIL,V2 Retail Limited,223.46,INR,1.9015914998404013,600559,0.8113720351521279,79873861531,INR,48.28226956484163,4.6282,INR,122.2424969987995,0,Retail trade,Strong buy
PCJEWELLER,PC Jeweller Ltd.,9.35,INR,0.7543103448275894,139047251,0.3311842302230441,79696887474,INR,12.98611111111111,0.72,INR,-26.508114728998677,0,Consumer durables,No rating
TANLA,Tanla Platforms Ltd,587.1,INR,-2.1092121717382204,1295942,0.3386721356998725,79510733779,INR,14.611747137879544,40.18,INR,11.652050196183037,2.00150112584438,Technology services,Neutral
BSOFT,Birlasoft Limited,293.45,INR,3.912889518413602,1999905,1.1853703180908604,78986881027,INR,15.939706681151547,18.41,INR,0.43644298963448913,2.30088495575221,Technology services,Buy
AVL,Aditya Vision Ltd.,623.95,INR,2.111120202929399,61129,0.30762858914279273,78883972408,INR,69.02101769911505,9.04,INR,10.696136655850118,0.180076941966113,Retail trade,Strong buy
SHARDACROP,Sharda Cropchem Ltd.,888.6,INR,1.79277163640529,99553,0.8613058231343839,78753467489,INR,11.774792192011533,75.4663,INR,123.6893508926375,1.37472791843281,Distribution services,Buy
INDIASHLTR,India Shelter Finance Corp. Ltd.,727.95,INR,0.559469539991721,122066,0.9600217697004779,78560332390,INR,16.201869574894282,44.93,INR,32.53687315634219,1.38561729250381,Finance,Strong buy
SANOFI,Sanofi India Limited,3368.8,INR,-0.5931128094661958,9673,0.5022378217842346,78018732202,INR,25.043749247304792,134.5166,INR,-21.80713100717425,3.63078194645335,Health technology,Buy
INDIAGLYCO,India Glycols Limited,1184.45,INR,2.301779236482993,222525,0.8833978372880629,77623693655,INR,25.327269072698428,46.7658,INR,25.40605768070472,1.07935411449788,Process industries,Strong buy
CERA,Cera Sanitaryware Limited,6205.5,INR,3.1327904271231515,9821,1.1644257902349955,77616759658,INR,39.18108347013512,158.38,INR,-17.000966872181593,1.08010202809927,Consumer durables,Buy
KIRLFER,Kirloskar Ferrous Industries Ltd.,480.95,INR,2.188462764262193,109886,1.5270279471989572,77505173260,INR,22.225046210720887,21.64,INR,21.84684684684684,1.17083555082491,Non-energy minerals,Strong buy
INOXGREEN,Inox Green Energy Services Ltd.,199.05,INR,3.7421170584249785,5386399,5.025956029594772,77166767885,INR,72.92277256740915,2.7296,INR,382.1762939409998,0,Utilities,No rating
KPIGREEN,KPI Green Energy Limited,392.45,INR,0.5766273705791902,307348,0.6173523436643207,77092066956,INR,16.331668747399082,24.03,INR,46.11633365357722,0.217948717948718,Utilities,Strong buy
TTML,Tata Teleservices (Maharashtra) Limited,39.48,INR,0.2539360081259378,1352435,0.4980503292537922,76887311373,INR,205.62499999999997,0.192,INR,,0,Communications,No rating
PRICOLLTD,Pricol Ltd.,665.35,INR,5.829489422618097,1352331,3.403415115266237,76724404404,INR,32.33354553715916,20.5777,INR,50.15506082032647,0.317712470214456,Producer manufacturing,Strong buy
CLEAN,Clean Science & Technology Ltd.,728.3,INR,1.0124826629680936,79303,0.30645434911056246,76624387054,INR,33.71712429919955,21.6003,INR,-13.174047440076855,0.832235245162633,Process industries,Buy
MAHSEAMLES,Maharashtra Seamless Limited,576.85,INR,0.9273029481235358,30834,0.5164824120602886,76596331962,INR,11.023334651891176,52.3299,INR,-9.806669114111239,1.74932213767165,Non-energy minerals,No rating
ORKLAINDIA,Orkla India Ltd.,568.9,INR,2.1823080377189004,38630,0.6803284174042908,76494787866,INR,27.22895487527042,20.8932,INR,,0,Consumer non-durables,Strong buy
CELLO,Cello World Limited,345.05,INR,0.21783328492593668,140965,0.4395120267564034,76083849566,INR,24.393433815004382,14.1452,INR,-8.689982829182641,0.435476847147627,Consumer durables,Buy
GMRP&UI,GMR Power and Urban Infra Ltd,97.62,INR,0.030740854595758926,243530,0.2979715834975646,76063295513,INR,11.496608253250425,8.4912,INR,-59.18182910707848,0,Industrial services,Strong buy
RAIN,Rain Industries Limited,223.74,INR,-0.6615459752253167,3339585,0.6086766890872215,75795492498,INR,24.947037441741188,8.9686,INR,,0.443754160195252,Process industries,Strong buy
OMNI,Omnitech Engineering Limited,619.65,INR,1.2499999999999962,193825,0.5496669810726823,75436274185,INR,,,,,0,Producer manufacturing,No rating
SAFARI,Safari Industries (India) Limited,1594.2,INR,3.5934758593800735,14865,0.7341538339967799,75347808544,INR,46.56066730531088,34.2392,INR,17.418381344307257,0.227590467210716,Consumer durables,Strong buy
KWIL,Kwality Walls (India) Limited,31.5,INR,-1.5625,5030799,0.6488035692508832,75186921875,INR,,,,,0,Consumer non-durables,No rating
SJS,S.J.S. Enterprises Limited,2419.3,INR,3.5836615858880068,150999,1.8391097188457624,74709631742,INR,45.915733535775296,52.69,INR,42.15183726326012,0.149937882877094,Producer manufacturing,Strong buy
EPL,EPL Limited,239.06,INR,2.5744443490946534,231791,0.5493539507856446,74661388472,INR,19.70816158285243,12.13,INR,8.110516934046347,2.14500214500215,Process industries,Strong buy
NESCO,NESCO Limited,1008.3,INR,-4.508002651766279,243109,6.651736610831724,74338785228,INR,17.21294684011062,58.578,INR,10.00170885921442,0.616084545756125,Producer manufacturing,Buy
GNFC,Gujarat Narmada Valley Fertilizers & Chemicals Ltd.,513.95,INR,2.1667826259815195,203336,0.7467763556567567,73962596749,INR,9.348199750811682,54.9785,INR,35.31970090035098,3.57604052845932,Process industries,No rating
ELANTAS,ELANTAS Beck India Limited,9555,INR,3.1189294193826895,720,0.9633395772009634,73653715990,INR,51.8846255347293,184.1586,INR,7.725389422404789,0.0807258871775001,Process industries,No rating
BIRLACORPN,Birla Corporation Limited,910.2,INR,-4.850512230817476,462709,3.1221993026976436,73624804245,INR,12.570225882898859,72.4092,INR,88.86613856944251,1.04591569919464,Non-energy minerals,Strong buy
SKFINDIA,SKF India Limited,1481.4,INR,-0.22898706896550808,37000,0.6820113066414983,73538973522,INR,27.53905269674138,53.7927,INR,-53.0058086762351,0.974789915966387,Producer manufacturing,Neutral
MIDHANI,Mishra Dhatu Nigam Ltd.,397.1,INR,1.1204481792717174,296453,0.6701986725023511,73521583850,INR,56.572592708674655,7.0193,INR,18.641403556216616,0.216588100394955,Non-energy minerals,Strong buy
GARFIBRES,Garware Technical Fibres Limited,753,INR,0.6079230409512932,23157,0.45296460315473214,73206966149,INR,37.64303603833291,20.0037,INR,-14.115141705271931,1.2671735360811,Producer manufacturing,Buy
JYOTHYLAB,Jyothy Labs Limited,201.98,INR,1.71727854157224,575317,1.6354133709924956,72928803541,INR,22.260428721000718,9.0735,INR,-10.05382792906213,1.76233635448137,Consumer non-durables,Buy
JKPAPER,JK Paper Limited,414.55,INR,3.2631710051064946,2094793,1.3331526345858293,72763220734,INR,26.08036438902555,15.8951,INR,-30.31521262604121,1.24595066035385,Process industries,Strong buy
PICCADIL,Piccadily Agro Industries Limited,757.05,INR,2.692620727075408,256342,0.6859953826667762,72509666392,INR,53.64849446897167,14.1113,INR,30.0760473798221,0,Process industries,No rating
IMFA,Indian Metals & Ferro Alloys Ltd.,1371.8,INR,2.365495112305055,41870,0.5434895481780704,72390220550,INR,17.444669952643277,78.6372,INR,12.029974498881668,1.11798464634419,Non-energy minerals,Strong buy
BAJAJCON,Bajaj Consumer Care Limited,540.85,INR,-1.6278646780647383,600626,0.3254987241826087,72265448170,INR,31.963996548585747,16.9206,INR,85.02772036873012,0,Consumer non-durables,Buy
GPPL,Gujarat Pipavav Port Limited,148.31,INR,-0.6164980231856781,1639150,1.5934337483853256,72129233229,INR,13.906496136823945,10.6648,INR,29.90328631635363,6.4343163538874,Transportation,Neutral
NEWGEN,Newgen Software Technologies Limited,506.3,INR,0.11864741941863213,1031928,0.13644250736629396,72060177853,INR,23.03457688808007,21.98,INR,-0.3626473254759669,0.988826263225551,Technology services,Buy
POWERICA,Powerica Limited,565.7,INR,-0.44874615046193655,172709,0.7020217334927805,71824513553,INR,,,,,0,Producer manufacturing,No rating
WESTLIFE,Westlife Foodworld Limited,464.5,INR,1.1651965588587658,85823,0.23280801903631376,71465545947,INR,223.55375878332853,2.0778,INR,166.07760276603918,0,Consumer services,Buy
JKLAKSHMI,JK Lakshmi Cement Limited,574.2,INR,0.296943231441056,59113,0.4453631020591442,71029239839,INR,16.959715506827308,33.8567,INR,33.13004054059366,1.13606571703225,Non-energy minerals,Buy
DYNAMATECH,Dynamatic Technologies Limited,10546,INR,0.8414610824249378,13287,1.4098510249989389,70918965690,INR,220.96044250754272,47.728,INR,-24.688239164703447,0.0478817130161649,Producer manufacturing,Strong sell
KINGFA,Kingfa Science & Technology (India) Limited,5128.5,INR,-1.6020721412125862,18705,4.0239652353497775,70848651833,INR,36.57892052777495,140.2037,INR,11.081030760393762,0,Process industries,No rating
BENGALASM,Bengal & Assam Co. Ltd.,6215.5,INR,0.21767171880038697,278,1.3927855711422845,70728124297,INR,8.584632906290835,724.0263,INR,11.731039823261497,0.806178552425791,Consumer durables,No rating
BALAMINES,Balaji Amines Limited,2284.8,INR,5.0724304437801875,323794,1.6940547412699367,70669826394,INR,44.276238147560335,51.6033,INR,6.144466545033423,0.504332676172573,Process industries,Neutral
TCI,Transport Corporation of India Limited,932.3,INR,1.585399073821842,22111,0.6147528449452666,70538666483,INR,15.658380920389654,59.54,INR,12.128060263653479,0.980285371963838,Transportation,Strong buy
REDTAPE,Redtape Limited,127.28,INR,0.4023033840814113,178327,0.3847338791139041,70234209451,INR,29.27794263105836,4.3473,INR,41.159853232457706,0,Retail trade,No rating
SPARC,Sun Pharma Advanced Research Co. Ltd.,214.91,INR,-0.6104610831059488,940079,0.5779514792716063,70226473654,INR,4.490276048239493,47.8612,INR,,0,Health technology,No rating
GAEL,Gujarat Ambuja Exports Limited,157.31,INR,3.73911896597205,3107123,1.8908707117973127,69557401925,INR,23.713764565777772,6.6337,INR,22.034989606136975,0.164853280580284,Consumer non-durables,Strong buy
HNDFDS,Hindustan Foods Ltd.,578.15,INR,0.16458766458765275,80724,1.1298555698475639,69042535420,INR,47.81418505408713,12.0916,INR,28.102553236571666,0,Consumer non-durables,Strong buy
JSLL,Jeena Sikho Lifecare Limited,565.35,INR,1.9015861571737687,483511,1.478705142504481,69011765616,INR,31.7319997305853,17.8164,INR,306.1458499555474,0.198126801152738,Health services,Strong buy
IBULLSLTD,Indiabulls Limited,31.16,INR,2.063544055027838,4694441,0.5647696759830714,68656068096,INR,,,,,0,Finance,No rating
GALAXYSURF,Galaxy Surfactants Ltd.,1962.8,INR,0.915167095115679,6391,0.8549375284265726,68567719526.99999,INR,26.04094802424191,75.3736,INR,-12.356075246686618,1.13756818945681,Consumer non-durables,Buy
ACI,Archean Chemical Industries Ltd.,576.75,INR,3.94701270613679,261051,0.4551609350840645,68476198630,INR,66.94951652408093,8.6147,INR,-34.32766414844066,0.450734697557018,Process industries,Neutral
RCF,Rashtriya Chemicals & Fertilizers Ltd.,126.27,INR,1.6502978586378982,511013,0.642361951317745,68464493653,INR,16.30657971201653,7.7435,INR,76.20087833071653,1.86946011281225,Process industries,No rating
ABFRL,Aditya Birla Fashion and Retail Ltd,57.05,INR,1.4222222222222172,2012834,0.7629632190317882,68449521204.00001,INR,,-6.3771,INR,-57.87636471665885,0,Retail trade,Neutral
ETHOSLTD,Ethos Ltd.,2578.8,INR,0.6243171531137818,10977,0.3278154891848066,68439492454.00001,INR,71.39436054318186,36.1205,INR,-4.93179240043902,0,Retail trade,Strong buy
AXISCADES,AXISCADES Technologies Ltd.,1533.4,INR,-4.639303482587058,184831,1.69157539060784,68411092245.00001,INR,91.27380952380952,16.8,INR,-2.495647127103887,0,Commercial services,Neutral
SHAKTIPUMP,Shakti Pumps (India) Limited,529.5,INR,-4.249547920433996,1075712,2.3674515901495568,68306945953,INR,30.803329901045398,17.1897,INR,-49.88951596916942,0.18065215427694,Producer manufacturing,Strong buy
DBL,Dilip Buildcon Ltd.,443.65,INR,5.568114217727538,2647147,1.4525313383929683,68234946430,INR,5.28323322202798,83.9732,INR,91.59846398510533,0.238066896798,Industrial services,Buy
PRECWIRE,Precision Wires India Limited,373.95,INR,0.3892617449664399,87364,0.505894595062542,68150808290.99999,INR,43.686258017032905,8.5599,INR,69.84602563593796,0.321888412017167,Producer manufacturing,Strong buy
SUPRIYA,Supriya Lifescience Limited,844.9,INR,0.5234979179060056,126906,0.6822690475243246,67617622785,INR,32.52066942772244,25.9804,INR,11.246991924226464,0.119026364339701,Health technology,Strong buy
NEPHROPLUS,Nephrocare Health Services Limited,681.65,INR,1.270242163125829,105459,0.6594624948254277,67574459870.00001,INR,,,,,0,Health services,Buy
FDC,FDC Ltd.,417.1,INR,1.0049642813900073,60671,0.6128829571443579,66963781388,INR,24.13144725042668,17.2845,INR,5.480120831171999,1.2156576707999,Health technology,No rating
ASHAPURMIN,Ashapura Minechem Ltd,702.1,INR,0.724481744494666,522020,1.1810511450214154,66576916672.00001,INR,16.708948723684777,42.0194,INR,35.06718097074895,0.143482315804577,Non-energy minerals,No rating
GANESHHOU,Ganesh Housing Limited,819.85,INR,2.558168626469858,89342,2.314259810905256,66363615602.00001,INR,25.78241946236965,31.7988,INR,-54.06788964321826,0.628259094050386,Consumer durables,No rating
SUPRAJIT,Suprajit Engineering Limited,491.4,INR,1.434616575497985,51535,0.5859199574331169,66305633158,INR,36.92599021619063,13.3077,INR,84.69577527341366,0.672390607220441,Producer manufacturing,Strong buy
CAMPUS,Campus Activewear Ltd.,219.44,INR,1.3345647656430322,434471,0.07140058564877991,66265733403.00001,INR,44.90280335584203,4.887,INR,23.150971448731177,0,Consumer non-durables,Strong buy
VIKRAMSOLR,Vikram Solar Limited,181.19,INR,-0.8807439824945369,1016051,0.5664439081708944,66238379963,INR,13.164816321785631,13.7632,INR,,0,Electronic technology,Buy
EBGNG,Gng Electronics Limited,587.3,INR,2.6120380885821493,343611,0.9469801779912977,65345701320,INR,49.49977664837712,11.8647,INR,,0,Technology services,Strong buy
GREENLAM,Greenlam Industries Ltd,256.3,INR,0.11718750000000444,183172,1.4999455449638917,65228509246,INR,116.2358276643991,2.205,INR,-19.2603441962651,0.156463915509486,Non-energy minerals,Buy
AJAXENGG,Ajax Engineering Ltd.,566.85,INR,-0.1321353065539112,35689,0.35868990594804734,64994499899,INR,28.994884910485933,19.55,INR,,0,Producer manufacturing,Strong buy
MBAPL,Madhya Bharat Agro Products Ltd.,163.95,INR,10.590219224283299,5234794,2.1278112500649344,64953465431,INR,46.36201679721742,3.5363,INR,108.82839258296919,0.0674536256323777,Process industries,No rating
TRANSRAILL,Transrail Lighting Limited,485,INR,0.4764864304951339,269719,1.1558302536219462,64825523563,INR,16.253351206434317,29.84,INR,22.60158593204323,0.165682924303614,Industrial services,No rating
KOVAI,Kovai Medical Center & Hospital Ltd.,5844,INR,-0.01710863986313088,3319,0.8470077835906596,63993626939,INR,26.556200627460676,220.0616,INR,15.24385581792378,0.170989860301284,Health services,No rating
PAISALO,Paisalo Digital Ltd.,70.44,INR,0.3847798204360781,11574048,0.4955821225027169,63839340913,INR,26.86703791288428,2.6218,INR,17.775481784286406,0.142470437384243,Finance,Strong buy
SENORES,Senores Pharmaceuticals Ltd.,1412,INR,1.7657657657657657,422207,1.9003866426009028,63837183333,INR,53.99679537432552,26.1497,INR,84.7291197185586,0,Health technology,Strong buy
BECTORFOOD,Mrs. Bector's Food Specialities Ltd.,211.89,INR,2.5456129313265214,3219598,0.1217826505225096,63562404788,INR,46.185535550808666,4.5878,INR,-3.6682414698162837,0.579570152137165,Consumer non-durables,Strong buy
DODLA,Dodla Dairy Ltd.,1031.9,INR,-2.7610252544289438,55675,4.367351741449639,63510100272,INR,25.433169842013164,40.573,INR,-5.12369019808671,0.474946568511043,Consumer non-durables,Strong buy
ITDC,India Tourism Development Corp. Ltd.,735.15,INR,-0.30512611879576895,329942,0.09286293273290178,63229203870,INR,76.22400099537565,9.6446,INR,1.3876332443285713,0.393380358111774,Consumer services,No rating
MAXESTATES,Max Estates Limited,395.45,INR,2.143871884282581,34563,0.4042333215598122,63091651202,INR,477.0205066344994,0.829,INR,-67.40839754678409,0,Finance,Strong buy
KUSUMGAR,Kusumgar Ltd.,575.2,INR,-4.348549097863137,1108662,,63036826385,INR,,,,,0,Process industries,Strong buy
UNIMECH,Unimech Aerospace & Manufacturing Limited,1203.2,INR,-2.7638597058348187,67119,0.39328245741915674,62909965511,INR,96.79106098512578,12.4309,INR,,0,Producer manufacturing,Strong buy
ISGEC,ISGEC Heavy Engineering Ltd.,859.25,INR,0.42660121552126895,14481,0.6592881272593173,62893471535,INR,26.41148119459506,32.5332,INR,-4.006939854593514,0.584556029695446,Industrial services,No rating
SUNFLAG,Sunflag Iron & Steel Co. Ltd.,362.15,INR,3.857183825638081,253363,1.2231332425102321,62869556897,INR,32.258782868951755,11.2264,INR,24.843200925225748,0.214992116955712,Non-energy minerals,No rating
SENCO,Senco Gold Limited,417.95,INR,9.168081494057716,18605457,8.692670373672858,62742014382,INR,11.927796803652967,35.04,INR,249.93458699929096,0.456978717848283,Consumer durables,Buy
IONEXCHANG,Ion Exchange (India) Ltd.,427.4,INR,0.5410491649023652,647993,0.776727971702823,62391968813,INR,27.859256651935283,15.3414,INR,-16.27747065340181,0.352609308885755,Producer manufacturing,No rating
SHREMINVIT,Shrem Infra Invest Private Limited,102,INR,0,50000,0.10362694300518134,62306108400,INR,7.309574826397598,13.9543,INR,-26.41999915633173,17.2658823529412,Miscellaneous,No rating
STYL,Seshaasai Technologies Limited,359.4,INR,-6.515801794771756,226335,0.5617630327236554,62141527770,INR,22.032859244727806,16.312,INR,,0,Technology services,Strong buy
JUSTDIAL,Just Dial Ltd.,718.7,INR,-1.4061321078263256,356069,0.035324417696564116,62051773217,INR,12.137086423756063,59.2152,INR,-16.437186631688423,0,Technology services,Buy
GOKULAGRO,Gokul Agro Resources Ltd.,211.55,INR,0.7716858000285831,213114,0.501214265253111,61997723975,INR,16.90020451204704,12.5176,INR,50.408535999230985,0,Process industries,No rating
ARVINDFASN,Arvind Fashions Ltd.,463.7,INR,0.22695342051226877,130445,0.23921654998185446,61850733326,INR,51.870329768669734,8.9396,INR,,0.345684346980663,Retail trade,Strong buy
SIS,SIS Limited,435.4,INR,-0.4913724145811985,53598,0.3561274478861785,61691908632,INR,45.896316910168025,9.4866,INR,1255.2285714285715,1.60329821346771,Commercial services,Buy
DBREALTY,Valor Estate Ltd,113.85,INR,1.199999999999995,272338,0.5798777082291345,61617404641,INR,236.4977149979227,0.4814,INR,,0,Finance,No rating
GSFC,Gujarat State Fertilizers & Chemicals Limited,160.08,INR,3.5714285714285783,933160,2.4536044579055494,61564779785,INR,9.485491488063142,16.8763,INR,13.773831674891465,3.23624595469256,Process industries,Sell
FIEMIND,Fiem Industries Limited,2356.6,INR,1.0592220935717578,67883,1.4649594931136134,61534048249,INR,24.267875495068367,97.1078,INR,24.724081373678533,1.28317543146774,Producer manufacturing,Strong buy
LATENTVIEW,Latent View Analytics Limited,313.85,INR,6.012497888870127,5284442,6.751527271129082,61239452663,INR,32.83190191750442,9.5593,INR,13.801190476190476,0,Commercial services,Buy
MAPMYINDIA,C.E. Info Systems Ltd.,1132.1,INR,1.342762510070719,309716,0.31563697080799297,61143458626,INR,46.47811574984501,24.3577,INR,-9.21366992549301,0.313465585956742,Commercial services,Buy
AARTIPHARM,Aarti Pharmalabs Limited,684.35,INR,1.5657465123182053,105041,0.6976941904758742,61140861603,INR,33.26431116360685,20.5731,INR,-31.521153014013247,0.593251761216166,Health technology,No rating
KENNAMET,Kennametal India Limited,2837.3,INR,1.9547953573610295,24487,2.0887463427533204,61087420782,INR,45.02442995450427,63.0169,INR,35.917737900094906,1.43913364154779,Producer manufacturing,No rating
PNCINFRA,PNC Infratech Ltd,241.85,INR,1.5280634734058127,405716,0.7460282961032638,61056325928,INR,7.460154416096783,32.4189,INR,1.984711211778031,0.252100840336134,Industrial services,Strong buy
GOKEX,Gokaldas Exports Limited,834.25,INR,0.45153521974714034,168409,0.5458474379601695,60846422675,INR,63.44106463878327,13.15,INR,-38.4651380439869,0,Consumer non-durables,Strong buy
KSHINTL,KSH International Ltd.,885.1,INR,-0.3770611739546426,72826,0.23728115532913288,60011230328,INR,48.440766645869594,18.2718,INR,,0,Producer manufacturing,Neutral
ALOKINDS,Alok Industries Limited,12.04,INR,-0.24855012427507156,2353541,0.5385786170461979,59980107551,INR,,-1.4316,INR,9.00076277650648,0,Process industries,No rating
DCBBANK,DCB Bank Limited,190.26,INR,2.1585051546391654,10927140,10.960501574693051,59938610404,INR,7.778413736713,24.46,INR,20.61143984220907,0.779150994089199,Finance,Strong buy
RPEL,Raghav Productivity Enhancers Ltd.,1292.7,INR,-0.8057090239410681,44411,0.6125655172413793,59838595905,INR,94.66653973182574,13.6553,INR,55.302694280482676,0.0767430259775143,Process industries,No rating
SKIPPER,Skipper Ltd,520.65,INR,-1.513288565213279,627753,1.0992228868405562,59654004154,INR,32.216048313244066,16.1612,INR,44.37764099448798,0.0189232661557385,Producer manufacturing,Strong buy
KMEW,Knowledge Marine & Engineering Works Limited,2427.8,INR,-0.10286795868822778,39707,0.5230799631142142,59483511121,INR,71.60363474419057,33.9061,INR,19.54341924338047,0,Producer manufacturing,No rating
PRAJIND,PRAJ Industries Limited,316,INR,-2.3183925811437405,715781,1.5978349409211747,59463536263,INR,243.6203839333899,1.2971,INR,-89.10860328815893,1.85471406491499,Industrial services,Neutral
CSBBANK,CSB Bank Ltd.,337.25,INR,-1.0706952185391545,489401,0.6243046906821503,59097945086,INR,8.80309263280989,38.3104,INR,10.95008890974068,0,Finance,Strong buy
TVSSCS,TVS Supply Chain Solutions Ltd.,136.62,INR,2.621497784120791,215529,0.5993287864627203,58787238091,INR,52.84493095578849,2.5853,INR,,0,Transportation,No rating
CEIGALL,Ceigall India Limited,335.8,INR,-0.38564224265796837,228583,0.8666470019973036,58724460887,INR,18.608104888090924,18.0459,INR,2.832086341594059,0,Industrial services,Neutral
TIMEX,Timex Group India Limited,561.25,INR,-3.040511358728517,400370,0.9902846391237747,58450048233,INR,75.6707563705002,7.417,INR,170.4762599372766,0,Consumer durables,No rating
CORDELIA,Waterways Leisure Tourism Limited,820.7,INR,1.7733134920635008,182658,0.3518333247939077,58378964072,INR,,,,,0,Consumer services,No rating
TIIL,Technocraft Industries (India) Limited,2593,INR,1.0325345801675434,4643,0.4354268458515816,58281562409,INR,20.60530159391107,125.8414,INR,12.152612839834049,0.778043609344304,Producer manufacturing,Strong buy
INDUSINVIT,Indus Infra Trust,130.63,INR,-0.09941878250229082,164175,0.8622278802507669,57962945287,INR,15.042953545682765,8.6838,INR,-20.143825349677684,4.53156044627846,Finance,No rating
STYLAMIND,Stylam Industries Limited,3415.2,INR,-0.046827440880366535,107652,0.366624413973767,57958131568,INR,34.169631529869406,99.9484,INR,42.70677464676118,0,Non-energy minerals,Buy
VMART,V-Mart Retail Ltd,714.95,INR,-1.3385772441868395,258775,1.3352221569223355,57751845474,INR,41.46488577509961,17.2423,INR,106.86622675464905,0,Retail trade,Strong buy
SAPPHIRE,Sapphire Foods India Ltd.,187.09,INR,4.449531040643143,5604160,5.584759105343945,57511469699,INR,,-0.5017,INR,-283.436928702011,0,Consumer services,Buy
GREAVESCOT,Greaves Cotton Limited,245.99,INR,-0.13397206885351742,1108107,0.5382759849499354,57364289951,INR,53.69319422010739,4.5814,INR,82.75160556863061,0.812182741116751,Producer manufacturing,Buy
KISSHT,Onemi Technology Solutions Limited,342.25,INR,0.6173746876378136,1766690,1.0884766409939493,57360044159,INR,,,,,0,Finance,Strong buy
JSFB,Jana Small Finance Bank Ltd,537.25,INR,0.05587112394076813,428226,0.22359623040270882,56853248833,INR,14.952685777901475,35.93,INR,-12.573332068043394,0,Finance,Strong buy
MASFIN,MAS Financial Services Ltd.,318.3,INR,1.5149099027268378,89217,0.9773777962796624,56794904541,INR,15.553687831670299,20.4646,INR,17.123283751223344,0.623003194888179,Finance,Strong buy
HAPPSTMNDS,Happiest Minds Technologies Ltd.,387.7,INR,4.0665682458730315,1510349,0.8267485166577606,56684298317,INR,27.409172210478687,14.1449,INR,14.7547500446204,1.67897918065816,Technology services,Buy
CCAVENUE,AvenuesAI Ltd,16.73,INR,2.386780905752757,7999020,0.7617830031827955,56609853576,INR,18.671875,0.896,INR,23.195380173243514,0,Commercial services,No rating
FEDFINA,Fedbank Financial Services Ltd.,150.27,INR,-0.17272304524014542,683171,0.20079839561385016,56450338124,INR,14.804926108374385,10.15,INR,64.61506025073389,0,Finance,Strong buy
NIRLON,Nirlon Limited,620.05,INR,-0.08862391234290495,2136,0.143261479027217,56332785849,INR,16.151636002740346,38.3893,INR,58.58039251324968,4.15933450647896,Finance,No rating
HCC,Hindustan Construction Co. Ltd.,21.73,INR,1.3999066728884775,16327008,0.8093142983747882,56187590976,INR,30.15542603386067,0.7206,INR,35.70621468926553,0,Industrial services,Strong buy
SAATVIKGL,Saatvik Green Energy Ltd.,442.95,INR,0.5447735784814385,36176,0.16821258320887264,56027994908,INR,14.779730464696481,29.9701,INR,,0,Producer manufacturing,Strong buy
AEROFLEX,Aeroflex Industries Ltd.,418.15,INR,-0.6415587501485197,1478407,1.4425495459366526,55704637046,INR,98.09510404203908,4.2627,INR,4.984853335960395,0.0712673714217841,Producer manufacturing,No rating
JAIBALAJI,Jai Balaji Industries Limited,61.34,INR,0.16329196603527338,282117,0.8059244590618758,55683830249,INR,43.191099845092246,1.4202,INR,-77.03205356276482,0,Non-energy minerals,No rating
SMLMAH,SML Mahindra Limited,3903.8,INR,1.5451045676828656,55979,0.6314066701557453,55647822258,INR,36.11944082316574,108.0803,INR,9.961969217245505,0.468103919070034,Consumer durables,No rating
AHLUCONT,Ahluwalia Contracts (India) Limited,830.65,INR,0.35640932705085554,25094,0.5336299125360712,55515943737,INR,20.93150422586319,39.6842,INR,31.548380680876438,0.0723981900452489,Industrial services,Strong buy
SMARTWORKS,Smartworks Coworking Spaces Limited,485,INR,0.5077194073153017,71669,0.25123005239904034,55102886793,INR,199.21955226945985,2.4345,INR,,0,Finance,Strong buy
KALPATARU,Kalpataru Ltd.,267,INR,0.2440397972592368,53611,0.311749497872281,54783417576,INR,66.74499412544058,4.0003,INR,209.7645965618708,0,Finance,No rating
TRIVENI,Triveni Engineering and Industries Limited,240,INR,-3.4981905910735778,1325944,2.2302825278410277,54669766628,INR,18.709657301443762,12.8276,INR,15.463063809103758,1.6016016016016,Process industries,Strong buy
MOIL,Moil Limited,268.4,INR,-0.16737957969129455,186256,0.6639671552713372,54645951798,INR,20.420584923460847,13.1436,INR,-29.919488136496934,2.51349841742692,Non-energy minerals,Buy
SETL,Standard Engineering Technology Ltd,282.8,INR,3.7037037037037126,630188,0.861854839382456,54481171773,INR,70.52193212139348,4.0101,INR,,0,Health technology,No rating
NEOGEN,Neogen Chemicals Ltd.,2064.1,INR,0.0630211363195524,149380,1.1156669878186314,54434629238,INR,155.8422928243537,13.2448,INR,3.868564482609886,0.0484648750817845,Process industries,Buy
PRSMJOHNSN,Prism Johnson Limited,108.55,INR,0.4906498796519174,50253,0.39321319333431926,54085661629,INR,74.94994131050197,1.4483,INR,-8.797229219143587,0,Non-energy minerals,Neutral
INNOVACAP,Innova Captab Limited,970.4,INR,2.099005734125933,43736,1.1290351726363343,54006027508,INR,39.40694657077535,24.6251,INR,9.869718466961135,0.211920529801325,Health technology,Strong buy
GVPIL,GE Power India Ltd.,779.85,INR,-2.6039715249157016,134857,0.6094262065425071,53654242483,INR,20.754270080957223,37.5754,INR,,0,Industrial services,No rating
ENTERO,Entero Healthcare Solutions Limited,1273.4,INR,3.5621340273259747,165836,2.3283855351316136,53568198268,INR,48.23484848484849,26.4,INR,21.22993277249181,0,Distribution services,Strong buy
CYIENTDLM,Cyient DLM Limited,665.05,INR,-0.8054291893504497,315550,0.14654089645040844,53274177297,INR,64.32191423099987,10.3394,INR,26.485124290467795,0,Electronic technology,Buy
OPTIEMUS,Optiemus Infracom Limited,610.45,INR,1.750145845487124,90875,0.29655487268617853,53262046790,INR,82.71680216802169,7.38,INR,0.2649276543713043,0,Distribution services,No rating
CENTUM,Centum Electronics Limited,3503.1,INR,-2.523790973342987,33847,1.1533926721552805,53087442014,INR,,-34.871,INR,-2658.5634047939247,0.166807990102726,Electronic technology,Strong buy
JAMNAAUTO,Jamna Auto Industries Limited,135.06,INR,1.8014622748172269,1623281,1.0681127405436786,53038031732,INR,23.385393219517262,5.7754,INR,28.00939778797349,1.58371040723982,Producer manufacturing,Strong buy
IFBIND,IFB Industries Ltd,1323.8,INR,1.5106203512000649,246955,2.124179633404726,52917546288,INR,37.3632886919462,35.4305,INR,20.72995784904027,0,Consumer durables,Buy
GOLDIAM,Goldiam International Limited,355.75,INR,1.7882689556509301,603390,0.5527292167301467,52649829816,INR,31.056849530327895,11.4548,INR,39.19193146606721,0,Consumer durables,No rating
MASTEK,Mastek Limited,1731.6,INR,2.4070021881837964,67476,0.5735384866458232,52463823371,INR,12.933004705355144,133.89,INR,5.358829084041539,1.41823016693751,Technology services,Strong buy
CRAMC,Canara Robeco Asset Management Co. Ltd.,262.87,INR,1.1232929409501888,382782,0.10036417547817991,51868472012,INR,,,,,0,Finance,Buy
SURYAROSNI,Surya Roshni Limited,239.2,INR,0.5253204454717377,306470,0.8653606959028148,51721169065,INR,18.221707599488084,13.1272,INR,-17.598096756576922,2.31432779297286,Non-energy minerals,Buy
RPTECH,Rashi Peripherals Limited,801.45,INR,2.7697634160415494,450228,1.139324783277311,51421508445,INR,19.3051634597782,41.5148,INR,31.48912988395074,0.256311674996796,Distribution services,No rating
SUBROS,Subros Limited,788,INR,0.7737067587441594,25232,0.7328726738292539,51183972502,INR,31.066920038163424,25.3646,INR,9.923379617591484,0.331379046647974,Producer manufacturing,Strong buy
PURVA,Puravankara Limited,219.45,INR,2.859151628778999,113195,0.0638229900564802,50619600334,INR,82.0711320543027,2.6739,INR,,0,Finance,No rating
BANSALWIRE,Bansal Wire Industries Limited,316.45,INR,-2.3302469135802504,83438,0.26956927973781625,50575399022,INR,34.85592809622417,9.0788,INR,-10.432800923413879,0,Non-energy minerals,Strong buy
CARERATING,CARE Ratings Ltd,1700.6,INR,1.2261904761904707,138919,4.173095178015693,50549414535,INR,29.945412924810704,56.79,INR,24.321366024518387,1.30944586631748,Commercial services,Strong buy
LXCHEM,Laxmi Organic Industries Ltd.,193.05,INR,5.908492429229762,3877963,1.49980859660743,50535666019,INR,67.69646175965214,2.8517,INR,-29.85610625999262,0.274273176083379,Process industries,Strong sell
RUSTOMJEE,Keystone Realtors Ltd.,409.6,INR,2.4640400250156405,15906,0.4499715691294496,50376237055,INR,66.08796669786054,6.1978,INR,-54.862390666307384,0.375892745270016,Finance,Strong buy
GULFOILLUB,Gulf Oil Lubricants India Ltd,1048.2,INR,3.1997637097568177,89310,1.3132799943533813,50252096097,INR,15.034423407917386,69.72,INR,-3.728251864125936,4.82829974873134,Energy minerals,Strong buy
GOODLUCK,Goodluck India Ltd.,1527.6,INR,1.0584810796507014,74674,0.4550612261314372,50246648377,INR,27.243689775769237,56.0717,INR,10.750819199386905,0.463054838923067,Non-energy minerals,Strong buy
EPIGRAL,Epigral Ltd,1157,INR,-0.49023823858261334,649654,3.2924781034956356,50175535673,INR,15.03585473051122,76.9494,INR,-9.069165875914782,0.429904131378703,Process industries,Neutral
ORCHPHARMA,Orchid Pharma Limited,987.95,INR,-0.06574954481084132,45685,0.2361876617860926,50105404837,INR,246.1015344758868,4.0144,INR,-79.56923578030211,0,Health technology,Strong buy
INDIGOPNTS,Indigo Paints Ltd,1073.9,INR,2.383449327867289,75768,1.5041570383781595,49899729844,INR,35.395517468688205,30.34,INR,2.223719676549866,0.334400229303014,Process industries,Buy
EMIL,Electronics Mart India Limited,125.67,INR,-3.062326442456021,2168808,2.4461290781732057,49786485744,INR,45.17416154426831,2.7819,INR,-33.12418866291649,0,Retail trade,Strong buy
PDSL,PDS Limited,357.5,INR,1.5625,63849,0.050455939974113365,49766417355,INR,45.42566709021601,7.87,INR,-30.292294065544723,0.952110274264601,Consumer non-durables,Strong buy
GUJALKALI,Gujarat Alkalies & Chemicals Ltd.,694.1,INR,2.8601066982809824,328088,1.9989362175282839,49463441820,INR,76.82261402751492,9.0351,INR,,2.34577982332418,Process industries,No rating
BALUFORGE,Balu Forge Industries Ltd,439.75,INR,1.4183579335793304,257865,0.630239623769931,49409789399,INR,20.71946852619676,21.224,INR,16.61538461538462,0.0346060675971854,Producer manufacturing,No rating
BLISSGVS,Bliss GVS Pharma Limited,459.4,INR,-1.1192423590185203,224080,0.8884332007899475,49162359954,INR,38.28333333333333,12,INR,51.3431706394249,0.215726458850178,Health technology,No rating
KRISHANA,Krishana Phoschem Ltd.,167.65,INR,3.4557235421166266,2829905,1.6170540126742434,49062745153,INR,26.68651109483939,6.2822,INR,92.84157534456826,0.0617093489663684,Process industries,No rating
LGBBROSLTD,L.G. Balakrishnan & Bros Ltd.,1553.8,INR,0.8699039210594561,17755,0.8731809754250333,48989939440,INR,15.474369393055754,100.4112,INR,5.173674320584708,1.30199856780158,Producer manufacturing,Strong buy
SHILCTECH,Shilchar Technologies Limited,4407.1,INR,3.266396419617137,16459,0.9494663974617825,48940029830,INR,31.877688511345003,138.2503,INR,7.701014841284497,0.292199443652259,Producer manufacturing,No rating
PTC,PTC India Limited,166.33,INR,1.1739659367396635,430444,0.7109367864416544,48693365479,INR,8.12904423982953,20.4612,INR,-32.72219116825041,5.89665653495441,Utilities,Buy
SWSOLAR,Sterling And Wilson Renewable Energy Limited,208.27,INR,0.16351656807579637,898320,0.31632624351775407,48551243791,INR,,-12.3005,INR,-363.22490905200084,0,Industrial services,Strong buy
DATAMATICS,Datamatics Global Services Limited,854.8,INR,4.053560559951303,85941,0.8396603489327527,48517480354,INR,26.014260976478216,32.8589,INR,-5.351860333151877,0.609124687823598,Technology services,Strong buy
NORTHARC,Northern Arc Capital Ltd.,300.1,INR,0.23380093520375603,1178018,1.3253544762769673,48382256793,INR,12.018422106527835,24.97,INR,22.58222876779577,0,Finance,Strong buy
RPGLIFE,RPG Life Sciences Limited,2928.1,INR,-0.3030303030303061,16187,0.3328665346469501,48178150160,INR,42.049075684315284,69.6353,INR,-37.148058624854,0.686577411603158,Health technology,No rating
VADILALIND,Vadilal Industries Limited,6761.5,INR,0.7600029804038447,5183,0.3093423416433401,48103474610,INR,31.33546113851326,215.7779,INR,3.171337424908628,0.313791119711312,Consumer non-durables,No rating
LUMAXIND,Lumax Industries Limited,5182,INR,0.7779074290159471,6273,0.6606008909108142,47985183767,INR,28.086614305528382,184.5007,INR,23.270511266681535,0.681815968129973,Producer manufacturing,Strong buy
PILANIINVS,Pilani Investment And Industries Corporation Limited,4345.2,INR,0.783968084612891,455,0.391296869625043,47834338195,INR,154.92068924946253,28.0479,INR,-68.46637285544038,0.347206147863525,Finance,No rating
CMRGREEN,CMR Green Technologies Limited,219.1,INR,0.48154093097912537,755516,0.9647351133542945,47786951834,INR,,,,,0,Producer manufacturing,No rating
MPSLTD,MPS Limited,2687.1,INR,-2.982272448279594,138352,0.5141631599895793,47348042250,INR,24.21901757548445,110.95,INR,18.981233243967832,2.99860907892122,Consumer services,No rating
SHARDAMOTR,Sharda Motor Industries Ltd.,834.55,INR,0.9800955895698359,17392,0.6331270476883873,47347006525,INR,13.869638197802928,60.171,INR,10.560085844795843,1.97029402849348,Producer manufacturing,No rating
RENUKA,Shree Renuka Sugars Limited,21.86,INR,-1.6644174538911427,2679724,0.8587098068799867,47209903218,INR,,-3.7173,INR,-163.91906283280082,0,Process industries,No rating
RESPONIND,Responsive Industries Limited,175.47,INR,-0.3124644926712938,117789,0.02446220896182991,46829785000,INR,31.49590752441126,5.5712,INR,-25.592328445121137,0.0569313976658127,Non-energy minerals,No rating
SYMPHONY,Symphony Limited,678.95,INR,0.310260766787327,66975,0.7510504613956137,46463068901,INR,,-19.9501,INR,-164.42956704839781,1.77357375110848,Producer manufacturing,Buy
ICRA,ICRA Limited,4745,INR,-1.228143213988343,23027,0.5736571609364063,46389611548,INR,25.196474086661002,188.32,INR,6.756280264713843,1.2482836100362,Commercial services,Buy
RTNPOWER,RattanIndia Power Limited,8.63,INR,0,15468021,1.4317452876386538,46344015024,INR,41.55031295137218,0.2077,INR,-3.7088548910523906,0,Utilities,No rating
RBA,Restaurant Brands Asia Limited,67.57,INR,3.698588090853279,10453213,3.651318007075581,46336586283,INR,,-3.2039,INR,23.28560482712384,0,Consumer services,Buy
DHANUKA,Dhanuka Agritech Limited,996.2,INR,-1.6875555116944547,90838,4.184039132958095,46175398288,INR,15.634244677027768,63.7191,INR,-2.7452123624608427,0.197413878195637,Process industries,Buy
NACLIND,NACL Industries Ltd,193.1,INR,-1.8800813008130166,801321,0.31282803774591234,46169362149,INR,386.9739478957916,0.499,INR,,0,Process industries,No rating
FCL,Fineotex Chemical Limited,40.22,INR,1.591310937105318,20485164,1.2594354150858398,46137522611,INR,33.61470956957794,1.1965,INR,31.599208095028587,0.302877334679455,Process industries,Strong buy
HAWKINCOOK,Hawkins Cookers Limited,8894.5,INR,2.1886488970588234,2418,0.9897666803110929,46085157214,INR,35.850651373828235,248.0987,INR,14.386599223863724,1.49162110529124,Producer manufacturing,No rating
THOMASCOOK,Thomas Cook (India) Limited,98.45,INR,0.6131834440470195,705450,0.9842584227727919,46050256974,INR,20.952603911720264,4.6987,INR,-14.014090950681682,0.459652706843718,Consumer services,Strong buy
AURIONPRO,Aurionpro Solutions Limited,836.65,INR,1.356835665394625,101294,1.3082077138458676,45615742333,INR,21.9199652068203,38.1684,INR,11.343057176196023,0.605730207765461,Technology services,Strong buy
DEEDEV,DEE Development Engineers Limited,682.65,INR,4.468589792639059,58774,0.7677516609321076,45568355584,INR,61.42253014216303,11.114,INR,76.5331893196944,0,Producer manufacturing,No rating
SSWL,Steel Strips Wheels Ltd,293.95,INR,1.9562276716034777,1751734,0.4896848656572558,45330832146,INR,24.373963515754557,12.06,INR,-70.84893414904751,0.433425797503467,Producer manufacturing,Strong buy
MOSCHIP,Moschip Technologies Ltd,208.3,INR,-10.134173173993693,10880186,2.027980923959527,45116969482,INR,155.44776119402985,1.34,INR,-34.31372549019607,0,Electronic technology,No rating
SUNTECK,Sunteck Realty Limited,310.75,INR,1.4693877551020407,220959,0.3120583942760413,44933659882,INR,21.378105242881418,14.5359,INR,32.28524885560095,0.490196078431373,Finance,Strong buy
TEXRAIL,Texmaco Rail & Engineering Limited,112.77,INR,2.4436773255813935,1120929,0.7127178083728266,44755101929,INR,23.34782608695652,4.83,INR,-14.264413518886684,0.681818181818182,Producer manufacturing,Strong buy
RAYMONDREL,Raymond Realty Limited,665.9,INR,1.7340157360018367,275017,0.4906592286136201,44700190036,INR,14.554459557224446,45.7523,INR,,0,Finance,No rating
HIRECT,Hind Rectifiers Limited,1332.3,INR,2.3350487748674906,161969,0.28330389265834865,44692502666,INR,101.8126518821929,13.0858,INR,21.108745950948645,0.07690828686791,Producer manufacturing,No rating
MIDWESTLTD,Midwest Limited,1240.1,INR,0.47804245665207123,5111,0.6136022570382376,44676688406,INR,40.81840893456086,30.3809,INR,,0,Non-energy minerals,Strong buy
ELECTCAST,Electrosteel Castings Ltd.,72.14,INR,0.0554785020804525,637363,0.6532075284129487,44602017691,INR,27.609169887864063,2.6129,INR,-77.23577944084823,1.94040194040194,Non-energy minerals,Neutral
SOTL,Savita Oil Technologies Limited,649.35,INR,0.5574912891986098,555851,0.6632826207736616,44338022624,INR,24.538497874350497,26.4625,INR,62.03547788602255,0.618524818308335,Process industries,No rating
MHRIL,Mahindra Holidays & Resorts India Limited,223.83,INR,2.2755311857436684,307825,1.3443419504564211,44250297363,INR,85.20365435858395,2.627,INR,-59.089918086398605,0,Consumer services,Strong buy
NETWORK18,Network18 Media & Investments Limited,28.85,INR,0.8036338225017484,2570517,0.6475502433190791,44132041294,INR,,-0.2262,INR,97.62806060923819,0,Consumer services,No rating
COCKERILL,John Cockerill India Limited,8859.5,INR,-0.8727272727272728,3922,0.613723495814099,44021343759,INR,237.48445273631842,37.3056,INR,,0.0785180283001408,Non-energy minerals,No rating
QUESS,Quess Corp. Ltd.,295.75,INR,0.11848341232228259,123913,0.5447845974468597,43993941412,INR,19.942683749157116,14.83,INR,23.583333333333336,3.73451026990324,Commercial services,Strong buy
WPIL,WPIL Limited,442.2,INR,-1.8315018315018317,83864,0.9395442318701595,43907906613,INR,25.456659777671597,17.3707,INR,46.624068337399024,0.444889333778223,Producer manufacturing,Strong buy
IOLCP,IOL Chemicals & Pharmaceuticals Ltd.,151.46,INR,1.501139257472195,1217772,0.3037664362049625,43853006161,INR,32.30733132825665,4.6881,INR,36.1513664217466,0.669344042838019,Process industries,Strong buy
CMSINFO,CMS Info Systems Ltd.,272.6,INR,-0.4746257758305786,179511,0.3030986092425397,43825361217,INR,14.97802197802198,18.2,INR,-18.20224719101124,2.19138056975895,Finance,Strong buy
ARTEMISMED,Artemis Medicare Services Ltd.,278.5,INR,0.9972801450589301,142749,1.0253292209741809,43668778345,INR,40.21776802218115,6.9248,INR,30.903591682419663,0.163132137030995,Health services,Buy
RTNINDIA,RattanIndia Enterprises Limited,32.03,INR,1.3607594936708851,748701,0.8781407976726192,43665898559,INR,,-1.5993,INR,-364.21609119444906,0,Commercial services,No rating
AGI,AGI Greenpac Limited,707.15,INR,5.0977186594337445,273122,3.9674149093639364,43551042971,INR,13.010848046394901,54.3508,INR,9.061284115011313,1.03988709797222,Process industries,Strong buy
SBCL,Shivalik Bimetal Controls Ltd,742.25,INR,-1.7798068016408688,113371,0.4069267021532429,43473889278,INR,44.55522807354539,16.6591,INR,24.53818953852594,0.463760434609779,Non-energy minerals,Strong buy
AVANTEL,Avantel Limited,165.05,INR,0.954186800415929,879462,0.2008846754048767,43430436959,INR,255.06104157008193,0.6471,INR,-67.982781653555,0.122361578464362,Electronic technology,No rating
REFEX,Refex Industries Limited,331.55,INR,4.920886075949371,777695,1.3984799861607675,43395651665,INR,22.72446881425634,14.59,INR,17.09470304975922,0.158102766798419,Energy minerals,No rating
SWARAJENG,Swaraj Engines Ltd,3605.4,INR,1.0198935275987697,5972,0.2449779921813784,43356793789,INR,21.701732695615956,166.1342,INR,16.83777309866503,2.92840128905703,Producer manufacturing,Strong buy
LASERPOWER,Laser Power & Infra Limited,306.22,INR,-0.4227367325702246,5223714,,43324691227.5,INR,,,,,0,Producer manufacturing,No rating
WEBELSOLAR,Websol Energy System Limited,99.01,INR,-0.7617520296682279,1999850,1.1918951487480496,43286097897,INR,14.320219843795199,6.914,INR,89.24837138008431,0,Electronic technology,Strong buy
STYRENIX,Styrenix Performance Materials Ltd,2476,INR,0.8553971486761711,40493,0.4157340977318555,43254475372,INR,23.350648272844214,106.0356,INR,-20.70492092597523,0,Process industries,Strong buy
RAYMONDLSL,Raymond Lifestyle Limited,705.6,INR,-1.307783761102178,92348,1.2307093623894538,43203993532,INR,93.16696375519905,7.5735,INR,20.752881901816046,0.141013889868152,Consumer non-durables,Strong buy
IDEAFORGE,Ideaforge Technology Limited,860.25,INR,-1.1945098489634156,119689,0.6391611640530921,43164361930,INR,,-4.1513,INR,71.30107155202214,0,Electronic technology,Strong buy
BANARISUG,Bannari Amman Sugars Limited,3475.1,INR,-0.7624650179907554,204,0.707105719237435,43024340041,INR,29.461559917153934,117.9537,INR,41.31370298576485,0.364319960361988,Process industries,No rating
WAKEFIT,Wakefit Innovations Limited,127.7,INR,-1.5420200462605904,3547070,0.2382579038719732,42907455150,INR,,,,,0,Retail trade,Strong sell
KSCL,Kaveri Seed Co. Ltd.,832.7,INR,-0.3351286654697731,39047,0.7625265098403746,42905328412,INR,14.513163283980097,57.3755,INR,4.868794060502601,0.599448507373217,Process industries,Strong buy
JUNIPER,Juniper Hotels Limited,198.01,INR,2.558657481742372,110129,0.529575825771674,42876210959,INR,31.13217929971857,6.3603,INR,98.52362819152253,0,Consumer services,Strong buy
UNIVCABLES,Universal Cables Limited,1256.2,INR,1.7330741820537812,126439,1.3006321138524999,42807158268,INR,26.720950910197015,47.0118,INR,82.4793888863012,0.324201653428432,Electronic technology,No rating
MSTCLTD,MSTC Ltd.,602.7,INR,-0.7411067193675889,119248,0.2951691935718621,42799681787,INR,19.424265668005237,31.0282,INR,-50.874743118423595,1.25010280450695,Retail trade,No rating
MUTHOOTMF,Muthoot Microfin Ltd,255.03,INR,1.9671344608372265,550120,0.56824426446393,42699764018,INR,25.5500120221207,9.9816,INR,,0,Finance,Strong buy
VRLLOG,VRL Logistics Ltd.,262.75,INR,8.078647525811355,2163637,5.456201342390196,42588407540,INR,19.408762197419062,13.5377,INR,29.459410352774658,4.10761963442185,Transportation,Strong buy
RALLIS,Rallis India Limited,221.59,INR,1.3121799561082683,1235821,0.5046576726856083,42569238249,INR,20.136673845678505,11.0043,INR,24.418289125568155,1.37048880767474,Process industries,Neutral
VISHNU,Vishnu Chemicals Limited,636.3,INR,0.6166982922201103,121792,0.6363630663637561,42536530064,INR,30.046181306487103,21.1774,INR,10.477909530541647,0.0474758664345624,Process industries,No rating
AYE,Aye Finance Limited,166.81,INR,-3.034354473057024,574279,0.16319776094600985,42422214720,INR,15.431082331174837,10.81,INR,45.88394062078273,0,Finance,Strong buy
ANUP,Anup Engineering Ltd.,2144.4,INR,1.1700320815248246,11690,0.6823089943384113,42403613802,INR,38.9961811238407,54.99,INR,-6.767060068191097,0.803080048184803,Producer manufacturing,Strong buy
VAIBHAVGBL,Vaibhav Global Ltd.,264.99,INR,5.179804715408435,675981,1.3556662223860476,42214585602,INR,16.79277566539924,15.78,INR,73.4065934065934,2.37859266600595,Consumer durables,No rating
INDOSTAR,IndoStar Capital Finance Limited,268.5,INR,3.071017274472169,76295,0.9991160582746768,42070572290,INR,19.68475073313783,13.64,INR,56.74557572971731,0,Finance,Strong buy
PACEDIGITK,Pace Digitek Limited,197.8,INR,1.3060179257362414,602021,0.46030201793341385,42047840448,INR,14.097657280107194,14.0307,INR,,0,Utilities,No rating
VIPIND,V.I.P.INDUSTRIES LTD.,296.25,INR,0.2877454299255324,44743,0.321010116808567,41933707667,INR,,-23.7915,INR,-391.15400495458294,0,Consumer durables,Sell
SHAREINDIA,Share India Securities Ltd,188.39,INR,-1.6599676358511284,1931245,0.8707485661636488,41861324749,INR,11.38555818788377,16.5464,INR,19.150284438683645,0.705697856769472,Finance,No rating
SHOPERSTOP,Shoppers Stop Limited,385.85,INR,2.144275314361356,74429,0.39910151352823775,41577594469,INR,,-3.142,INR,-296.55927431967467,0,Retail trade,Buy
MAHLOG,Mahindra Logistics Ltd.,419.1,INR,0.6605019815059444,920860,1.1931448396155286,41281511915,INR,113.03503519702242,3.7077,INR,,0.548489364259103,Transportation,Strong buy
BAJAJHIND,Bajaj Hindusthan Sugar Limited,16.93,INR,-2.0821283979178684,4178249,1.012386138182521,41232172671,INR,353.44467640918583,0.0479,INR,,0,Process industries,No rating
SANATHAN,Sanathan Textiles Limited,488.25,INR,1.0869565217391304,91043,1.6807741940248082,41201841551,INR,53.25182414082695,9.1687,INR,-54.24161060427605,0,Process industries,Strong buy
VMARCIND,V-Marc India Limited,279,INR,-0.35714285714285715,174000,0.6458797327394211,41026720000,INR,40.856373008434865,6.8288,INR,170.9948807492361,0,Producer manufacturing,No rating
OSWALPUMPS,Oswal Pumps Limited,349.2,INR,-2.770430182375049,460219,0.6850692915556564,40904956036,INR,10.44730126342936,33.4249,INR,,0,Producer manufacturing,Strong buy
PSPPROJECT,PSP Projects Ltd,1055.9,INR,2.3952676493405782,79166,0.8430731286015056,40894468031,INR,75.39773214132701,14.0044,INR,-1.5992130410342813,0,Industrial services,Neutral
SEITINVIT,Sustainable Energy Infra Trust,126,INR,1.8181818181818181,25000,0.028169014084507043,40824000000,INR,30.470110272780033,4.1352,INR,-3.5386876297557666,8.49083333333333,Finance,No rating
NOVARTIND,Novartis India Limited,1631,INR,-0.6214964660004902,17325,0.1752588165553575,40671916686,INR,41.18551663708009,39.6013,INR,-4.865855650686579,1.51768098345728,Health technology,No rating
TATVA,Tatva Chintan Pharma Chem Limited,1800.1,INR,4.5111472364142955,242226,0.38904832483044005,40385213096,INR,81.95571905319085,21.9643,INR,618.0926537417857,0.0579223261606186,Process industries,Strong buy
TFCILTD,Tourism Finance Corporation of India Limited,94.8,INR,8.628394637332418,43311808,3.6939079799878884,40376246805,INR,28.494138863841297,3.327,INR,41.345908743308684,0.687994496044032,Finance,No rating
GHCL,GHCL Limited,438.6,INR,0.5502063273727726,249684,2.126762122980213,40145932211,INR,8.78165982580839,49.945,INR,-23.376202975970404,2.75387263339071,Process industries,No rating
POCL,Pondy Oxides & Chemicals Ltd.,522.8,INR,-0.6461421512732973,361002,0.8185460186402983,40103262726,INR,30.158986547292148,17.3348,INR,106.80983058935819,0.266286257727057,Non-energy minerals,Strong buy
KIRLOSIND,Kirloskar Industries Limited,3807.2,INR,0.5148242997069462,2617,0.2939623701207526,39850485741,INR,25.25993409009633,150.7209,INR,7.076513213981252,0.342836045254358,Non-energy minerals,No rating
MANINDS,Man Industries (India) Limited,526.8,INR,-0.10429506020670679,188808,1.0532381517123042,39777572603,INR,22.77985098829441,23.1257,INR,7.31183294663572,0,Producer manufacturing,Strong buy
SANGHVIMOV,Sanghvi Movers Limited,450,INR,-1.2508229098090824,353824,0.9838840819577132,39660464479,INR,21.13579040810863,21.2909,INR,17.765264863848312,0.436585898275486,Finance,No rating
ELLEN,Ellenbarrie Industrial Gases Limited,282.45,INR,0.44452347083926036,240990,0.6293417569391725,39645180492,INR,37.660502140028534,7.4999,INR,,0,Process industries,Strong buy
SAMHI,Samhi Hotels Limited,178.54,INR,0.49532815490262044,1037485,1.242280982995532,39451130311,INR,7.231209143708839,24.6902,INR,542.0209584730999,0,Consumer services,Strong buy
GUJTHEM,Gujarat Themis Biosyn Ltd,360.75,INR,0.06934812760055478,33813,0.572264636641658,39281977444,INR,84.19689119170984,4.2846,INR,-4.276139410187662,0.185852981969487,Health technology,No rating
RAYMOND,Raymond Limited,595,INR,1.1216859279401807,781629,1.8021170862304887,39152013750,INR,0.7416079581139825,802.3107,INR,-29.61704039698162,0,Process industries,Strong buy
VSTIND,VST Industries Limited,234.7,INR,2.0212997174527176,308790,1.0690456934896804,39076553420,INR,13.640749049739041,17.2058,INR,0.6404894626322689,4.34688111280157,Consumer non-durables,No rating
SGFIN,SG Finserve Limited,688.1,INR,-1.1421593276344992,455519,0.29068008133853007,39065017185,INR,27.93747462444174,24.63,INR,82.57968865826537,0,Finance,Buy
MANINFRA,Man Infraconstruction Limited,98.38,INR,1.7583781547372657,303888,0.41338382646389427,39054734253,INR,19.425028630099117,5.0646,INR,-32.108099412852894,1.3953488372093,Finance,No rating
KSL,Kalyani Steels Ltd,895.95,INR,0.3359650596337981,23019,0.5075093481021589,38986544229,INR,15.16780318677077,59.0692,INR,0.6287893887744708,1.11969544283955,Non-energy minerals,Strong buy
AGIIL,Agi Infra Ltd.,304.05,INR,-2.4699278267842786,794976,0.3103599644016134,38961688222,INR,39.43630916094891,7.7099,INR,41.289766896349505,0.0320821302534488,Finance,No rating
ASHIANA,Ashiana Housing Limited,386.9,INR,0.051719679337985165,49299,0.05972868572539052,38877988277,INR,32.6762609371305,11.8404,INR,552.9032258064517,0.646412411118293,Finance,No rating
TARC,TARC Limited,132.93,INR,1.1259033853176252,1167549,0.6580839586324648,38716639431,INR,207.28208326836116,0.6413,INR,,0,Finance,Strong buy
KDDL,KDDL Limited,3119,INR,-0.516713447307981,11663,0.8247123795246695,38701528735,INR,43.729530261564,71.3248,INR,-6.5653958913548776,0.635596586846329,Consumer durables,Neutral
RAMRAT,Ram Ratna Wires Limited,425.3,INR,2.7046607099734334,105248,0.9049574554434332,38651180337,INR,36.77284360517397,11.5656,INR,61.93783253990478,0.301895906291511,Producer manufacturing,No rating
DECNGOLD,Deccan Gold Mines Limited,197,INR,1.2749331688258223,1053771,0.8707848038002896,38627613387,INR,,-3.0148,INR,-45.249566390441316,0,Non-energy minerals,No rating
EIEL,Enviro Infra Engineers Limited,218.76,INR,-0.6359011627907003,646608,0.40445186785208503,38599045660,INR,20.979946485600024,10.4271,INR,-10.201005890661062,0,Industrial services,Strong buy
NRBBEARING,NRB Bearings Ltd.,419.25,INR,5.4319124858544,359437,1.511136653820104,38517040566,INR,28.464254192409534,14.729,INR,79.70522925258047,3.08253648716658,Producer manufacturing,Strong buy
TURTLEMINT,Turtlemint Fintech Solutions Limited,125.92,INR,-3.190589682478659,957639,0.5150192780171231,38326428645,INR,,,,,0,Finance,No rating
JINDWORLD,Jindal Worldwide Limited,39.43,INR,4.229447528416604,55992502,1.5296374710832485,38309421110,INR,56.684876365727426,0.6956,INR,-8.07453416149069,0,Process industries,No rating
INDIQUBE,Indiqube Spaces Limited,177.51,INR,-2.0958579228944965,39427,0.40230729514235397,38307971977,INR,,-5.3716,INR,,0,Finance,Strong buy
VSTTILLERS,VST Tillers Tractors Limited,4430.2,INR,0.3056580705051283,4646,1.0828070011886173,38211427033,INR,36.71943638624119,120.65,INR,12.357981002048808,0.452888295102013,Producer manufacturing,Neutral
ZOTA,Zota Health Care Ltd.,1283.1,INR,1.9628099173553575,39042,0.8994629762313417,38170613733,INR,,-23.6946,INR,-14.245901639344277,0.0794659885568976,Health technology,No rating
FOSECOIND,Foseco India Limited,5036.5,INR,-0.22781299524564183,1230,1.0634618710012105,38069184391,INR,41.58774092649873,121.1054,INR,-1.9092421510643645,0.494971093688129,Process industries,No rating
HEMIPROP,Hemisphere Properties India Ltd.,135.14,INR,1.3271350378645737,135412,0.5008536690013108,37990500870,INR,,-0.3932,INR,-49.05231235784686,0,Finance,No rating
UNICHEMLAB,Unichem Laboratories Limited,539.95,INR,0.4838559598027399,51339,0.2347614705664474,37966298779,INR,15.064014038729262,35.8437,INR,68.08615401930163,0,Health technology,No rating
ROLEXRINGS,Rolex Rings Limited,137.92,INR,-1.2317387568032074,2182897,0.9337324518562925,37963236643,INR,6.580780608836721,20.958,INR,228.02742170258722,0,Producer manufacturing,Strong buy
BAJAJELEC,Bajaj Electricals Limited,329.4,INR,0.15202189115232595,42350,0.4038918580742131,37935372763,INR,,-7.8738,INR,-168.04888166764616,0.91254752851711,Consumer durables,Buy
GUFICBIO,Gufic Biosciences Limited,382.25,INR,0.897452817737885,48311,0.5673874644142325,37931858973,INR,59.72749574212097,6.3999,INR,-7.858099255654588,0.0264375413086583,Health technology,No rating
SINDHUTRAD,Sindhu Trade Links Ltd.,24.81,INR,1.4723926380368075,380342,0.19193901746855901,37869768317,INR,93.09568480300187,0.2665,INR,96.6789667896679,0,Transportation,No rating
EMUDHRA,eMudhra Limited,463.15,INR,1.6236972024135992,72386,0.6050843603924112,37820107389,INR,35.57219662058372,13.02,INR,27.39726027397259,0.273702649441647,Technology services,Strong buy
CAPILLARY,Capillary Technologies India Ltd.,535.3,INR,12.398950131233587,8291808,153.85629355837102,37765088177,INR,,,,,0,Technology services,Strong buy
GREENPLY,Greenply Industries Ltd,294.75,INR,-1.1403655877913725,364020,1.1237352884429814,37320729881,INR,37.28982958642764,7.9043,INR,13.641003522392356,0.167336010709505,Producer manufacturing,Strong buy
DBCORP,DB Corp. Ltd.,208.29,INR,-0.22035928143712954,167446,0.23565599004831028,37139361414,INR,10.550495892048504,19.7422,INR,5.369285127186944,3.35973122150228,Consumer services,Strong buy
ROSSTECH,Rossell Techsys Limited,975.65,INR,-0.7779924743211611,98539,0.8651588716120705,37057520255,INR,167.85953925296354,5.8123,INR,,0.0203448451248665,Electronic technology,No rating
KERNEX,Kernex Microsystems India Ltd.,2321.2,INR,5.260293850897878,215636,1.5081265076124593,37045265142,INR,35.91626552536744,64.6281,INR,115.95248437865473,0,Electronic technology,No rating
YASHO,Yasho Industries Ltd.,3092.6,INR,0.6705729166666636,12164,0.8008216256073315,37013472955,INR,147.62800378068223,20.9486,INR,309.2082901959252,0.0162874407544343,Consumer non-durables,No rating
HARSHA,Harsha Engineers International Ltd.,405.75,INR,0.024651793417976763,148943,1.258364142666928,36959352654,INR,23.802260848140694,17.0467,INR,73.77746062490445,0.24633575563493,Producer manufacturing,Buy
AARTIDRUGS,Aarti Drugs Limited,410.95,INR,1.5945611866501828,83432,0.3138249693818289,36932403585,INR,19.239682576839343,21.3595,INR,16.134732492388,0.494254293834178,Health technology,No rating
LUXIND,Lux Industries Ltd.,1246.6,INR,1.6305233980107616,15993,0.5607781397159117,36890435864,INR,36.11344476954721,34.519,INR,-37.20621407261879,0.163032402690035,Consumer non-durables,Strong buy
TRUALT,Trualt Bioenergy Limited,421.25,INR,-1.7950810117729314,373174,1.0474365768330856,36822163338,INR,40.06105447352404,10.5152,INR,,0,Process industries,Strong buy
JKIL,J. Kumar Infraprojects Limited,489,INR,0.6897971790384069,98303,1.2998434417428741,36818834930,INR,9.554625493851042,51.1794,INR,-1.011175539918991,0.82203041512536,Industrial services,Strong buy
WSTCSTPAPR,West Coast Paper Mills Limited,581.7,INR,5.085358142895871,542425,2.362645954394846,36505230279,INR,25.512150836151207,22.8009,INR,-51.59897512752531,0.904649900488511,Producer manufacturing,Strong buy
JTEKTINDIA,JTEKT India Limited,133.29,INR,1.2688041331104598,83304,0.6059865394519759,36494816658,INR,47.265957446808514,2.82,INR,-2.61758408729885,0.531914893617021,Consumer durables,Neutral
ORIENTELEC,Orient Electric Ltd.,172.98,INR,1.3119362773808014,584946,0.2290972897991066,36474900939,INR,33.61053899661913,5.1466,INR,27.11106720343799,0.877449546651068,Consumer durables,Strong buy
GMMPFAUDLR,GMM Pfaudler Limited,830.75,INR,2.8092321019738935,106321,1.0686526479359377,36381631891,INR,60.463474457229786,13.7397,INR,8.273574051600493,0.247142415817115,Producer manufacturing,Strong buy
INDOTECH,Indo Tech Transformers Ltd.,3503.4,INR,2.498537156231717,29769,1.5406471245807973,36265176128,INR,40.10279245196628,87.3605,INR,45.236048790787144,0,Producer manufacturing,No rating
BOSCH_HCIL,Bosch Home Comfort India Ltd,1332.9,INR,0.007503001200490428,18246,1.0064204395022505,36140766184,INR,,-1.0863,INR,-105.02082187475446,3.83703870894933,Consumer durables,Strong buy
ROUTE,"Route Mobile, Ltd.",540.6,INR,-4.916014422654109,1114587,0.2884626135048663,35987361365,INR,13.711068276351833,39.428,INR,-15.462940529460829,1.92577030812325,Communications,Strong buy
SPECTRUM,Spectrum Electrical Industries Limited,2203.1,INR,-3.4405680224403925,16799,0.25802577032189095,35836983969,INR,68.96454575619651,31.9454,INR,277.39999527443706,0,Electronic technology,No rating
SANDHAR,Sandhar Technologies Ltd.,599.55,INR,0.9428403064230841,88230,0.43932591878520383,35762310723,INR,18.16741107952996,33.0014,INR,40.238735695193405,0.589076832449718,Consumer durables,Strong buy
SMSPHARMA,SMS Pharmaceuticals Limited,391.9,INR,2.8339018630280646,98936,0.5384236946479805,35662692241,INR,34.87399444721292,11.2376,INR,39.44507867176256,0.105042016806723,Health technology,Strong buy
PREMEXPLN,Premier Explosives Limited,669.1,INR,1.0572421084428334,127897,0.29494268661039486,35627545336,INR,78.54669249280977,8.5185,INR,59.59419964028776,0.0754489210804286,Process industries,No rating
HEIDELBERG,Heidelbergcement India Limited.,158.06,INR,1.0549197621635482,54269,0.6887566995419626,35544270614,INR,26.713764196863167,5.9168,INR,25.603413505423827,4.46286260758687,Non-energy minerals,Neutral
ADVENZYMES,Advanced Enzyme Technologies Ltd,316.6,INR,-0.2363321254135812,185177,1.1165882184105576,35524433750,INR,21.008626410086265,15.07,INR,28.627517924206224,1.63908589440504,Consumer non-durables,No rating
POLYPLEX,Polyplex Corporation Limited,1161.9,INR,2.918641215288546,117512,1.0233027970322894,35478193599,INR,81.1456347294098,14.3187,INR,-78.51445154358872,0.575144892270937,Process industries,No rating
SEAMECLTD,SEAMEC Limited,1411.2,INR,1.0671059227959674,48371,1.0776579414641319,35427194558,INR,14.272566371681416,98.875,INR,180.50600304123827,0,Industrial services,Strong buy
VENUSPIPES,Venus Pipes & Tubes Ltd.,1688,INR,-0.7117228398329457,59861,0.7085726866719301,35260890716,INR,34.12113812592479,49.4708,INR,8.692155923593738,0.0587509547030139,Non-energy minerals,Strong buy
WHEELS,Wheels India Limited,1495.6,INR,3.738641881112566,78256,1.3192800739077346,35233626160,INR,23.570944508360782,63.451,INR,39.805179210008525,1.0013522416005,Producer manufacturing,No rating
MARINE,Marine Electricals (India) Limited,269.95,INR,5.945839874411294,1123801,2.044645945253098,35148131200,INR,64.39646946564885,4.192,INR,48.426158694189716,0.117739403453689,Distribution services,Strong buy
HGINFRA,H.G. Infra Engineering Ltd.,539.8,INR,0.5495017230138646,36021,0.5165493397042185,34974078878,INR,10.662547554804071,50.6258,INR,-34.726752776567245,0.372682381440417,Industrial services,Buy
FUSION,Fusion Finance Ltd,220.7,INR,1.9493717664449368,554472,1.0193135197211751,34795452393,INR,,-0.8791,INR,99.25239987209754,0,Finance,Buy
KOLTEPATIL,Kolte-Patil Developers Limited,386.6,INR,-1.1884984025559047,38187,0.29522249340741663,34642877343,INR,,-4.6586,INR,-133.27547660373855,0,Finance,Strong buy
PITTIENG,Pitti Engineering Ltd.,930.7,INR,1.0916200510508953,18937,0.7241128785561334,34560347723,INR,29.290691306892928,31.7746,INR,-7.767644104892228,0.163425396306586,Producer manufacturing,Strong buy
CMLL,Caliber Mining and Logistics Limited,570.55,INR,8.017796289284345,25880974,,34551102810,INR,,,,,0,Energy minerals,No rating
UFLEX,UFlex Limited,476.45,INR,-0.42842215256008603,119911,0.08036306565482385,34524312288,INR,10.8499363509873,43.9127,INR,122.80757834063971,0.627483790002092,Process industries,No rating
NFL,National Fertilizers Ltd.,71.04,INR,1.0382591381026938,449042,0.8409249833984349,34428792238,INR,16.474953617810762,4.312,INR,14.977468469189134,2.22285551439156,Process industries,No rating
MAYURUNIQ,Mayur Uniquoters Limited,817.65,INR,3.6771698472072534,144191,1.8596579924499879,34290622234.000004,INR,18.528967870885285,44.1282,INR,29.10532475131656,0.633593106507001,Process industries,Buy
SAMBHV,Sambhv Steel Tubes Limited,121.69,INR,4.9775707384403,1861564,1.6098858728312584,34078753382.000004,INR,25.221770850605207,4.8248,INR,,0,Non-energy minerals,No rating
RELTD,Ravindra Energy Ltd.,174.03,INR,1.5048118985126933,195941,0.685973533753934,34041295389,INR,39.253411525882484,4.4335,INR,253.71788734641777,0,Utilities,No rating
KNRCON,KNR Constructions Limited,122.58,INR,1.1219270747401415,343142,0.6463634310445221,34029385222.999996,INR,7.885544455094597,15.5449,INR,-56.36409060158714,0.206611570247934,Industrial services,Neutral
ASHIKAG,Ashika Global Securities Ltd,429.65,INR,,991103,,33975721228.000004,INR,40.771106745997855,10.5381,INR,,0,Miscellaneous,No rating
WELSPLSOL,Welspun Specialty Solutions Limited,51.69,INR,0.760233918128656,493425,0.7175067279206635,33958836822.999996,INR,119.84697426385345,0.4313,INR,,0,Non-energy minerals,No rating
ASHOKA,Ashoka Buildcon Limited,124.13,INR,2.6971126003143797,680173,1.2007531750519385,33897327072,INR,1.3603570923668549,91.2481,INR,51.20368928113369,0,Industrial services,Buy
BHAGCHEM,Bhagiradha Chemicals & Industries Ltd.,263.3,INR,-0.056936800151822835,49552,0.784576994692642,33856598269,INR,187.87013913663932,1.4015,INR,30.932361733931234,0.0574492531597089,Process industries,No rating
ADFFOODS,ADF Foods Limited,314.4,INR,2.393746946751332,196201,1.3042616965818812,33772068141.999996,INR,38.41125948369598,8.1851,INR,28.633841995253885,0.390370852309694,Consumer non-durables,Neutral
GRAUWEIL,Grauer & Weil India Ltd.,75.32,INR,1.8250642152223797,61669,0.28836194944629584,33561517635.999996,INR,20.832526621490803,3.6155,INR,4.295274909132862,0.675493109970278,Process industries,No rating
INDRAMEDCO,Indraprastha Medical Corporation Limited,368.6,INR,1.0970927043335161,108019,1.1037235944815353,33387306451.999996,INR,18.40138584501101,20.0311,INR,14.063879097788885,1.23558484349259,Health services,Strong buy
FILATEX,Filatex India Ltd,74.64,INR,1.0971149939049196,3571940,0.31891189006618914,32784831017.999996,INR,18.094545454545454,4.125,INR,36.79777143994163,0.338615738859542,Process industries,No rating
SEIL,Shanti Educational Initiatives Ltd.,205.1,INR,0.9201397431481595,166692,0.4166694787582104,32763500000,INR,562.0718004932858,0.3649,INR,-16.80346557227542,0,Commercial services,No rating
63MOONS,63 Moons Technologies Ltd.,728.8,INR,2.8942538472398702,227517,0.45727841391115875,32671986088,INR,,-4.871,INR,32.33500493144595,0.169240533107679,Technology services,No rating
XPROINDIA,XPRO India Limited,1394.1,INR,0.5699033328523925,32790,1.5083837431285507,32575711215,INR,172.6974295447507,8.0725,INR,-52.68171160609613,0.144097409849058,Process industries,No rating
CRIZAC,Crizac Limited,194.98,INR,5.7145955324224635,612160,1.7718382039877358,32468003069,INR,15.567886941594475,12.5245,INR,,0,Technology services,Strong buy
GANECOS,Ganesha Ecosphere Limited,1212.1,INR,0.22325119894160889,132037,0.7446108383829555,32427161016,INR,84.01375161151697,14.4274,INR,-64.58638625223062,0.371854728752634,Process industries,Strong buy
GOPAL,Gopal Snacks Limited,260.15,INR,0.7357212003872129,161299,1.590092665615142,32270006267,INR,44.039477248104006,5.9072,INR,287.3065827432468,0.386324125941665,Consumer non-durables,Strong buy
CARYSIL,Carysil Limited,1154.1,INR,2.5228746557697312,43284,0.23343797881239156,32225472567,INR,33.43182410706526,34.521,INR,54.03321523867317,0.211827007943513,Consumer durables,Strong buy
SHANTIGEAR,Shanthi Gears Limited,416.6,INR,-0.8095238095238041,59845,4.606189820124228,32220660553,INR,41.69043401683229,9.9927,INR,-20.170799514283893,1.19047619047619,Producer manufacturing,No rating
NIITMTS,NIIT Learning Systems Ltd,233.57,INR,1.4727604483447676,106665,0.4916479991150198,32130372385,INR,12.826468973091707,18.21,INR,18.477553675992205,1.28700128700129,Commercial services,Strong buy
JASH,Jash Engineering Ltd.,516.8,INR,1.73228346456692,99741,0.7385771240358756,32096088964,INR,43.17604598315733,11.9696,INR,-13.378635577458883,0.354400472533963,Producer manufacturing,Strong buy
ARSSBL,Anand Rathi Share and Stock Brokers Limited,512.5,INR,0.8461235733963028,94216,0.27076488724069037,32026815148,INR,21.720795595658384,23.5949,INR,,0.983961428711995,Finance,No rating
CHEMPLASTS,Chemplast Sanmar Limited,206.98,INR,2.3184537050768688,193300,0.2449863660588056,32009282645,INR,,-17.701,INR,-153.59598853868195,0,Process industries,Strong buy
NAVNETEDUL,Navneet Education Limited,144.54,INR,0.3959158157949526,97402,0.3910985548120999,31843636664,INR,9.054348643163197,15.9636,INR,-52.46466920369477,2.08405696422369,Producer manufacturing,No rating
NPST,Network People Services Technologies Limited,1557.1,INR,2.4947340705634455,85342,1.8411202654395706,31833731090,INR,77.12233779098563,20.19,INR,-12.749241579588762,0.130997216309153,Technology services,No rating
ANTELOPUS,Antelopus Selan Energy Ltd,875.55,INR,-2.113030353848744,138813,1.1341579992319684,31533605046,INR,34.53846153846153,25.35,INR,-47.362956810631225,0,Energy minerals,No rating
TECHNVISN,TechNVision Ventures Ltd.,4914,INR,-3.1628731894767954,6009,1.5387176072928404,31349272364,INR,14423.246257704726,0.3407,INR,85.87015821058375,0,Technology services,No rating
RML,Rane (Madras) Limited,1149,INR,1.6454352441613505,23632,1.1093325321904528,31236873483,INR,29.545098059383335,38.8897,INR,600.5007475187779,0.70780800707808,Producer manufacturing,No rating
UNIPARTS,Uniparts India Ltd.,704.8,INR,2.2189992748368317,109878,0.9654410110779958,31128432454,INR,20.069537187588097,35.1179,INR,78.55076442803903,2.21158726705823,Producer manufacturing,No rating
HERITGFOOD,Heritage Foods Limited,327.2,INR,-2.415747092156285,647523,1.6700186210133752,31095939369,INR,22.508702172447478,14.5366,INR,-20.834535978608347,0.746045956430916,Consumer non-durables,Buy
STEELCAS,Steelcast Ltd.,311.45,INR,1.5653024620903349,48582,0.7488728063076603,30982378448,INR,36.287268871826534,8.5829,INR,20.306411370581152,0.558549730524253,Non-energy minerals,No rating
KKCL,Kewal Kiran Clothing Limited,501.95,INR,-0.06967947441768321,35517,1.1527413999591054,30966654510,INR,21.887291025316788,22.9334,INR,-3.5897306545929952,0.796019900497512,Consumer non-durables,Strong buy
EUROPRATIK,Euro Pratik Sales Limited,314.6,INR,4.293054864909679,225420,1.6216017903657776,30833740327,INR,41.73133298844628,7.5387,INR,,0,Producer manufacturing,No rating
SANGAMIND,Sangam (India) Limited,612.55,INR,-0.5358447673946688,22980,0.04277056476874302,30715720991,INR,25.334177047661587,24.1788,INR,518.2887536439421,0.327171601504989,Process industries,No rating
DEEPINDS,Deep Industries Limited,516.45,INR,7.683486238532114,1633199,8.960401824780474,30694400391,INR,18.366584871439244,28.119,INR,,0.635946622185154,Industrial services,Strong buy
CARRARO,Carraro India Ltd.,536.05,INR,0.3838951310861338,65915,0.8691484283728865,30480954351,INR,23.344583560152422,22.9625,INR,,0.848643103609065,Producer manufacturing,No rating
TVSSRICHAK,TVS Srichakra Limited,3972.5,INR,0.20937389637253875,2661,0.9430819393252056,30360968338,INR,42.70481379196171,93.0223,INR,245.59710808280454,0.425966558220474,Consumer durables,No rating
BEPL,Bhansali Engineering Polymers Ltd.,114.51,INR,-5.992939824316556,4964378,0.22865946010325436,30318426573,INR,14.257788181388053,8.0314,INR,15.828033285741059,3.2832635639826,Process industries,No rating
DPABHUSHAN,D. P. Abhushan Ltd.,1412.35,INR,6.347652573321784,96545,0.34330345792581346,30316618951,INR,13.449671459860964,105.01,INR,92.03408737633269,0,Retail trade,No rating
INTERARCH,Interarch Building Solutions Ltd,1827.1,INR,1.5450452953926501,27618,0.7506115127466435,30172566067,INR,22.901729756831283,79.78,INR,18.58365513530547,0.694830461367426,Producer manufacturing,Strong buy
NITINSPIN,Nitin Spinners Limited,539.85,INR,0.8688340807174846,37676,0.5858525230252979,30162030655,INR,17.095925289048918,31.5777,INR,1.198900126908429,0.559179869524697,Process industries,Strong buy
PANAMAPET,Panama Petrochem Limited,487.1,INR,-2.23783241344706,234411,0.5782939746766513,30131863900,INR,13.866549759876111,35.1277,INR,13.618265501838763,1.00381449508131,Process industries,No rating
SUNCLAY,Sundaram-Clayton Limited,1399.8,INR,2.684859154929571,3698,0.8173278815338711,30068760415,INR,12.227676933559287,114.478,INR,,0.329936212332282,Producer manufacturing,No rating
BUILDPRO,Shankara Buildpro Limited,1219.3,INR,-1.3670927034460516,34679,0.2579835489829516,30001265817,INR,23.134559156963228,52.7047,INR,,0.404138376980278,Distribution services,No rating
BALMLAWRIE,Balmer Lawrie & Co. Ltd.,176.65,INR,1.1741122565864899,46117,0.5375160991415641,29831620276,INR,10.916113085122818,16.1825,INR,4.049457650440125,7.30868443680138,Producer manufacturing,No rating
ELPROINTL,Elpro International Ltd,177.89,INR,0.7761160208474824,189067,5.699321146936118,29794433546,INR,34.52699817553666,5.1522,INR,32.080598851517635,0,Electronic technology,No rating
WONDERLA,Wonderla Holidays Ltd.,467.75,INR,-0.21333333333333335,29812,0.8158372922915254,29691450053,INR,36.44445483302947,12.8346,INR,-32.05611434621493,0.427396089325783,Consumer services,Buy
SATIN,Satin Creditcare Network Ltd,261.51,INR,-2.737382378100946,864860,1.3874232582613157,29548279349,INR,8.658669430271404,30.2021,INR,78.47409350919493,0,Finance,Strong buy
MOREPENLAB,Morepen Laboratories Limited,56.66,INR,5.315985130111523,9188433,1.1501168030768005,29474428643,INR,32.863522997505946,1.7241,INR,-22.176582107068697,0.371816322736568,Health technology,No rating
RPSGVENT,RPSG Ventures Limited,898.7,INR,0.5313496280552604,10079,0.555586179525059,29450213198,INR,,-41.7029,INR,-181.36191285808744,0,Finance,No rating
TCPLPACK,TCPL Packaging Limited,3208.7,INR,-0.5516813885014779,1811,0.14175570427771908,29412112122,INR,29.85706535949537,107.4687,INR,-31.653425828410953,0.92818910305993,Commercial services,Strong buy
DALMIASUG,Dalmia Bharat Sugar & Industries Ltd.,358.5,INR,-0.9531703273932832,43852,0.2971453662344421,29393109267,INR,12.304619123128566,29.1354,INR,-39.02368071324676,1.65220983064849,Process industries,Strong buy
KITEX,Kitex Garments Limited,147.18,INR,0.09521218715996653,420805,1.1374137928704355,29296576218,INR,503.35157318741454,0.2924,INR,-95.79740140278257,0.340483486550902,Process industries,No rating
HLEGLAS,HLE Glascoat Ltd,418.95,INR,0,112574,0.36933727034120734,29118900764,INR,60.314421042023575,6.9461,INR,5.546185288173713,0.2623732856291,Producer manufacturing,No rating
RSYSTEMS,R Systems International Limited,252.85,INR,2.9896949207771595,416728,0.8611454427967761,29058807524,INR,14.700581395348838,17.2,INR,46.59132554353847,2.44648318042813,Technology services,Strong buy
APCOTEXIND,Apcotex Industries Ltd,588.5,INR,4.8926120666607344,278947,2.1900783945795075,29038360415,INR,30.086142992254796,19.5605,INR,87.57491777025537,1.42831637207641,Process industries,Strong buy
PRINCEPIPE,Prince Pipes And Fittings Ltd,265.65,INR,1.7036753445635484,116284,0.9814420320924219,28900665881,INR,39.06617647058823,6.8,INR,74.28747180643838,0.191277735271614,Producer manufacturing,Buy
DIVGIITTS,Divgi TorqTransfer Systems Ltd.,962.35,INR,1.7713620981387477,25653,0.5696210963868263,28888632762,INR,62.72691126913876,15.3419,INR,92.36527321513657,0.275248782553462,Producer manufacturing,Buy
EFCIL,EFC (I) Ltd.,197.05,INR,0.8960573476702508,140108,0.6080976095012333,28864295106,INR,11.364160649611295,17.3396,INR,55.38389848734677,0,Distribution services,Strong buy
DCAL,Dishman Carbogen Amcis Ltd.,186.11,INR,1.3781457675128015,190451,0.9178140285776246,28855929355,INR,29.926033124296513,6.219,INR,2910.1645692158763,0,Health technology,No rating
KPL,Kwality Pharmaceuticals Ltd,2708,INR,-2.649458963942906,19615,0.8994570700122894,28813662699,INR,41.71499783568789,64.9167,INR,69.05170505592376,0,Health technology,No rating
POKARNA,Pokarna Limited,933.3,INR,0.7339449541284354,44988,0.937830282487289,28754659910,INR,35.89642997253825,25.9998,INR,-57.0192274312013,0.0646935144751739,Producer manufacturing,No rating
VSSL,Vardhman Special Steels Limited,297.3,INR,0.3544303797468393,64711,0.1727424570159286,28672136208,INR,24.95341693105706,11.9142,INR,-7.856148491879354,1.01163378856854,Non-energy minerals,No rating
RAMCOIND,Ramco Industries Limited,336.85,INR,2.3393589548838056,261964,1.3591383746310495,28579558046,INR,9.525007917477266,35.3648,INR,67.97587099532146,0.303859009419629,Non-energy minerals,No rating
JTLIND,JTL Industries Limited,73.18,INR,0.7433920704845901,1019554,0.5540489759875012,28569173317,INR,17.566010561689872,4.166,INR,83.92935982339957,0.171986791414419,Non-energy minerals,Strong buy
DDEVPLSTIK,Ddev Plastiks Industries Limited,275.45,INR,-0.07255577725375971,109584,0.8861352151900577,28507820293,INR,14.12201999487311,19.505,INR,8.80600678329167,0.816696914700544,Process industries,Strong buy
BBL,Bharat Bijlee Limited,2562,INR,1.6908787806620589,22173,0.8104818369898165,28420000019,INR,24.112532681799273,106.2518,INR,-10.144569652635361,1.39200986338417,Producer manufacturing,No rating
ORIANA,Oriana Power Limited,1438.25,INR,2.8607187555873415,32250,0.9654243376740009,28411251487.5,INR,11.583992706091573,124.1584,INR,57.2534998093834,0,Industrial services,No rating
MONARCH,Monarch Networth Capital Limited,397.6,INR,11.139063591893787,5152604,51.0879100831271,28400315015,INR,17.43095133713284,22.81,INR,13.070806812999411,0.279251605696733,Finance,No rating
NSIL,Nalwa Sons Investments Limited,5445,INR,-0.1375515818431912,1249,0.7462062373043374,28235029147,INR,51.29992792572109,106.1405,INR,16.69882631043677,0,Finance,No rating
STALLION,Stallion India Fluorochemicals Limited,255.5,INR,5.622157916494417,4447620,0.7301909586230049,28156594531,INR,52.60015646230494,4.8574,INR,,0,Distribution services,No rating
GATEWAY,Gateway Distriparks Limited,58.5,INR,3.760198652004252,1423107,1.9874452620800493,28144937822,INR,11.416639019535138,5.1241,INR,-30.966238245358767,4.88194567725901,Transportation,Strong buy
DREDGECORP,Dredging Corporation of India Limited,1064.9,INR,6.139738861756219,219789,2.832522282420987,28114799316,INR,201.4871717248165,5.2852,INR,,0,Transportation,No rating
ARVSMART,Arvind SmartSpaces Ltd.,599.7,INR,-1.4947437582128629,18714,0.5350250730463322,28066007104,INR,28.100180399690746,21.3415,INR,-9.951476793248942,0.980552377839516,Finance,Strong buy
JUBLCPL,Jubilant Agri and Consumer Products Limited,1876.7,INR,1.361058601134218,2702,0.6818411224386797,28038174300,INR,22.541697395699458,83.2546,INR,45.24528960223307,0,Process industries,No rating
MAITHANALL,Maithan Alloys Ltd.,966.3,INR,0.7296987386636089,22763,0.7040785395698139,27960189787,INR,6.48749463739383,148.9481,INR,-31.192521116011946,2.49882867405903,Non-energy minerals,No rating
JINDALPOLY,Jindal Poly Films Limited,635.4,INR,-0.3059543421981714,7824,0.334159050140952,27931352828,INR,,-57.6251,INR,-193.4789520642388,0.924909860479699,Process industries,No rating
BOROLTD,Borosil Ltd,233.73,INR,0.5982611689764941,83179,0.5845421254173468,27840000914,INR,37.46453588087262,6.2387,INR,-0.12486992715921671,0,Producer manufacturing,Strong buy
INDOTHAI,Indo Thai Securities Limited,220.09,INR,1.7521960240406804,1498077,0.8451588371257276,27800821973,INR,40.83302411873841,5.39,INR,423.2501698864188,0.046264168401573,Finance,No rating
SASKEN,Sasken Technologies Ltd,1819,INR,-0.10982976386600769,29549,1.2567090545655595,27727459467,INR,51.29333073905823,35.4627,INR,7.365122615803806,1.36926278891445,Technology services,No rating
GANDHAR,Gandhar Oil Refinery (India) Limited,245.47,INR,-13.095659562415912,20541880,2.6425409748040956,27719484618,INR,7.970219232167905,30.7984,INR,299.6418607668851,0.44138418079096,Process industries,No rating
HUBTOWN,Hubtown Limited,196.04,INR,0.543645502102781,230322,0.4922183291606695,27716734602,INR,18.41563882652438,10.6453,INR,180.00683886580043,0,Finance,No rating
SIYSIL,Siyaram Silk Mills Limited,624.7,INR,2.5022561325785544,29239,0.5908850240686776,27634921007,INR,12.274893157144964,50.8925,INR,17.138589158135087,1.97011984895748,Process industries,No rating
GKENERGY,GK Energy Limited,136.69,INR,0.403995886587345,305846,0.5388478529931244,27633851776,INR,13.243101844675245,10.3216,INR,,0,Industrial services,No rating
ORIENTCEM,Orient Cement Ltd.,136.11,INR,1.7264573991031404,588926,2.5909612046095867,27418618942,INR,13.360228510851323,10.1877,INR,-19.522079153171664,0.374672161858374,Non-energy minerals,Neutral
AUTOAXLES,Automotive Axles Limited,1792.5,INR,-0.35577297237201017,6712,0.9043993801792091,27354387510,INR,16.479515755060614,108.7714,INR,5.683641059174108,1.68475709117022,Producer manufacturing,Strong buy
INDNIPPON,India Nippon Electricals Limited,1198.9,INR,0.07512520868114282,22084,0.3657914438856976,27242981692,INR,24.395802513852235,49.1437,INR,35.11186992406373,1.28705472058457,Producer manufacturing,No rating
EASEMYTRIP,Easy Trip Planners Ltd.,6.82,INR,-0.14641288433381827,11033467,0.7794921546266145,27215171869,INR,,-0.1102,INR,-136.381644106966,0,Consumer services,No rating
SPORTKING,Sportking India Ltd.,215.56,INR,0.8515018246467639,377432,0.4482451928472593,27161639700,INR,22.747034738930395,9.4764,INR,10.218893205238556,0.467836257309942,Process industries,No rating
ROSSARI,Rossari Biotech Ltd,519.95,INR,6.155573703552477,230496,2.601097558085604,27103117434,INR,19.129874908020604,27.18,INR,11.530570373409924,0.102186797465767,Process industries,Buy
MANGLMCEM,Mangalam Cement Ltd,984.7,INR,0.06605355418932889,13172,0.1837001665183714,27057342407,INR,20.999496711564547,46.8916,INR,186.1302644585738,0.152439024390244,Non-energy minerals,Neutral
PANACEABIO,Panacea Biotec Limited,433.1,INR,-1.8359020852221137,125044,0.4413076744987097,26990139911,INR,,-0.8816,INR,35.48481522136846,0,Health technology,No rating
ZAGGLE,Zaggle Prepaid Ocean Services Limited,203.34,INR,1.68525278791819,461204,0.5910245524232437,26918578288,INR,19.796331632851746,10.2716,INR,48.300655482082526,0,Technology services,Strong buy
PARAGMILK,Parag Milk Foods Ltd.,217.41,INR,1.4985994397759141,276144,0.8843470533133712,26915305439,INR,20.5685903500473,10.57,INR,11.263157894736846,0.466309162975052,Consumer non-durables,Strong buy
BNAGROCHEM,BN Agrochem Ltd,274.95,INR,0.01818843215715219,135,0.02910674629697505,26868001059,INR,79.02224521469219,3.4794,INR,-61.57821506658716,0,Process industries,No rating
HIKAL,Hikal Limited,221.98,INR,2.106715731370738,197350,0.42477537056189374,26780922683,INR,,-3.9557,INR,-153.71600059749326,0.460405156537753,Health technology,Strong buy
NOCIL,NOCIL Limited,163.03,INR,1.8237461745050199,158657,0.4171267609781132,26749041978,INR,49.06404237390153,3.3228,INR,-45.95755062210296,1.24882922260381,Process industries,Buy
MMFL,MM Forgings Limited,559.5,INR,1.3862462625713468,85615,0.6945931824967224,26694898345,INR,27.53187448024053,20.3219,INR,-19.44768156269572,0.723458129860734,Producer manufacturing,Strong buy
DIAMONDYD,Prataap Snacks Ltd.,1097.6,INR,-1.2416771639373925,17731,1.414180890094114,26684149452,INR,,-1.4114,INR,66.28123656170864,0.0448028673835125,Consumer non-durables,Buy
FLAIR,Flair Writing Industries Limited,256.75,INR,1.6831683168316833,90668,0.608922826882652,26675570844,INR,19.355008933081045,13.2653,INR,16.922276869920854,0.59265112603714,Producer manufacturing,Strong buy
PATELENG,Patel Engineering Limited,27.98,INR,-0.14275517487508618,2998015,0.7035064081064372,26597517092,INR,9.944908476985962,2.8135,INR,2.5739181158627646,0,Industrial services,Strong buy
FMGOETZE,Federal-Mogul Goetze (India) Limited,483.75,INR,1.023284953534505,21821,0.2624489138095685,26575469022,INR,15.770633857228086,30.6741,INR,5.315905485857891,0,Producer manufacturing,No rating
RAMCOSYS,Ramco Systems Limited,639.9,INR,-9.993670440959288,1208773,1.0026712229170924,26543683577,INR,57.80540022945103,11.0699,INR,,0,Technology services,No rating
AIMTRON,Aimtron Electronics Limited,1339.3,INR,4.310915534094,53600,1.6522811344019728,26461152809.15,INR,,,,,0,Electronic technology,No rating
KIRIINDUS,Kiri Industries Limited,410.8,INR,1.2945382813463198,126856,0.5906108261269961,26454950098,INR,0.4641291336500966,885.0985,INR,2016.9186356602495,0,Process industries,No rating
UFBL,United Foodbrands Limited,699.35,INR,3.6304363932725794,100422,0.965273158596931,26422398041,INR,,-15.1285,INR,-112.5266913913239,0,Consumer services,Buy
IMAGICAA,Imagicaaworld Entertainment Ltd.,45.72,INR,-2.0145735105014957,440861,0.628466475995489,26403095180,INR,3197.2027972027972,0.0143,INR,-99.0109282058376,0,Consumer services,Strong buy
JNKINDIA,Jnk India Limited,469.4,INR,-0.3185389679337439,173799,0.31372997116844686,26326316839,INR,40.40456208306434,11.6175,INR,107.71871479912029,0.0637619553666313,Producer manufacturing,Strong buy
RAJESHEXPO,Rajesh Exports Limited,88.46,INR,-0.5285055661756584,66769,0.2807837503800558,26254516814,INR,23.20505757981165,3.8121,INR,18.642432541782085,0,Consumer durables,No rating
PARKHOTELS,Apeejay Surrendra Park Hotels Ltd.,122.32,INR,-0.057194215213667285,104829,0.5299827601025293,26159683009,INR,39.68980174567636,3.0819,INR,-21.35000637999234,0.407830342577488,Consumer services,Buy
CONFIPET,Confidence Petroleum India Limited,81.04,INR,3.4993614303959246,8619919,4.177779972775353,25964636832,INR,28.733512976882714,2.8204,INR,7.962027254631746,0.127959053103007,Retail trade,No rating
RELINFRA,Reliance Infrastructure Limited,60.04,INR,-4.984965975629054,2206582,2.305161300971527,25964405291,INR,0.8640365646919316,69.4878,INR,-29.094949857756845,0,Utilities,No rating
EVEREADY,Eveready Industries India Ltd,349.75,INR,-2.030812324929972,95130,0.5990399492204546,25949353065,INR,14.820920062377109,23.5984,INR,108.0675736441627,0.420168067226891,Producer manufacturing,No rating
MARATHON,Marathon Nextgen Realty Limited,388.7,INR,1.5545395166557776,86840,1.5446432859422163,25926570712,INR,11.768588435477133,33.0286,INR,-9.322871481753992,0.260044207515278,Finance,No rating
ADOR,Ador Welding Limited,1523,INR,1.9479215476270104,41485,0.32633414697268737,25918013028,INR,23.37998071880776,65.1412,INR,212.65124717423961,1.34291277781508,Producer manufacturing,Strong buy
SUNDROP,Sundrop Brands Limited Shs Dematerialised,682.55,INR,-0.6549741649079398,19408,0.6124503378133176,25801609322,INR,127.89020048716507,5.337,INR,,0,Process industries,Strong buy
UTKARSHBNK,Utkarsh Small Finance Bank Limited,14.51,INR,0.41522491349481316,3379362,0.5397408773837851,25749708149,INR,,-7.6954,INR,-4600.233918128655,0,Finance,Strong buy
RAMKY,Ramky Infrastructure Limited,375.2,INR,1.104823497709503,40579,0.8196386875762497,25662001605,INR,9.577390008066244,39.1756,INR,37.261263660220955,0,Industrial services,No rating
WINDMACHIN,Windsor Machines Limited,281.9,INR,-3.5249828884325844,99640,1.4621998447403217,25648473778,INR,,-0.5771,INR,-145.77615610375187,0,Producer manufacturing,No rating
BLSE,BLS E-Services Limited,288.32,INR,2.1252479455936526,1807981,1.464889162712248,25639700741,INR,45.576983876067025,6.326,INR,9.347991426398396,0.531537916371368,Technology services,No rating
GLOBUSSPR,Globus Spirits Limited,889.45,INR,1.0222045544891816,74494,0.2948434650895031,25579067532,INR,25.7438494934877,34.55,INR,305.9357082432558,0.313778990450205,Consumer non-durables,Strong buy
STOVEKRAFT,Stove Kraft Ltd.,795.9,INR,2.909231962761831,211211,2.0254083449765874,25563817080,INR,62.73548468462787,12.6866,INR,8.975493269883266,0.38852554555462,Consumer durables,Buy
VIMTALABS,Vimta Labs Limited,587.15,INR,2.927513366640359,272440,0.2208461266528704,25498344672,INR,33.24745186862967,17.66,INR,7.617306520414381,0.350508236943568,Commercial services,Strong buy
EPACKPEB,Epack Prefab Technologies Limited,255.19,INR,1.2980311209907949,374100,0.4787865314699437,25408785343,INR,27.001661217450188,9.4509,INR,,0,Industrial services,Strong buy
MEDIASSIST,Medi Assist Healthcare Services Limited,347.15,INR,2.087928245846189,259635,2.7638798108551756,25376217068,INR,28.52506162695152,12.17,INR,-5.144193296960251,0,Finance,Strong buy
SILVERTUC,Silver Touch Technologies Ltd.,202.42,INR,1.139202558209254,498869,1.0417367952856862,25355658625,INR,71.90252912759307,2.8152,INR,60.831809872029254,0.0250062515628907,Technology services,No rating
SPAL,S.P. Apparels Ltd.,1014.4,INR,1.1567610690067833,48101,0.3569409093270208,25210528795,INR,25.32201697453819,40.06,INR,5.6980928961172035,0.199431619883333,Consumer non-durables,Buy
ARKADE,Arkade Developers Limited,134.59,INR,-0.7521569205810856,228642,0.27983429900860657,25194550596,INR,469.93715083798884,0.2864,INR,-96.91956891173876,0.736919675755343,Consumer durables,No rating
BOMDYEING,Bombay Dyeing & Manufacturing Co. Ltd.,122.08,INR,0.3040013146002831,261611,0.5894328772104775,25135296316,INR,93.66272824919442,1.3034,INR,-94.50797637005638,0.986031224322103,Process industries,No rating
NITCO,Nitco Limited,107.59,INR,3.342618384401118,350909,0.5739449105525954,25042932343,INR,102.03907435508346,1.0544,INR,,0,Producer manufacturing,No rating
NILKAMAL,Nilkamal Limited,1775.2,INR,5.912535051607907,115784,0.3145258207596169,25033283223,INR,22.919203095486782,77.4547,INR,8.602415889062595,1.19221483711365,Consumer durables,Strong buy
RANEHOLDIN,Rane Holdings Limited,1762.7,INR,1.3978370915784604,8218,0.8177846772347772,24883364810,INR,25.715240222387887,68.5469,INR,-51.8900924903039,2.18039935735598,Producer manufacturing,No rating
ELITECON,Elitecon International Ltd.,15.98,INR,3.0303030303030347,1784679,0.36135981254990857,24856675305,INR,8.247316267547482,1.9376,INR,-92.90022351691034,0.321543408360129,Process industries,No rating
INA,Insolation Energy Ltd.,112.04,INR,-0.4708181575908208,396562,0.4452983453548832,24811577417,INR,,,,,0.0888494002665482,Electronic technology,No rating
RAJRATAN,Rajratan Global Wire Limited,504.5,INR,3.317632602908046,459053,0.8913273185717575,24763555205,INR,32.16612897055636,15.6842,INR,39.48206250111165,0.410046130189646,Producer manufacturing,Buy
FISCHER,Fischer Medical Ventures Ltd,37.7,INR,-0.6325777543489586,1922676,0.7569098261798091,24760322100,INR,91.50485436893204,0.412,INR,2139.1304347826085,0.0130958617077004,Process industries,No rating
GSPCROP,GSP Crop Science Limited,556.6,INR,4.919886899151748,345999,0.6229639956377991,24659587835,INR,,,,,0,Process industries,No rating
MUFIN,Mufin Green Finance Limited,125.61,INR,1.0376447876447927,802885,1.1093353369629317,24651376200,INR,80.08798775822494,1.5684,INR,33.514939984676936,0,Finance,No rating
KLBRENG_B,Kilburn Engineering Ltd,439.65,INR,0.03412969283275934,52812,0.5641258996724968,24570157328,INR,22.87258671189333,19.2217,INR,38.254777711445634,0.455840455840456,Producer manufacturing,Strong buy
VEEDOL,Veedol Corp. Ltd,1392.3,INR,-0.4646840148698885,9432,1.0406231381981068,24475491649,INR,12.205684589610922,114.0698,INR,27.514266710635887,0,Energy minerals,No rating
GIPCL,Gujarat Industries Power Co. Ltd.,162.58,INR,3.4026585257266575,296739,0.9559714915028944,24361141683,INR,6.27044122184511,25.928,INR,87.05451187487375,2.60592545396623,Utilities,No rating
REPCOHOME,Repco Home Finance Ltd.,391.05,INR,0.6822863027806474,49776,0.6663569781000205,24348881844,INR,5.145733271925784,75.995,INR,3.0395969259638873,2.18396711202467,Finance,Buy
DRAGARWQ,Dr. Agarwal'S Eye Hospital Limited,5041.5,INR,0.39828736433336653,476,0.876127369777287,24253783455,INR,34.26820075462772,147.1189,INR,26.524941389755114,0.129519482719112,Health services,No rating
TALBROAUTO,Talbros Automotive Components Limited,386.85,INR,-1.2507977026164587,192371,1.49759717749124,24188175725,INR,22.939669588111812,16.8638,INR,10.233883724882677,0.178639785632257,Producer manufacturing,No rating
SIKA,Sika Interplant Systems Limited,1123.5,INR,-1.4127764127764049,25631,0.4923537355377934,24132956283,INR,65.06706511918827,17.2668,INR,37.998609368381516,0.21084072740051,Electronic technology,No rating
PROTEAN,Protean eGov Technologies Limited,625.75,INR,5.362855699612734,911326,4.786619906581375,24128990868,INR,25.35453808752026,24.68,INR,8.7655898814508,1.68350168350168,Technology services,Strong buy
HUHTAMAKI,Huhtamaki India Limited,312.61,INR,-1.9047320195807687,3886901,0.7441960372954527,24114152767,INR,20.073845758684904,15.573,INR,33.51108520087106,0.626370184779204,Process industries,Strong buy
PIXTRANS,PIX Transmissions Ltd,1796.7,INR,1.7326312213351531,7305,0.28324492834543086,24108429693,INR,22.90306954925556,78.448,INR,-5.306130332022443,0.508646998982706,Producer manufacturing,No rating
AJMERA,Ajmera Realty & Infra India Ltd,126.18,INR,2.9452557722118087,281078,0.7750450697374567,24097627268,INR,16.56753456493481,7.6161,INR,12.244115956553136,0.734993875051041,Finance,Strong buy
MOLDTKPAC,Mold Tek Packaging Ltd,692.35,INR,-4.825073888239744,822742,14.483517412076855,24090961456,INR,31.57191520021159,21.9293,INR,20.339903856706993,0.551724137931034,Producer manufacturing,Strong buy
RISHABH,Rishabh Instruments Limited,624.7,INR,0.38566607745461856,71724,0.32013397386313475,24090242938,INR,29.564600094652157,21.13,INR,267.3568733809698,0,Producer manufacturing,No rating
ORIENTHOT,Oriental Hotels Limited,137.35,INR,1.8614654405220934,368592,0.1779479214401291,24048378784,INR,36.82700557700557,3.7296,INR,41.155098024373636,0.371333085777943,Consumer services,No rating
CAMLINFINE,Camlin Fine Sciences Limited,127.38,INR,2.337912750060253,593377,1.0686742576577335,23954445857,INR,95.43002697033263,1.3348,INR,,0,Process industries,Strong buy
KNACK,Knack Packaging Limited,197.35,INR,1.2674466338259436,2296861,0.9267492896644053,23830616078.5,INR,,,,,0,Process industries,No rating
GREENPANEL,Greenpanel Industries Ltd,191.86,INR,-1.2252883031301458,104048,0.5888731676948328,23789713272,INR,,-2.3753,INR,-140.3941975749537,0.154639175257732,Non-energy minerals,Strong buy
SAIPARENT,Sai Parenterals Limited,559.75,INR,4.508961911874529,92370,1.0234222655557526,23770634020,INR,,,,,0,Health technology,No rating
SOLARA,Solara Active Pharma Sciences Ltd.,505,INR,2.652708608598437,579028,1.5998536715833311,23430924167,INR,,-0.4689,INR,-108.86473201625861,0,Health technology,No rating
BETA,Beta Drugs Ltd.,2230.7,INR,-3.6664363447918507,29565,0.3604696530029994,23374947898,INR,50.45040562515125,44.2157,INR,8.861423313185519,0,Health technology,No rating
KICL,Kalyani Investment Co. Ltd.,5445.5,INR,2.7840694601736504,1682,0.6657958278905909,23292183503,INR,64.65604243991518,84.2226,INR,-48.61100857087246,0,Finance,No rating
SPANDANA,Spandana Sphoorty Financial Limited,266,INR,1.7208413001912046,394494,0.7950571482468574,23165936769,INR,,-42.4901,INR,78.04419673676249,0,Finance,Buy
COSMOFIRST,Cosmo First Limited,909.2,INR,3.2009080590238415,162543,1.3176484130792878,23158821866,INR,15.293523969722456,59.45,INR,17.443698143026484,0.453386228393313,Process industries,No rating
SAGCEM,Sagar Cements Ltd,183.15,INR,3.15985130111525,101734,2.2133842147287717,23122164806,INR,,-0.8471,INR,94.72221703021127,0,Non-energy minerals,Buy
TASTYBITE,Tasty Bite Eatables Ltd,8873.5,INR,-1.394599399933326,1070,0.27278521351179097,22950176065,INR,64.49889515613188,137.576,INR,37.85529482732015,0.0223614845789612,Consumer non-durables,No rating
ANANTAM,Anantam Highways Trust,104.96,INR,-0.43634983874028455,17962,1.3911413679066273,22946250000,INR,,,,,4.739336492891,Miscellaneous,No rating
BRIGHOTEL,Brigade Hotel Ventures Limited,59.99,INR,-0.2825797872340336,186725,2.287402351286691,22881716441,INR,37.06976456775629,1.6183,INR,,0,Consumer services,Strong buy
VINCOFE,Vintage Coffee and Beverages Limited,162.87,INR,4.283519016519399,3500698,1.9963122348855693,22785664913,INR,31.83417380086783,5.1162,INR,56.74152139946693,0.0639386189258312,Distribution services,Strong buy
TAJGVK,TAJGVK Hotels & Resorts Ltd.,360.1,INR,0.0555709919422188,45792,0.5873796495116714,22644644943,INR,5.316847807630807,67.7281,INR,262.37225925886287,0.553786515298353,Consumer services,No rating
VERANDA,Veranda Learning Solutions Ltd.,232.95,INR,-0.35503464795962547,84370,0.42490699336375554,22572762371,INR,18.873351265515115,12.3428,INR,,0,Commercial services,No rating
RHETAN,Rhetan TMT Ltd.,29.05,INR,2.4691358024691334,14137548,1.4744235701307777,22551561892,INR,160.1433296582139,0.1814,INR,191.63987138263664,0,Non-energy minerals,No rating
EPACK,Epack Durable Limited,232.1,INR,-1.0529905785053497,209862,0.3531326467734591,22541520849,INR,671.5856481481482,0.3456,INR,-93.9895652173913,0,Producer manufacturing,Buy
ALEMBICLTD,Alembic Limited,90.15,INR,2.513077098021387,223367,1.178923600903349,22524902426,INR,7.293512293390937,12.3603,INR,2.159682618398217,2.7359781121751,Health technology,No rating
NIBE,Nibe Ltd.,1494.2,INR,-0.671408628598013,38476,0.663533753546084,22437309970,INR,1115.0746268656717,1.34,INR,-92.97697601165612,0.0832389958047546,Process industries,No rating
EMSLIMITED,EMS Ltd.,401.75,INR,-0.384329283411855,218786,0.3872103391068178,22437222091,INR,24.643006109379982,16.3028,INR,-50.76452876458312,0.371241183021903,Industrial services,No rating
ORISSAMINE,Orissa Minerals Development Company Limited,3713.3,INR,-0.8993861756071475,4123,0.839954365806951,22420199707,INR,,-4.8482,INR,92.76811179131016,0,Non-energy minerals,No rating
ELCIDIN,Elcid Investments Ltd.,110725,INR,1.1187214611872145,11,1.0784313725490198,22400000334,INR,20.406301488015156,5426.02,INR,-29.069547797157426,0.0223214285714286,Finance,No rating
SIRCA,Sirca Paints India Ltd.,397.75,INR,1.092896174863391,263633,1.0772204164104366,22367844982,INR,34.31275287053891,11.5919,INR,29.51120049159266,0.380855655706487,Process industries,Strong buy
VINDHYATEL,Vindhya Telelinks Limited,1907.5,INR,1.1399787910922587,17478,0.5802114628114263,22350728479,INR,10.26700676519046,185.7893,INR,8.54511951167074,0.848356309650053,Industrial services,No rating
INDOCO,Indoco Remedies Limited,248.14,INR,1.9390354120450246,80973,0.8589422364979097,22337472198,INR,,-10.5339,INR,-31.662229554913935,0.0826446280991736,Health technology,Neutral
EXICOM,Exicom Tele-Systems Ltd.,165.2,INR,3.056768558951951,970983,0.46537360833001706,22301442441,INR,,-20.8754,INR,-137.92883357268232,0,Producer manufacturing,No rating
SAKSOFT,Saksoft Limited,164.69,INR,-2.1449792038027415,891947,0.3945820488563187,22295120564,INR,16.161923454367027,10.19,INR,20.277144981763676,0.505350772889417,Technology services,No rating
PRAKASH,Prakash Industries Limited,125.47,INR,1.373515391451889,230451,0.8776985924891137,22170333347,INR,6.745118699466712,18.6016,INR,-6.282086807567322,1.21163166397415,Non-energy minerals,No rating
JISLDVREQS,Jain Irrigation Systems Limited,21.92,INR,3.0075187969924837,18803,1.0327800419637265,22166977027,INR,,-0.3325,INR,-170.82002129925456,0,Producer manufacturing,No rating
VENUSREM,Venus Remedies Limited,1572,INR,-4.66949666464524,70003,1.2991257258553912,22063550367,INR,18.088072343084246,86.9081,INR,116.29099253131447,0,Health technology,No rating
TEAMLEASE,TeamLease Services Limited,1294,INR,-1.4995813351602378,67591,1.6578733716461,22004149653,INR,15.5308017566369,83.3183,INR,28.41413324085848,0,Commercial services,Strong buy
PENIND,Pennar Industries Limited,165.16,INR,1.4247113731269916,215484,0.35654577295597234,21962498611,INR,16.05818125249147,10.2851,INR,16.369663849382796,0,Non-energy minerals,Strong buy
BFUTILITIE,BF Utilities Ltd.,577.85,INR,-0.4393521709166014,43437,0.07772223761028409,21873592761,INR,13.756630131507528,42.0052,INR,6.813067215244928,0,Industrial services,No rating
GNA,GNA Axles Ltd,511.85,INR,0.956607495069038,212597,0.14862575513750068,21841045208,INR,16.617589288902884,30.8017,INR,29.231576076695553,0.58968058968059,Producer manufacturing,Strong buy
SANSTAR,Sanstar Limited,116.24,INR,6.67156098008626,889963,5.014619067501269,21659027993,INR,61.46687113320289,1.8911,INR,-22.23136077641157,0,Consumer non-durables,No rating
STYLEBAAZA,Baazar Style Retail Limited,274.95,INR,-1.943651925820253,72198,0.4488183689911378,21628746057,INR,43.79579483912074,6.278,INR,218.21176947640524,0,Retail trade,Strong buy
APOLLOPIPE,Apollo Pipes Ltd.,505.35,INR,3.069549255557824,116605,1.1641047809110976,21559395126,INR,297.334666980466,1.6996,INR,-77.86892717163431,0.143017672898151,Producer manufacturing,Neutral
JAYKAY,Jaykay Enterprises Limited,167.99,INR,1.7134899491402351,60169,0.38998050389144395,21555994275,INR,9.90734897765406,16.9561,INR,2493.468950749464,0,Commercial services,No rating
SERVOTECH,Servotech Renewable Power System Ltd,95.6,INR,-0.04182350480970959,402420,0.3318031077291523,21504207885,INR,58.787357028655755,1.6262,INR,13.22935524300238,0.0522793810121288,Producer manufacturing,No rating
HPL,HPL Electric & Power Limited,339.75,INR,1.8740629685157422,58133,0.6068599930475159,21457074743,INR,24.002797677080242,14.1546,INR,-2.9376671466776374,0.299670362601139,Electronic technology,No rating
HINDOILEXP,"Hindustan Oil Exploration Co., Ltd.",157.98,INR,-2.505554184152063,257350,0.33914458602813785,21443248039,INR,33.28066738292359,4.7469,INR,-57.356534550289275,0,Energy minerals,No rating
TCIEXP,TCI Express Ltd.,561.35,INR,0.035641094181599484,17695,0.13986306935216405,21439715379,INR,26.50953464869613,21.1754,INR,-4.91513246519982,1.61275871337694,Transportation,Buy
ALPEXSOLAR,Alpex Solar Ltd.,827.2,INR,-1.0940395767322264,33300,0.5572289156626506,21362888050,INR,10.234267226714012,80.8265,INR,482.4493766664264,0,Electronic technology,Strong buy
HONDAPOWER,Honda India Power Products Limited,2124.2,INR,1.675282404748229,2587,0.9170181843961576,21339123227,INR,33.53985877954198,63.3336,INR,-19.64005664083317,5.93979424552734,Producer manufacturing,No rating
NELCO,Nelco Limited,933.75,INR,0.10184391080617983,313008,1.2895677051060632,21316950807,INR,551.9595672991666,1.6917,INR,-42.946274999156856,0.107043459644616,Electronic technology,No rating
LANDMARK,Landmark Cars Ltd.,538.5,INR,5.01170046801873,678636,0.13110497354122835,21263204624,INR,59.790151557208674,9.0065,INR,134.111408593486,0.0975039001560062,Retail trade,Strong buy
GEOJITFSL,Geojit Financial Services Ltd,75.16,INR,-1.300065659881824,251893,0.5299373482620329,21255150728,INR,28.924379449682508,2.5985,INR,-52.901834263756975,1.96979645436638,Finance,No rating
SHRINGARMS,Shringar House Of Mangalsutra Limited,220.18,INR,0.23672949103159896,449501,0.8701062921030335,21181304795,INR,18.378658119230064,11.9802,INR,,0,Consumer durables,Strong buy
VENKEYS,Venky's (India) Limited,1503.7,INR,-0.09965453095934095,68141,1.5355649101299826,21155656217,INR,15.212029612724002,98.8494,INR,19.40698399199841,0.665889795238888,Process industries,No rating
BGRENERGY,BGR Energy Systems Limited,280.25,INR,-3.7272414977670976,63353,2.2831144025803196,21013447170,INR,,-178.5082,INR,-32.47047194426552,0,Industrial services,No rating
BHARATRAS,Bharat Rasayan Limited,1273.8,INR,1.0070573309015975,6619,0.838803700418198,20975793835,INR,14.529634728769885,87.6691,INR,3.40300457987896,0.0297147385103011,Process industries,No rating
KCP,KCP Ltd.,162.55,INR,-0.05533694048203086,98347,0.8467678054828489,20962581051,INR,10.631687727284621,15.2892,INR,33.997072768862665,0.153751537515375,Producer manufacturing,No rating
BAJEL,Bajel Projects Limited,177.74,INR,-0.6484069312465045,89792,0.26374728996076047,20744461258,INR,101.81005842593653,1.7458,INR,31.03655332882984,0,Industrial services,No rating
GMBREW,G.M. Breweries Ltd.,905.6,INR,0.1271490961357706,14741,0.3051619380815849,20700455056,INR,12.263757454945319,73.8436,INR,29.816869393086492,0.993322664312124,Consumer non-durables,No rating
THEJO,Thejo Engineering Ltd.,1921.2,INR,1.179692437328844,3500,0.558026817174471,20597193402,INR,42.31811273376066,45.399,INR,-1.3864844376190633,0.263324204760902,Distribution services,No rating
PRABHA,Prabha Energy Limited,142.02,INR,1.5444015444015418,19298,0.9846470975411903,20556833015,INR,3257.3394495412845,0.0436,INR,,0,Energy minerals,No rating
KPEL,K.P. Energy Ltd.,311.15,INR,2.757595772787307,162993,1.0757477758124554,20546214387,INR,11.579828805359135,26.87,INR,55.85394855137612,0.280481768685035,Utilities,No rating
SURYODAY,Suryoday Small Finance Bank Limited,184.62,INR,-4.391506991196266,7154365,0.8353102540579658,20471419559,INR,10.227971524334507,18.0505,INR,140.63162385186567,0,Finance,Strong buy
SOMANYCERA,Somany Ceramics Limited,491.85,INR,-0.976444533923891,82778,1.139119617330229,20430529028,INR,24.89547796685665,19.7566,INR,35.007551063640776,1.40519923717756,Producer manufacturing,Strong buy
LAOPALA,La Opala RG Ltd.,185.87,INR,0.82451857879035,88612,0.37941616359442565,20429550339,INR,22.342561094349147,8.3191,INR,-4.393545866182442,4.07497962510187,Consumer durables,Buy
ANONDITA,Anondita Medicare Limited,1121.2,INR,-0.664481261628422,9600,0.2194787379972565,20414365736.600002,INR,59.14281946459185,18.9575,INR,,0,Producer manufacturing,No rating
INDIANHUME,Indian Hume Pipe Co. Ltd.,387,INR,-0.0387446726075106,45948,0.08496815543395467,20300920516,INR,14.44811558492468,26.7855,INR,-74.71369947200434,1.03801738679123,Producer manufacturing,Strong buy
TIRUMALCHM,Thirumalai Chemicals Limited,172.09,INR,2.5932991534517673,1162625,1.955638605891449,20204645410,INR,,-15.1688,INR,-236.8972792892837,0,Process industries,No rating
ARMANFIN,Arman Financial Services Limited,1993.4,INR,3.969123246231687,40012,0.5670144729551442,20151539401,INR,37.28811022944515,53.4594,INR,8.614710083239716,0,Finance,No rating
HESTERBIO,Hester Biosciences Limited,2528.4,INR,6.800709639266706,41089,0.4080224184431813,20114483478,INR,38.6584224721575,65.4036,INR,102.40834099286037,0.296045675618524,Health technology,No rating
DCXINDIA,DCX Systems Limited,182.98,INR,1.2729687845915336,311198,0.5631170102058376,20110820066,INR,,-0.6951,INR,-119.91690544412607,0,Producer manufacturing,Sell
CANTABIL,Cantabil Retail India Limited,238.41,INR,-0.5920860609598532,59716,0.23085151333457812,20094038782,INR,20.816198234539122,11.4531,INR,27.956160343209547,0.520291363163372,Consumer non-durables,No rating
SUMEETINDS,Sumeet Industries Limited,27.34,INR,-4.970455335418838,15398,0.002759301397498889,20064375892,INR,,,,,0,Process industries,No rating
SBC,SBC Exports Ltd.,42.09,INR,0.04753981459473051,7111649,0.8775424567900074,20061885311,INR,58.72750104646296,0.7167,INR,86.78655199374512,0,Distribution services,No rating
MSPL,MSP Steel & Power Limited,36.14,INR,2.1769861464518043,273518,0.570912949749608,20058932420,INR,72.570281124498,0.498,INR,,0,Non-energy minerals,No rating
MUKANDLTD,Mukand Limited,140.57,INR,1.5679190751444996,74299,0.2771215375193298,20027085455,INR,3.362033914520102,41.811,INR,696.0815673730507,1.44300144300144,Non-energy minerals,No rating
ESAFSFB,ESAF Small Finance Bank Limited,38.29,INR,-1.0338588782631135,4228358,1.829997578098532,19979643521,INR,,-3.2342,INR,68.04434388246105,0,Finance,No rating
JGCHEM,JG Chemicals Limited,507.75,INR,0.4749183734045666,157788,0.3110318250362208,19798757754,INR,30.27150454296139,16.7732,INR,2.6737836977546956,0.197921820880752,Process industries,Strong buy
TINNARUBR,Tinna Rubber & Infrastructure Limited,1139.3,INR,3.6811211721345085,284366,0.5598569240964534,19790310728,INR,33.18507385302796,34.3317,INR,34.80275324818105,0.364132908511607,Process industries,No rating
INDSWFTLAB,Ind-Swift Laboratories Ltd.,239.91,INR,5.459580640907287,478681,0.9230103247440025,19740273094,INR,47.79083665338646,5.02,INR,-83.43742679639583,0,Health technology,No rating
NGLFINE,NGL Fine-Chem Ltd.,3226.5,INR,0.6551240056153487,7529,1.2108979204529007,19737859989,INR,41.49038770655179,77.765,INR,130.4018440443353,0.0547756545690721,Health technology,No rating
KRISHNADEF,Krishna Defence and Allied Industries Limited,1295.9,INR,-1.5871810449574624,105239,1.2466756776286876,19683191932.8,INR,,,,,0.0759416767922236,Electronic technology,No rating
HGS,Hinduja Global Solutions Limited,422.55,INR,0,15933,0.07564144256629249,19682733527,INR,61.04802357836339,6.9216,INR,-72.5705590032575,0,Commercial services,No rating
GOCLCORP,GOCL Corporation Limited,395.95,INR,-0.15130500567394345,59703,1.3584887628816718,19677899211,INR,1.2896759801065159,307.0151,INR,868.0835096504035,2.51920896838393,Process industries,No rating
GRANDOAK,Grand Oak Canyons Distillery Ltd,39.17,INR,4.5090715048025745,5970,0.43534696496805997,19535966258,INR,416.7021276595745,0.094,INR,,0,Finance,No rating
DYCL,Dynamic Cables Ltd.,414.9,INR,3.106361829025845,680337,0.15078034725509368,19507023828,INR,22.049679538280028,18.8166,INR,27.65585036736522,0.0621040864488883,Producer manufacturing,No rating
AWFIS,Awfis Space Solutions Limited,288.65,INR,6.179878609527296,771559,3.8090524601931386,19483077564,INR,29.334349593495933,9.84,INR,3.019389421667567,0,Finance,Strong buy
SHK,S H Kelkar and Company Ltd,148.26,INR,5.410593672236036,897665,1.1620304027070656,19392753752,INR,29.630665920537215,5.0036,INR,-5.433652737616006,1.42755174875089,Process industries,Strong buy
NDRAUTO,NDR Auto Components Ltd.,824.9,INR,1.4949246385727442,10841,0.6346260793209425,19363616239,INR,31.60088416584622,26.1037,INR,16.580695008284533,0.33779633951603,Producer manufacturing,No rating
AEROPLANE,Amir Chand Jagdish Kumar (Exports) Limited,189.26,INR,0.7559625212947122,351325,,19245056538,INR,,,,,0,Process industries,No rating
ALGOQUANT,Algoquant Fintech Limited,69.3,INR,1.3009793889782204,1276401,0.709664219112826,19241022999,INR,58.20594658155551,1.1906,INR,264.8789457554398,0,Finance,No rating
SCILAL,Shipping Corporation of India Land and Assets Limited,42.15,INR,1.984030970239536,252633,1.5925004664673044,19218866422,INR,68.33657587548637,0.6168,INR,,1.33301017935046,Miscellaneous,No rating
HATHWAY,Hathway Cable & Datacom Ltd.,10.88,INR,1.1152416356877417,957666,0.510962446368247,19064026191,INR,25.408687529191965,0.4282,INR,-27.936721642544587,0,Consumer services,No rating
NUCLEUS,Nucleus Software Exports Limited,731.5,INR,0.9592160651438888,15565,0.5198209932204522,19033196194,INR,16.49558464050224,44.3452,INR,-27.91437869610875,1.72890733056708,Technology services,No rating
GOODYEAR,Goodyear India Limited,818.3,INR,-0.5529561888558143,10402,0.7289571609774557,19012568675,INR,30.691621033680892,26.662,INR,11.574692104569358,2.89960570215347,Consumer durables,No rating
BCG,Brightcom Group Limited,9.47,INR,0.7446808510638327,2716706,0.7081798093421606,18988644536,INR,1.9863660199265865,4.7675,INR,35.532749602001374,0,Technology services,No rating
EIHAHOTELS,EIH Associated Hotels Limited,316.95,INR,1.945963332261181,6800,0.36392244170551186,18963375610,INR,22.15534957849264,14.3058,INR,-5.088006793739673,1.12467866323907,Consumer services,No rating
MARSONS,Marsons Limited,111.86,INR,1.764919941775835,1816057,1.295026058015917,18922395146,INR,41.61922833649589,2.6877,INR,65.07185849404249,0.045475216007276,Producer manufacturing,No rating
VIDYAWIRES,Vidya Wires Limited,91.3,INR,3.117235147955716,1398257,2.07337263120309,18861553807,INR,30.57806952910443,2.9858,INR,,0,Non-energy minerals,Buy
RICOAUTO,Rico Auto Industries Limited,145.59,INR,4.688286474437342,4112427,1.7810459136884416,18824905311,INR,39.023801865551626,3.7308,INR,135.8578834239474,0.359324469996407,Producer manufacturing,No rating
SIMPLEXINF,Simplex Infrastructures Limited,237.95,INR,-0.5433646812957206,33878,0.4879974071806691,18804918165,INR,46.333437183581275,5.1356,INR,153.4221564273378,0,Industrial services,No rating
PARACABLES,Paramount Communications Limited,62.9,INR,2.0441271901362716,626892,0.61139014181526,18803976479,INR,32.15910833887213,1.9559,INR,-31.592753217683267,0,Producer manufacturing,No rating
PFS,PTC India Financial Services Limited,29.24,INR,-0.13661202185793273,326119,0.9578263747869907,18773941301,INR,5.878804937874462,4.9738,INR,47.17997277623247,0,Finance,No rating
GRMOVER,GRM Overseas Ltd.,90.12,INR,-0.08869179600886729,340972,0.5362564277419254,18692414516,INR,17.72724590357417,5.0837,INR,58.637583473756486,0,Process industries,No rating
VIKRAN,Vikran Engineering Limited,71.83,INR,0.5599888002239835,1037657,0.6156147052164904,18422585756,INR,19.717807241483435,3.6429,INR,,0,Industrial services,No rating
CEINSYS,Ceinsys Tech Ltd,858.6,INR,-1.3160163209010898,67485,1.8393245044303506,18225186592,INR,12.609781171978264,68.09,INR,91.5939525081109,0.402090872537193,Industrial services,Strong buy
WINDLAS,Windlas Biotech Ltd.,857.5,INR,-0.052450609009854356,23569,0.46481953705401957,18192067477,INR,27.413682864450127,31.28,INR,8.085694540428472,0.674810936591041,Health technology,No rating
CAPACITE,Capacit'e Infraprojects Ltd.,218.8,INR,2.8437132784958923,352848,0.49742706734736863,17999511570,INR,9.664865915445676,22.6387,INR,-5.70705030217961,0,Industrial services,Strong buy
INSECTICID,Insecticides (India) Limited,612.55,INR,-0.5762051614997676,46257,2.2024101433611514,17960640165,INR,12.785137473362122,47.9111,INR,-0.33242564628497523,0.324017820980154,Process industries,No rating
STUDDS,Studds Accessories Limited,444.2,INR,-1.4203284509542906,50266,0.9381695745332108,17773961682,INR,,,,,0,Consumer durables,Strong buy
HINDWAREAP,Hindware Home Innovation Limited,221.05,INR,4.318074563473339,148302,1.4389800165921958,17745575252,INR,,-4.7386,INR,44.66708704079964,0,Producer manufacturing,Strong buy
JAICORPLTD,Jai Corp Limited,102.69,INR,2.352237615867636,222591,0.6286675521841997,17620702758,INR,10.638143582306018,9.653,INR,156.94056269796909,0.49800796812749,Process industries,No rating
SAKAR,Sakar Healthcare Ltd,830,INR,3.465469957616549,110028,0.43708961274578545,17608217436,INR,51.142385330145665,16.2292,INR,81.13755078351711,0,Health technology,No rating
SHALBY,Shalby Ltd.,163.48,INR,0.23298589822194696,52497,0.9106995092350207,17605591797,INR,46.632626864820146,3.5057,INR,618.2339684490884,0,Health services,Buy
KOTIC,Kothari Industrial Corp. Ltd.,164.82,INR,1.1165644171779099,10204,0.7786222262918536,17580543766,INR,,-5.4985,INR,-176.22324927157644,0,Process industries,No rating
KRSNAA,Krsnaa Diagnostics Limited,542.1,INR,-0.4955947136563752,72447,1.538205119494505,17580138205,INR,17.566429034348673,30.86,INR,31.096006796941378,0.50742688439893,Health services,Strong buy
JINDRILL,Jindal Drilling & Industries Ltd.,594.35,INR,-1.7765658568831597,94034,0.2260627236670848,17545161007,INR,8.178021781456179,72.6765,INR,-2.4390080195023853,0.165180046250413,Industrial services,No rating
SOLARWORLD,Solarworld Energy Solutions Limited,200.5,INR,-0.7081661962066097,72842,0.24506345603327712,17494875577,INR,14.393395549174445,13.93,INR,,0,Industrial services,Strong buy
JAYBARMARU,Jay Bharat Maruti Limited,169.42,INR,4.995042141794729,430679,0.4375071300276282,17471549339,INR,13.13292611081827,12.9004,INR,324.2994342849625,0.433705080545229,Distribution services,No rating
DISAQ,DISA India Limited,12191,INR,0.6688687035507844,516,1.2613053043265705,17405378651,INR,33.06268811506065,368.7238,INR,6.346703061214484,1.67098337371543,Producer manufacturing,No rating
NITTAGELA,Nitta Gelatin India Limited,1904.9,INR,-0.21477213200628126,4547,0.24532760704419887,17343010486,INR,17.784935695446165,107.1075,INR,15.84524332287085,0.314103235263323,Consumer non-durables,No rating
ASIANENE,Asian Energy Services Limited,383.8,INR,7.8999156592634305,1432312,5.514519238284295,17334036658,INR,33.78759067539968,11.3592,INR,19.319327731092436,0.280544255856361,Energy minerals,No rating
ACCELYA,Accelya Solutions India Ltd.,1160.4,INR,0.12943308309603935,21267,2.6071765701045715,17295804874,INR,17.51782503611806,66.2411,INR,-21.688978947169304,7.33549083063646,Technology services,No rating
TBZ,Tribhovandas Bhimji Zaveri Limited,280.22,INR,8.239020433388713,2863637,0.7250030906414567,17293238135,INR,9.242114914627027,30.3199,INR,195.85008391553805,0.868223036851245,Consumer durables,No rating
BFINVEST,BF Investment Limited,460.1,INR,0.010868383871320806,26054,0.04709495832329368,17268725086,INR,6.145482716247263,74.868,INR,26.865241689231993,0,Finance,No rating
IPL,India Pesticides Ltd.,149.88,INR,-0.066675556740895,110128,0.20404968059799336,17257252010,INR,14.407520979726806,10.4029,INR,43.942937001010094,0.500500500500501,Process industries,No rating
HITECH,Hi-Tech Pipes Ltd.,86.74,INR,2.2997995046585546,289606,0.7682068683061815,17217441340,INR,22.986617198886975,3.7735,INR,-7.4714334755529395,0.0294915654122921,Non-energy minerals,Strong buy
SKMEGGPROD,SKM Egg Products Export (India) Ltd.,318.8,INR,-1.8321785989222443,363976,0.332500778093989,17161893628.999998,INR,16.17781386379783,19.706,INR,199.8295904083744,0.230131942313593,Process industries,No rating
GOCOLORS,Go Fashion (India) Limited,329.4,INR,1.6196205460434983,92615,0.34586860391425495,17046359193,INR,30.040217777899375,10.9653,INR,-36.659600154808594,0,Consumer non-durables,Buy
MTNL,Mahanagar Telephone Nigam Limited,27.17,INR,0.22132054592402167,402941,0.4672693661937123,17035200577,INR,,-49.3192,INR,6.628676366183585,0,Communications,No rating
MBEL,M & B Engineering Limited,296.95,INR,0.21937225784676925,100256,0.6258728140242057,16947302831,INR,17.592137301018383,16.8797,INR,,0,Producer manufacturing,Strong buy
AURUM,Aurum Proptech Limited,229.68,INR,3.8101694915254267,162652,0.18425184362857822,16945602527,INR,29.576594210363655,7.7656,INR,,0,Technology services,Strong buy
TIL,TIL Ltd.,214.06,INR,1.263068262453293,97237,0.7761518316040193,16935326317,INR,,-4.4849,INR,-1489.374225526642,0,Producer manufacturing,No rating
YATRA,Yatra Online Limited,110.65,INR,2.767716169778029,932619,1.2226534211311528,16892027390,INR,37.124643516188556,2.9805,INR,27.885523041276933,0,Consumer services,Strong buy
DELTACORP,Delta Corp. Ltd. (India),62.71,INR,-0.4445150023813321,649761,0.529698050727869,16869578522,INR,19.715165995975855,3.1808,INR,-65.78718094889805,1.98412698412698,Consumer services,No rating
MONOLITH,Monolithisch India Limited,820.75,INR,5.937399161019684,147250,5.448658649398705,16839966000,INR,75.88014496505306,10.8164,INR,,0,Non-energy minerals,Strong buy
SPMLINFRA,SPML Infra Limited,198.57,INR,-0.4112543256933614,105665,0.31336188233619416,16737419614.999998,INR,22.4881087202718,8.83,INR,39.494470774091624,0,Industrial services,No rating
TARSONS,Tarsons Products Limited,320.9,INR,2.605915267785764,208664,0.23655850589854457,16629622088,INR,119.02818991097921,2.696,INR,-51.81411974977658,0,Process industries,No rating
ASALCBR,Associated Alcohols & Breweries Ltd.,791.7,INR,-3.621644652748189,77400,2.6272644881416687,16562326670.999998,INR,18.553845288537254,42.6704,INR,-8.294863528906083,0.242468327574711,Consumer non-durables,Strong buy
SIGNPOST,Signpost India Limited,305.65,INR,-1.2120232708468004,141701,0.8420113768779484,16518722083,INR,32.668177251448235,9.3562,INR,-1.2454877456671838,0.161786118751011,Commercial services,No rating
IZMO,IZMO Limited,1104,INR,-0.04526935264825713,70875,0.4678332078077155,16499980586.999998,INR,34.657692500879,31.8544,INR,-6.6105332285717715,0,Technology services,No rating
NINSYS,NINtec Systems Ltd,845.2,INR,-2.4694207246711257,1498,0.2770175308824629,16402608188.999998,INR,49.03462359602711,17.2368,INR,21.641190667739334,0,Technology services,No rating
SUMMITSEC,Summit Securities Limited,1496.5,INR,0.9239277043431378,1177,0.39517861939296267,16384831344.999998,INR,15.592569747184688,95.9752,INR,52.53164657549486,0,Miscellaneous,No rating
GARUDA,Garuda Construction and Engineering Limited,172.34,INR,-1.345240139675994,239612,0.8178015142222418,16254391767,INR,13.094252174904076,13.1615,INR,145.9220090061474,0,Industrial services,No rating
BLUSPRING,Bluspring Enterprises Ltd,109.36,INR,0.8669987087253254,120858,0.263821497769508,16251706467,INR,,-1.0368,INR,,0,Commercial services,No rating
DANISH,Danish Power Ltd.,821.75,INR,-0.24279210925644917,29700,1.1243611584327087,16220963737.5,INR,14.712043197101096,55.8556,INR,90.98086279819604,0.182094081942337,Producer manufacturing,No rating
MMWL,Media Matrix Worldwide Limited,13.72,INR,-1.9299499642601827,17923,0.5519337543997955,16175559878,INR,265.3771760154739,0.0517,INR,67.3139158576052,0,Technology services,No rating
MOTISONS,Motisons Jewellers Ltd,13.96,INR,-1.4820042342978057,55312451,2.327144154478602,16152593387,INR,23.661016949152547,0.59,INR,38.69299482839679,0,Retail trade,No rating
WENDT,WENDT India Limited,8302.5,INR,2.823704254133383,48101,6.1536198139880005,16145299805,INR,97.96460176991151,84.75,INR,-52.360876897133224,0.49550023845949,Producer manufacturing,No rating
WALCHANNAG,Walchandnagar Industries Limited,233.5,INR,-1.5183466891606894,678336,0.8451096933534646,16081961455,INR,,-2.1868,INR,84.05076216176792,0,Producer manufacturing,No rating
DLINKINDIA,D-Link (India) Ltd.,447.65,INR,-1.0061919504643988,77120,0.4571339149856583,16062393236,INR,15.273934509572438,29.3081,INR,-0.1944478498358667,4.64190981432361,Electronic technology,No rating
VINYAS,Vinyas Innovative Technologies Limited,1275,INR,0.1767825574543312,2600,0.36312849162011174,16017210016.5,INR,52.33990147783251,24.36,INR,57.834377571449856,0,Electronic technology,No rating
UEL,Ujaas Energy Limited,120.96,INR,0.8168028004667359,4151,1.039152856356077,16014407724,INR,2525.2609603340293,0.0479,INR,-67.52542372881356,0,Utilities,No rating
OMAXE,Omaxe Limited,89.95,INR,2.612365959388554,426419,0.36848052281807314,15956242999,INR,,-38.1012,INR,-1.5834250932485088,0,Finance,No rating
ASIANTILES,Asian Granito India Limited,53.42,INR,-0.09351037965213607,15658699,1.181976185624388,15947405624,INR,53.63992368711718,0.9959,INR,-49.32064525978322,0,Producer manufacturing,No rating
MOBIKWIK,One Mobikwik Systems Limited,205.56,INR,2.258481743110134,546989,0.2345240692776595,15820255290,INR,,-7.9271,INR,57.10095516410965,0,Commercial services,Strong buy
IKIO,IKIO Technologies Ltd,207.98,INR,1.542818084171466,283051,0.11889161067551746,15815494923,INR,42.61012087686949,4.881,INR,15.828191741812999,0,Producer manufacturing,No rating
DSSL,Dynacons Systems & Solutions Ltd.,1231.6,INR,-0.7254554247944544,33482,1.03658800874298,15809262603,INR,18.49635284241005,66.5861,INR,17.00328239875171,0.0402835965194973,Technology services,No rating
SMCGLOBAL,SMC Global Securities Ltd. (India),76.31,INR,1.1264245958123622,323030,0.40286544172026273,15807605092,INR,15.653654433937106,4.8749,INR,-29.93517972893341,1.58961451847927,Finance,No rating
GTLINFRA,GTL Infrastructure Ltd,1.22,INR,0,25214557,0.5293306833375068,15757489405,INR,2.0580296896086367,0.5928,INR,,0,Industrial services,No rating
IVALUE,Ivalue Infosolutions Limited,288.9,INR,0.41710114702815043,395532,1.315636816489666,15744475516,INR,16.010684873809865,18.0442,INR,,0,Technology services,Strong buy
FRONTSP,Frontier Springs Limited.,1380.8,INR,3.9133052378085496,27004,2.2785493696947197,15726475272,INR,26.606855196121504,51.8964,INR,77.63553778696634,0.0450788880540947,Producer manufacturing,No rating
MCLOUD,Magellanic Cloud Ltd.,26.86,INR,0.9394964299135663,2978257,1.0476828331964803,15698639021,INR,13.78001231274369,1.9492,INR,-43.200163184427545,0.112570356472795,Technology services,No rating
KODYTECH,Kody Technolab Limited,1345.3,INR,9.999999999999996,24700,1.574251115360102,15590265880,INR,115.27849185946872,11.67,INR,-6.340288924558594,0,Technology services,No rating
RACLGEAR,RACL Geartech Ltd,1332.2,INR,1.269479285442801,34422,1.0414971029182614,15531974204,INR,32.25119229186336,41.307,INR,87.6763427034444,0.11384335154827,Producer manufacturing,No rating
BLIL,Balmer Lawrie Investments Limited,69.97,INR,0.1287922152261068,35697,0.8499649984999358,15507012033,INR,11.983626772624511,5.8388,INR,-24.484279413856882,9.06097910105926,Commercial services,No rating
ARFIN,Arfin India Ltd,91.17,INR,-0.8914012392651302,1762784,0.8248008081886039,15473539257,INR,100.04389333918579,0.9113,INR,64.76224914120411,0.119943299531131,Non-energy minerals,No rating
VIDHIING,Vidhi Specialty Food Ingredients Ltd,315.15,INR,1.4812429560457143,27107,0.6474488504182251,15430508265,INR,32.24469750452745,9.7737,INR,12.486189117024207,1.94206182230134,Consumer non-durables,No rating
VOEPL,Virtuoso Optoelectronics Limited,496.6,INR,2.5927073649416403,238675,1.2209938816018335,15389702134,INR,101.55419222903886,4.89,INR,78.8653571820476,0,Health technology,No rating
PNBGILTS,PNB Gilts Limited,85.44,INR,-0.08186177055316032,163759,0.2299880974534168,15380066104,INR,15.04728694457653,5.6781,INR,-69.90762577574739,1.17041198501873,Finance,No rating
NAVKARCORP,Navkar Corporation Ltd,104.17,INR,1.9774840920215329,554802,0.26114488744357023,15345429972,INR,39.219155905274654,2.6561,INR,,0,Transportation,No rating
SHANTIGOLD,Shanti Gold International Limited,216.91,INR,2.6598513890860924,6334728,10.570861017329282,15259118102,INR,9.462920064042997,22.9221,INR,,0,Consumer durables,Strong buy
INFOBEAN,InfoBeans Technologies Ltd.,157.14,INR,-0.12076527045066175,220223,0.4499804558876204,15257052681,INR,17.96768697760042,8.7457,INR,59.73881278538813,0.158901671645586,Technology services,No rating
OBSCP,OBSC Perfection Ltd.,591.9,INR,1.17084009913683,28800,0.43478260869565216,15120968280,INR,54.51983125472063,10.8566,INR,,0,Producer manufacturing,Strong buy
DOLPHIN,Dolphin Offshore Enterprises India Ltd.,379.15,INR,0.5836317814033661,6399,0.2436080951438274,15083725510,INR,21.061665713063622,18.0019,INR,43.28501954042199,0,Industrial services,No rating
DIGITIDE,Digitide Solutions Ltd,100.72,INR,-0.49397352301916614,228422,0.7048177863571033,15034843177,INR,,-1.0953,INR,,0,Commercial services,No rating
AMRUTANJAN,Amrutanjan Health Care Limited,513.35,INR,0.8546168958742677,67931,1.900343248467691,14922237062,INR,25.617034442148967,20.0394,INR,13.88675771060304,0.901077375122429,Health technology,No rating
CNL,Creative Newtech Limited,1019.9,INR,3.3333333333333313,2031199,2.4499465611777116,14821458220,INR,24.896741624598437,40.9652,INR,29.64819667565481,0.0506585612968592,Distribution services,No rating
TTKHLTCARE,TTK Healthcare Limited,1088.8,INR,3.97249809014514,102563,2.88916369946365,14816361301,INR,23.424171559252095,46.4819,INR,-19.565345294211294,0.953697963854847,Health technology,No rating
DIFFNKG,Diffusion Engineers Limited,404.05,INR,2.200581762994812,76782,1.054185190168517,14813312494,INR,30.007872378349475,13.4648,INR,40.33727304942364,0.378979282465892,Producer manufacturing,No rating
STEELXIND,Steel Exchange India Limited,11.58,INR,0.08643042350907336,987072,0.5995824367840501,14757747876,INR,45.376175548589345,0.2552,INR,-8.98716119828816,0,Non-energy minerals,No rating
GPTINFRA,GPT Infraprojects Limited,120.9,INR,3.85705695386995,354437,3.6575039109742837,14740430915,INR,15.699055979015984,7.7011,INR,18.01547774116926,2.35747963994856,Industrial services,No rating
ASTEC,Astec Lifesciences Limited,664.6,INR,0.8344712486724322,8266,0.1998955300399501,14686605952,INR,,-38.5995,INR,43.41585051036339,0,Process industries,Sell
WAAREEINDO,Indosolar Limited,335.05,INR,-4.99078406351906,265859,9.039625438620352,14663221436,INR,8.376731662070569,39.9977,INR,-5.748494245614686,0,Electronic technology,No rating
GALAPREC,Gala Precision Engineering Limited,1164.2,INR,1.561545843147526,33678,0.76217331872867,14655966429,INR,42.92772861356932,27.12,INR,34.24081178072021,0,Producer manufacturing,No rating
DOLLAR,Dollar Industries Ltd.,257.7,INR,-0.11627906976744626,103287,0.8743480715785874,14632759392,INR,13.604903466953862,18.9417,INR,18.00873460385892,1.16279069767442,Consumer non-durables,Buy
JAGSNPHARM,Jagsonpal Pharmaceuticals Ltd.,229.61,INR,3.6099453995758313,68559,1.1899567297929021,14618766782,INR,36.2018131651557,6.3425,INR,-23.43489702793403,1.1258725512272,Health technology,No rating
SESHAPAPER,Seshasayee Paper & Boards Ltd.,237.29,INR,3.066498718672633,3834474,42.56686189793209,14571894387,INR,14.434049490255237,16.4396,INR,13.02578205568923,0.865613503570656,Process industries,No rating
SHRIRAMPPS,Shriram Properties Ltd.,85.49,INR,0.5528111032698175,453613,0.8697340273877838,14531221435,INR,14.470944699290754,5.9077,INR,30.361004457390017,0,Finance,No rating
ALLTIME,All Time Plastics Limited,226.87,INR,2.7165300855706978,33287,0.6328158566121814,14500146253,INR,41.938405797101446,5.4096,INR,,0,Producer manufacturing,No rating
AEROENTER,Aeroflex Enterprises Ltd,122.1,INR,-4.084838963079342,502369,0.8676876097306531,14434094034,INR,21.516935114369293,5.6746,INR,20.802997402818576,0.235201881615053,Producer manufacturing,No rating
WEL,Wonder Electricals Limited,109.97,INR,2.5456919060052257,481065,6.140646480582989,14412560336,INR,160.77485380116957,0.684,INR,-44.70493128536783,0.185960018596002,Electronic technology,No rating
SDBL,Som Distilleries & Breweries Ltd.,72.07,INR,-1.1249828508711859,663692,0.1288043843623499,14407088397,INR,120.45796423199062,0.5983,INR,-87.85374964472777,0,Consumer non-durables,No rating
QUADFUTURE,Quadrant Future Tek Limited,362.7,INR,0.4570004154549169,226958,0.5757507263538925,14368000488,INR,,-10.7102,INR,,0,Producer manufacturing,No rating
IGARASHI,Igarashi Motors India Limited,455.65,INR,-0.09866257399694046,23795,0.3918930269557183,14329015632,INR,118.07157109170531,3.8591,INR,-49.742140494360946,0.549148819330038,Producer manufacturing,No rating
UGROCAP,Ugro Capital Limited,95.65,INR,3.1044518702166757,180061,1.422379403340184,14290042381,INR,7.301526717557253,13.1,INR,-8.872100950234437,0,Finance,Strong buy
TEXINFRA,Texmaco Infrastructure & Holdings Limited,113.2,INR,0.6938267212239825,119740,1.5361424530298704,14259035612,INR,131.59730295280167,0.8602,INR,,0.134048257372654,Utilities,No rating
GODAVARIB,Godavari Biorefineries Limited,273.9,INR,-1.7927572606669058,58628,0.4767880160534138,14249951086,INR,399.562363238512,0.6855,INR,,0,Process industries,No rating
IFGLEXPOR,IFGL Refractories Ltd.,200.88,INR,1.6239186522992908,62167,1.564607017287766,14235529137,INR,41.72655892983258,4.8142,INR,-55.24297388507201,3.54430379746835,Producer manufacturing,No rating
GNRL,Gujarat Natural Resources Limited,92.09,INR,-0.4755214525018888,53339,0.3007745625886721,14182071604,INR,121.37867404771319,0.7587,INR,,0,Energy minerals,No rating
ONEPOINT,One Point One Solutions Ltd.,55.44,INR,2.704705446461654,645094,0.7123685940478295,14124963475,INR,38.26086956521739,1.449,INR,3.573981415296643,0,Commercial services,No rating
ONIDA,Onida Electronics Ltd,38.26,INR,0.2095337873232014,131912,0.48433774399185064,14081236540,INR,,-2.2443,INR,-2328.896103896104,0,Electronic technology,No rating
KAPSTON,Kapston Services Limited,460.2,INR,-0.10853049706967659,36890,0.9361803638135455,14020114540,INR,49.77987387367897,9.2447,INR,32.97326064755548,0,Commercial services,No rating
FINOPB,FINO Payments Bank Ltd.,166.46,INR,-0.3591524003352055,745288,0.04355547965480152,13947404188,INR,26.46422893481717,6.29,INR,-43.23104693140794,0,Finance,No rating
IGPL,IG Petrochemicals Ltd.,472.75,INR,4.694939652308712,139288,5.320620805305035,13882317732,INR,655.9594838351602,0.7207,INR,-97.95796357371958,2.21827861579414,Process industries,Strong buy
CLSEL,Chaman Lal Setia Exports Limited,279.3,INR,-0.17869907076483202,19609,0.39484281997793114,13868475190,INR,12.09761252988669,23.0872,INR,12.54966387005251,0.896378630333453,Process industries,No rating
PUNJABCHEM,Punjab Chemicals & Crop Protection Ltd.,1156.1,INR,3.0759629101283883,6941,0.410763531347276,13861785466,INR,22.164323893221674,52.1604,INR,64.29507370543026,0.265381042947499,Process industries,No rating
MOL,Meghmani Organics Limited,55.61,INR,2.111641571795811,970285,0.33719697372245183,13844866019,INR,49.00422982023264,1.1348,INR,,0,Process industries,No rating
PAUSHAKLTD,Paushak Limited,572.15,INR,1.7245977420215008,10693,0.5461463813269319,13830062459,INR,35.878446594635946,15.9469,INR,-20.356293825039458,0.44571224817258,Process industries,No rating
PASHUPATI,Pashupati Cotspin Ltd.,86.8,INR,-0.33298886209668876,65453,2.0336871279253304,13746284703,INR,154.03726708074532,0.5635,INR,-8.164928292046941,0.0574118727752899,Process industries,No rating
AYMSYNTEX,AYM Syntex Limited,235.27,INR,0.3326367862168967,18228,0.45495387564394396,13743776802,INR,210.36301859799713,1.1184,INR,-47.65270301895623,0,Process industries,No rating
DCW,DCW Ltd.,47.17,INR,2.033311702357787,409937,0.5357935001135795,13677484103,INR,28.947529917152504,1.6295,INR,58.820662768031184,0.431592576607682,Process industries,No rating
JAGRAN,Jagran Prakashan Limited,62.31,INR,-0.8591885441527434,178008,0.7708189713406797,13662158399,INR,6.88546328526438,9.0495,INR,50.43887355786815,11.1518241198025,Consumer services,Neutral
ICEMAKE,Ice Make Refrigeration Ltd.,863.25,INR,-0.2830079704285602,43856,0.6527200638194006,13660517271,INR,111.71575732477483,7.7272,INR,-47.2384008739886,0.259905278964999,Producer manufacturing,No rating
RUBYMILLS,Ruby Mills Limited,397.55,INR,-2.4057935436356965,13332,0.2966476941493741,13643519440,INR,30.527698001935097,13.0226,INR,2.9194195934625284,0.428921568627451,Process industries,No rating
BHARATSE,Bharat Seats Limited,211.85,INR,-2.8834693316218907,441091,1.113452834427624,13630740026,INR,31.503264086130233,6.7247,INR,29.144821493729733,0.506795669200645,Producer manufacturing,No rating
IMPAL,India Motor Parts & Accessories Limited,1132.4,INR,5.231855775485568,5400,1.8901606636564146,13630654891,INR,14.637336842295753,77.3638,INR,15.393782823936167,2.74674967954587,Distribution services,No rating
BUTTERFLY,Butterfly Gandhimathi Appliances Limited,766.1,INR,0.5512534453340393,51425,0.8985593346205257,13599187454,INR,30.013594461921798,25.5251,INR,40.2801745457743,0,Consumer durables,No rating
KALAMANDIR,Sai Silks (Kalamandir) Ltd.,87.34,INR,-1.2326133665045838,1025959,0.9686698319328444,13572900215,INR,9.427587621298965,9.2643,INR,20.420365772815316,1.12994350282486,Retail trade,No rating
DHANBANK,Dhanlaxmi Bank Ltd,35.4,INR,3.237095363079613,3148881,2.0331648908677367,13538170341,INR,13.608057199969247,2.6014,INR,17.955926362564608,0,Finance,No rating
BOROSCI,Borosil Scientific Limited,154.37,INR,1.499112367677034,24215,0.2574483535106642,13524398368,INR,39.659336142225875,3.8924,INR,29.06691425160819,0,Process industries,No rating
UDS,Updater Services Limited,206.6,INR,2.6890004473383353,326849,0.8268031243818247,13511163924,INR,16.14213832546801,12.7988,INR,-27.724287481011732,0,Commercial services,Strong buy
INDOBORAX,Indo Borax & Chemicals Limited,406.6,INR,-2.28310502283105,418213,0.2710022306121006,13498658368,INR,25.95545568868774,15.6653,INR,18.26706025351624,0.237727326756211,Process industries,No rating
MACPOWER,Macpower CNC Machines Limited,1318.3,INR,-1.9486798066195645,9734,0.7274004438831556,13450646900,INR,38.93925027986755,33.8553,INR,33.3894124692681,0.111565637783563,Producer manufacturing,No rating
MANAKCOAT,Manaksia Coated Metals & Industries Ltd,126.11,INR,0.07141723535946945,574875,0.591995875929404,13308631210,INR,31.658089619681185,3.9835,INR,30.77377630412658,0.0397614314115308,Non-energy minerals,No rating
CAPITALSFB,Capital Small Finance Bank Limited,299.85,INR,2.688356164383569,75000,0.8671231973953932,13284927103,INR,9.05995250209994,33.0962,INR,12.304716661011213,1.71115674195756,Finance,Strong buy
FAZE3Q,Faze Three Ltd.,552.9,INR,1.0878508090318917,5335,0.41034358102651275,13283038230,INR,40.052447045869435,13.8044,INR,-17.475803607190464,0,Process industries,No rating
BHARATWIRE,Bharat Wire Ropes Ltd.,202.91,INR,4.966116600279341,124310,0.7131858195871084,13281416692,INR,20.487888609537656,9.9039,INR,-6.530827961758795,0,Producer manufacturing,No rating
KROSS,Kross Limited,190.31,INR,-7.674768350070341,1456808,0.4328409556807226,13263137619,INR,21.230477465417223,8.964,INR,13.22899693053925,0,Producer manufacturing,No rating
SPIC,Southern Petrochemical Industries Corporation Limited,66.15,INR,1.8632583923621926,145392,0.6488159572882463,13199967447,INR,6.368353662645731,10.3873,INR,35.865172066498374,3.08546744831842,Process industries,No rating
KABRAEXTRU,Kabra ExtrusionTechnik Ltd.,404.8,INR,7.43099787685775,577413,2.3163462406354363,13191753993,INR,,-1.5344,INR,-116.66431356364781,0.662778366914104,Producer manufacturing,No rating
PRECAM,Precision Camshafts Ltd.,139.85,INR,0.8654886404615857,244587,3.2123325453112686,13179283161,INR,25.92215013901761,5.395,INR,-5.28607292709048,0.720720720720721,Producer manufacturing,No rating
ASIANHOTNR,Asian Hotels (North) Limited,311.9,INR,1.7120495679112997,9876,0.09971376213481956,13175799865,INR,,-59.9547,INR,-162.28322048089888,0,Consumer services,No rating
ATULAUTO,Atul Auto Ltd,482.25,INR,1.8694550063371407,51508,0.7788370668864208,13174920100,INR,31.667388991765492,15.2286,INR,95.38625370472536,0,Consumer durables,No rating
SURAKSHA,Suraksha Diagnostic Ltd.,249.6,INR,-1.3243724056137556,39484,0.514304099036494,13147786981,INR,40.36026712805006,6.1843,INR,1.2077571393503037,0,Health services,Strong buy
JYOTISTRUC,Jyoti Structures Ltd.,10.94,INR,-0.2734731084776767,2371702,0.7271146550039007,13130259033,INR,23.286504895700297,0.4698,INR,38.58407079646017,0,Utilities,No rating
GPTHEALTH,GPT Healthcare Limited,165.99,INR,3.9776998246053767,485454,3.8895191762251344,13128770752,INR,32.25988261359661,5.1454,INR,-15.42596032150429,1.5625,Health services,No rating
RUPA,Rupa & Co. Ltd.,164,INR,0.4963539432563284,31691,0.37580860336189265,12982384260,INR,17.99844159834941,9.1119,INR,-12.918948364345301,1.83767228177642,Consumer non-durables,Strong buy
NIITLTD,NIIT Limited,95.08,INR,0.4861551469033965,279744,0.3502009677145964,12920613691,INR,153.3548387096774,0.62,INR,-80.06430868167203,1.05764145954521,Commercial services,No rating
TCC,TCC Concept Ltd,269.2,INR,-1.0112152969295827,24543,0.42261378957645634,12894362346,INR,18.7735803002936,14.3393,INR,12.911430281268697,0,Distribution services,No rating
DEN,DEN Networks Limited,27.37,INR,0.7731958762886629,247039,0.37774731470940603,12886982595,INR,8.788491795909193,3.1143,INR,-28.87777473280351,0,Consumer services,No rating
ELECTHERM,Electrotherm (India) Limited,1030.2,INR,2.182106724856179,15666,0.8200934946368837,12864507783,INR,,-12.2855,INR,-103.54069500855813,0,Non-energy minerals,No rating
GCSL,Gretex Corporate Services Ltd,531.1,INR,0.01883239171375193,375553,0.5228507116170361,12850356529,INR,65.42090611219236,8.1182,INR,1313.3356545961,0.0860857304004512,Finance,No rating
PNGSREVA,PNGS Reva Diamond Jewellery Limited,414.1,INR,2.0076364084246916,90394,1.6128767494807763,12845776802,INR,,,,,0,Consumer durables,No rating
MAHASTEEL,Mahamaya Steel Industries Ltd.,769.2,INR,1.5646662705486265,9571,1.4329345889539322,12836909875,INR,131.62442889166482,5.8439,INR,28.15570175438597,0,Non-energy minerals,No rating
ZSARACOM,Saraswati Commercial (India) Ltd.,12342.5,INR,-0.17792874762424682,24,0.39800995024875624,12822357059,INR,14.652853510404624,842.3274,INR,62.23619419327724,0,Finance,No rating
ROTO,Roto Pumps Limited,67.29,INR,-1.1603995299647356,235371,0.4505030599319456,12801113976,INR,51.37425561154375,1.3098,INR,-26.020898051397907,0.392561460326321,Producer manufacturing,No rating
BHAGYANGR,Bhagyanagar India Limited,426.7,INR,3.845217814553422,278017,3.555827555466878,12738809389,INR,27.207457661701692,15.6832,INR,257.95768379248165,0,Producer manufacturing,No rating
FERMENTA,Fermenta Biotech Ltd,442.05,INR,2.3145469274389536,122096,0.34905245306720234,12731844898,INR,17.788732394366196,24.85,INR,-5.964179352988145,0.577901063337957,Health technology,No rating
INDORAMA,Indo Rama Synthetics (India) Limited,49.74,INR,2.70493495767087,175679,0.8939838432669678,12708376979,INR,9.469776297001427,5.2525,INR,,0,Process industries,No rating
SULA,Sula Vineyards Ltd.,150.85,INR,0.7076573870084801,193841,1.135155014268422,12675529360,INR,49.61518221286673,3.0404,INR,-63.44354935673921,1.33244503664224,Process industries,Buy
RGL,Renaissance Global Limited,118.04,INR,-0.05926678520023129,185414,0.9117709395203188,12656673721,INR,15.288769153056071,7.7207,INR,5.569229086334677,0,Consumer durables,No rating
UNIHEALTH,Unihealth Hospitals Ltd,786.25,INR,-0.813674782389308,20000,1.3289036544850499,12603891950.4,INR,47.22222222222223,16.65,INR,69.3604988251569,0,Health services,No rating
RIR,RIR Power Electronics Limited,157.21,INR,-0.19046409751760712,41734,,12536631126,INR,157.8096767717326,0.9962,INR,-7.528079457904015,0.126943827356395,Electronic technology,No rating
SHREEPUSHK,Shree Pushkar Chemicals & Fertilisers Ltd.,388.15,INR,0.3360475636551517,31992,0.7041159264631116,12532472241,INR,18.004666416183095,21.5583,INR,18.40145432177419,0.51606244355567,Process industries,No rating
CENTENKA,Century Enka Limited,577.8,INR,0.6269592476488869,117955,0.5112290083184421,12526941745,INR,12.520531678375319,46.1482,INR,51.702487163135025,1.74428745857317,Process industries,No rating
OAL,Oriental Aromatics Ltd.,392.45,INR,5.214477211796244,104430,4.540750660915542,12512399108,INR,400.7863562091503,0.9792,INR,-90.40047056516836,0.134480903711673,Process industries,No rating
ALLDIGI,Alldigi Tech Ltd,872.05,INR,5.9920996657550845,103621,15.998795701581027,12506094394,INR,15.549469262137965,56.0823,INR,29.015880172903636,7.31083221640063,Commercial services,Strong buy
EXPLEOSOL,Expleo Solutions Limited,812,INR,1.3037240346828078,34009,1.9550233678437774,12452262329,INR,10.164357154480705,79.887,INR,20.0880287777138,6.23169439770674,Technology services,No rating
STLNETWORK,STL Networks Limited,25.71,INR,0.7840062720501737,707199,2.0534954915663413,12445950943,INR,,-2.0302,INR,,0,Communications,No rating
PLATIND,Platinum Industries Limited,240.24,INR,5.4516723729260015,180514,4.089365529208944,12413020515,INR,25.38246978277407,9.4648,INR,4.3884900020955335,0,Process industries,No rating
GENESYS,Genesys International Corporation Limited,300.55,INR,0.9573396036278209,147856,0.5622711409743077,12407563143,INR,37.95637952590834,7.9183,INR,-43.481084939329044,0,Technology services,No rating
SYNCOMF,Syncom Formulation (India) Ltd.,13.17,INR,0.6111535523300234,916672,0.7662515362905623,12314000359,INR,16.15158204562178,0.8154,INR,55.048488305761545,0,Health technology,No rating
UTSSAV,Utssav CZ Gold Jewels Limited,495.1,INR,-4.235976789168274,21600,0.5006954102920723,12313906000,INR,20.593214346619863,24.0419,INR,-49.73657692162955,0,Consumer durables,No rating
BLKASHYAP,B.L. Kashyap & Sons Ltd.,54.11,INR,-0.8247800586510315,261009,0.24647698791709427,12300006843,INR,845.46875,0.064,INR,-94.74936418081876,0,Industrial services,No rating
AWHCL,Antony Waste Handling Cell Ltd.,440,INR,1.5228426395939139,36238,0.5617205967835691,12283772166,INR,16.548756774647305,26.5881,INR,-11.628687663693047,0,Transportation,Strong buy
EKC,Everest Kanto Cylinder Limited,109.79,INR,0.9470393527032007,103914,0.7214817057168186,12247468416,INR,8.389433547036305,13.0867,INR,49.9152289962655,0.641319285387082,Producer manufacturing,No rating
ANDHRAPAP,Andhra Paper Ltd.,62.59,INR,2.0544594814935677,472813,1.8762353626514827,12171619899,INR,66.85537278359325,0.9362,INR,-79.06154947217749,1.63371998039536,Process industries,Strong buy
GULPOLY,Gulshan Polyols Limited,197.74,INR,1.3427634276342786,468199,0.27594890348975915,12165383067,INR,11.489497690363441,17.2105,INR,335.180034388591,0.153806716226609,Consumer non-durables,Strong buy
RATNAVEER,Ratnaveer Precision Engineering Ltd.,199.61,INR,11.757460388556071,53640552,52.64636230041036,12160947592,INR,17.349093911607493,11.5055,INR,22.418471032611578,0,Non-energy minerals,No rating
DPEL,Divine Power Energy Ltd.,567.95,INR,0.37999293036410237,15500,0.4305555555555556,12146073864,INR,52.29742173112339,10.86,INR,155.6376818417212,0,Producer manufacturing,No rating
HARIOMPIPE,Hariom Pipe Industries Ltd.,395,INR,0.8167432363450711,95228,0.12991670994813456,12095823261,INR,16.15687301106848,24.4478,INR,22.67018570274515,0.156169994879672,Non-energy minerals,No rating
ALLCARGO,Allcargo Logistics Limited,8.09,INR,0.37220843672455783,2633753,0.7889555869509831,12072094874,INR,,-0.9274,INR,-356.18784530386745,0,Transportation,No rating
MENONBE,Menon Bearings Limited,217.46,INR,1.7261542779622947,100801,0.6697242464348168,12048600197,INR,27.741491044547637,7.8388,INR,61.46161609919876,0.930232558139535,Producer manufacturing,No rating
TAALTECH,TAAL Tech Ltd,3975.8,INR,4.184900814968168,1376,0.3562090657278211,11997916961,INR,21.844922915301062,182.0011,INR,16.258083720645004,1.68831168831169,Transportation,No rating
DOLATALGO,Dolat Algotech Limited,68.39,INR,-0.5381035485747593,51681,0.5854174076750724,11987360107,INR,9.342002813938556,7.3207,INR,-40.195245486479855,0.14682131845544,Finance,No rating
APEX,Apex Frozen Foods Ltd.,383.85,INR,0.7480314960629981,60966,0.38706703676521004,11953125000,INR,30.882175469648818,12.4295,INR,901.9750100765821,0.522875816993464,Consumer non-durables,No rating
LAXMIDENTL,Laxmi Dental Ltd.,218.05,INR,0.7438551099611965,145098,1.2592951321627195,11885564237,INR,41.43861649562904,5.262,INR,,0,Health services,Buy
ACCENTMIC,Accent Microcell Limited,504.25,INR,1.8789776745125792,42500,0.4468980021030493,11873365449,INR,27.211306520460422,18.5309,INR,17.94031351633454,0.202040610162643,Health technology,No rating
RAJRILTD,Raj Rayon Industries Limited,20.67,INR,-0.815738963531661,23098,3.0229027614186625,11866801052,INR,49.21428571428572,0.42,INR,223.32563510392615,0,Process industries,No rating
ORIENTTECH,Orient Technologies Limited,279.17,INR,7.8792796970399746,7708727,2.851452379835642,11866021937,INR,280.06621187800965,0.9968,INR,-91.32923339219387,0,Technology services,No rating
EXCELINDUS,Excel Industries Limited,982.15,INR,5.36394357131363,26284,2.9952593673078676,11837192487,INR,16.316681341684248,60.193,INR,-11.307279395404834,1.46020283544842,Process industries,No rating
QLINE,Q-Line Biotech Limited,500.3,INR,-1.0776075135936707,102000,0.8588750421017177,11798237150,INR,,,,,0,Health technology,No rating
GREENPOWER,Orient Green Power Company Ltd,9.99,INR,-0.39880358923229464,1353212,0.5178793465103358,11765506797,INR,18.337004405286347,0.5448,INR,8.26709062003179,0,Utilities,No rating
SAFEENTP,Safe Enterprises Retail Fixtures Ltd.,252.7,INR,0.21812413246083004,69000,1.7079207920792079,11751318875.55,INR,17.284541723666212,14.62,INR,,0,Producer manufacturing,No rating
NELCAST,Nelcast Limited,116.64,INR,-13.259463077266304,2814717,3.6679882742888568,11714711782,INR,20.95241516822648,5.5669,INR,29.873553564762968,0.371333085777943,Non-energy minerals,No rating
ANDHRSUGAR,Andhra Sugars Limited,87.45,INR,1.2973473879300412,345153,1.4094832919591749,11706191586,INR,14.233861779354799,6.1438,INR,221.73229995810638,0.926247539654973,Process industries,No rating
VIVIDEL,Vivid Electromech Ltd.,1320,INR,0.38022813688212925,17760,0.8371040723981901,11687457000,INR,,,,,0,Producer manufacturing,No rating
5PAISA,5paisa Capital Ltd.,369.25,INR,-1.0318949343339647,34073,0.515287897622958,11675243993,INR,15.586745462220346,23.69,INR,24.600924645105653,0,Finance,No rating
LINCOLN,Lincoln Pharmaceuticals Ltd,582.1,INR,0.3620689655172453,12914,0.5332507484257252,11655299175,INR,13.264817810997425,43.883,INR,6.739864905952274,0.309331500257776,Health technology,No rating
WANBURY,Wanbury Limited,329.25,INR,-0.7984332630310266,188536,0.13573586251553105,11617350407,INR,17.017878463661596,19.3473,INR,115.44877505567928,0,Health technology,Strong buy
SRM,SRM Contractors Ltd.,509.55,INR,0.38416075650117976,84861,1.1375606408120205,11607469936,INR,10.529720034055497,48.3916,INR,101.16061555856702,0,Industrial services,No rating
AKCAPIT,A. K. Capital Services Ltd.,1749.6,INR,-0.5626598465473197,607,0.11403772450589915,11553959672,INR,10.464164900310529,167.1992,INR,30.239760706663144,2.97041014509311,Finance,No rating
GYFTR,Gyftr Ltd,148.63,INR,-0.5885893920139091,36262,0.9450243018907262,11521237564,INR,45.697156033820136,3.2525,INR,1081.8677325581396,0,Finance,No rating
MANALIPETC,Manali Petrochemicals Limited,66.97,INR,0.29953571963457065,665825,1.1105962550392372,11480949074,INR,8.8613959642739,7.5575,INR,343.64543586733197,0.749063670411985,Process industries,No rating
CENTRUM,Centrum Capital Limited,23.15,INR,-2.155536770921393,250326,1.2194713217735107,11440486038,INR,,-3.1927,INR,31.746371079804174,0,Finance,No rating
UNITECH,Unitech Limited,4.3,INR,-1.8264840182648419,4565887,1.7020463233473007,11425952560,INR,,-9.3904,INR,5.269953998870158,0,Industrial services,No rating
TAC,TAC Infosec Limited,515.1,INR,-4.725793026912043,103400,0.9168292250399007,11331591480,INR,48.173052643392225,10.6927,INR,252.94098230789547,0,Technology services,No rating
SHREDIGCEM,Shree Digvijay Cement Co. Ltd.,73.18,INR,-3.912815126050407,191765,2.0752125911994064,11281421343,INR,59.95412092413568,1.2206,INR,-34.849212703496136,1.96669725973515,Non-energy minerals,No rating
ARIHANTSUP,Arihant Superstructures Limited,260.65,INR,-0.7425742574257598,2030,0.05781169903742097,11214722494,INR,34.606601343636314,7.5318,INR,-19.80707190085284,0.578480524489009,Finance,No rating
DAMCAPITAL,DAM Capital Advisors Ltd.,156.86,INR,-0.646060298961225,575685,0.5276690672553151,11161318496,INR,15.246741380818618,10.2881,INR,,0.633312222925902,Finance,No rating
VHL,Vardhman Holdings Limited,3503.3,INR,0,773,1.7893518518518519,11146119839,INR,5.175909717880195,676.8472,INR,-16.272008918487423,0.143168021990608,Finance,No rating
RSL,Rajputana Stainless Limited,134.33,INR,1.2130801687763817,520856,2.3522855317025364,11122855719,INR,,,,,0,Non-energy minerals,No rating
MONTECARLO,Monte Carlo Fashions Ltd.,546.85,INR,1.8153044125861106,31887,1.0396025078001976,11112386948,INR,10.118363668996194,54.0453,INR,38.04004403362289,3.73134328358209,Consumer non-durables,No rating
JINDALPHOT,Jindal Photo Limited,1063.4,INR,-1.1801877148963682,3204,0.26189950709924525,11101048305,INR,,-22.2089,INR,-110.0834777144559,0,Finance,No rating
ULTRAMAR,Ultramarine & Pigments Limited,374.95,INR,-1.1989459815546804,34925,2.41014988820493,11074100289,INR,13.551854502345687,27.6678,INR,7.662674231281084,1.5820698747528,Process industries,No rating
GHCLTEXTIL,Ghcl Textiles Ltd.,116.15,INR,0.2849248834398312,938372,1.317283075930917,11047806077,INR,15.776962781852758,7.362,INR,25.727948082998886,0.519120955182558,Process industries,No rating
GAUDIUMIVF,Gaudium IVF & Women Health Ltd.,148.87,INR,-1.9947333772218572,13165,0.037906250485885286,11023572829,INR,,,,,0,Health services,No rating
RIIL,Reliance Industrial Infrastructure Limited,736.2,INR,0.9115208004934674,40985,0.6674103144490221,11019225278,INR,91.64581543862272,8.0331,INR,-0.2656899869638294,0.479616306954436,Industrial services,No rating
3BBLACKBIO,3B BlackBio Dx Ltd,1292.3,INR,1.1110241765120137,9178,0.5243882232620856,10977664753,INR,18.847066475906292,68.5677,INR,19.688001298685435,0.312732105859818,Process industries,No rating
BAJAJHCARE,Bajaj Healthcare Ltd,319.65,INR,-1.144270913870433,249558,0.38568437424851526,10874721479,INR,60.455044067027266,5.2874,INR,-62.50070921985815,0.309549605324253,Health technology,No rating
INDPRUD,Industrial & Prudential Investment Co. Ltd.,6552,INR,-0.273972602739726,16,0.7476635514018692,10859443331,INR,17.229097294700395,380.2869,INR,6.754901336040234,1.69753086419753,Finance,No rating
HITECHGEAR,Hi-Tech Gears Limited,577.8,INR,-1.7430490604540432,2317,1.5470387928156024,10763229856,INR,51.85969699145544,11.1416,INR,-48.08201304753029,0.873973081629086,Producer manufacturing,No rating
JPOLYINVST,Jindal Poly Investment and Finance Co. Ltd.,1043.1,INR,1.360412010494607,4498,0.44706396851270225,10754228383,INR,1.2786979175158322,815.7517,INR,189.86839664645262,0,Finance,No rating
TSFINV,TSF INVESTMENTS LIMITED,431.6,INR,-0.2772643253234724,43276,0.547110463822643,10743484683,INR,18.373463201988898,23.4904,INR,26.602171979843163,2.04482439926063,Finance,No rating
HMAAGRO,HMA Agro Industries Limited,21.53,INR,0.8903467666354324,102072,0.4291469447371143,10721480815,INR,6.5418856917140165,3.2911,INR,89.91863350452998,1.40121438580103,Distribution services,No rating
ARROWGREEN,Arrow Greentech Limited,705.8,INR,-0.43729722104669533,12084,0.7026071586389748,10712436199,INR,22.493395074908932,31.3781,INR,-24.983205070275723,0.563380281690141,Process industries,No rating
GRPLTD,GRP Ltd,2021.1,INR,0.6774595267745908,3328,0.7840550346322386,10702397188,INR,190.08878522252735,10.6324,INR,-79.80811595083637,0.722579359146858,Producer manufacturing,Strong buy
MWL,Mangalam Worldwide Ltd.,35.9,INR,-0.27777777777778173,122360,0.17855170287338956,10677392687,INR,20.545985234361584,1.7473,INR,52.00521966072207,0.0556328233657858,Non-energy minerals,No rating
MADRASFERT,Madras Fertilizers Ltd,66.55,INR,0.3014318010550156,38460,0.534968376219362,10643963047,INR,13.322789878283153,4.9952,INR,25.249485983651766,0,Process industries,No rating
AMNPLST,Amines & Plasticizers Ltd.,195.16,INR,0.4581252895454709,7794,0.3880797669728882,10629863921,INR,29.394222369491217,6.6394,INR,-10.905650756162686,0.25879917184265,Process industries,No rating
AVTNPL,AVT Natural Products Limited,70.22,INR,0.28563267637818174,28276,0.9535500145008666,10615717262,INR,16.50061095967666,4.2556,INR,34.377466923489855,1.07588581265242,Consumer non-durables,No rating
AVADHSUGAR,Avadh Sugar & Energy Ltd.,533.75,INR,1.5989340439706816,32832,1.3949871896735597,10608761534,INR,18.645441429734195,28.6263,INR,-34.83225616988147,1.88697046891216,Process industries,No rating
GANDHITUBE,Gandhi Special Tubes Limited,875.85,INR,0.9043778801843344,4803,1.285565161532079,10606873276,INR,15.568535507139467,56.2577,INR,16.515372746383346,1.71850833476542,Non-energy minerals,No rating
JARO,Jaro Institute of Technology Management and Research Limited,478.55,INR,0.5991170906033262,101111,1.1712585199497723,10569526114,INR,19.938171046217562,24.0017,INR,,0,Technology services,No rating
CREST,Crest Ventures Limited,375,INR,-0.7148530579825227,8217,1.790235081374322,10534951593,INR,21.981242672919112,17.06,INR,-45.16232722597236,0.270051309748852,Finance,No rating
BCLIND,BCL Industries Ltd,35.3,INR,-1.2311135982093027,780267,0.0931437854925003,10522573168,INR,9.061272685268372,3.8957,INR,21.082240318269413,0.729312762973352,Consumer non-durables,Strong buy
IRMENERGY,Irm Energy Limited,258.8,INR,1.6696130426242388,58820,1.2925199964841347,10464058966,INR,19.964514387101755,12.963,INR,17.744836230857267,0.588581518540318,Energy minerals,Strong buy
SALASAR,Salasar Techno Engineering Ltd.,5.96,INR,-0.16750418760468655,2052725,0.7709386521030254,10435263133,INR,64.78260869565217,0.092,INR,-40.836012861736336,0,Producer manufacturing,No rating
MASTERTR,Master Trust Limited,84.14,INR,-0.6728839570298586,197521,0.26030538284610444,10398542232,INR,8.084166026133744,10.408,INR,-8.380281690140844,0,Finance,No rating
TNPL,Tamil Nadu Newsprint & Papers Ltd.,156.04,INR,4.200333889816355,639163,1.5826444766670233,10395432180,INR,4.358914908416415,35.7979,INR,6542.772313972907,1.99733688415446,Process industries,No rating
ALICON,Alicon Castalloy Limited,678.45,INR,6.6158560540583045,41877,3.7519150651794115,10341100260,INR,32.29176582579724,21.01,INR,-25.576419662561143,0.793524837327408,Producer manufacturing,No rating
EIMCOELECO,Eimco Elecon (India) Ltd.,1829.8,INR,2.269170579029729,17827,0.477246017149481,10301758794,INR,26.647831532344973,68.666,INR,-18.51164424528391,0.223976706422532,Producer manufacturing,Strong buy
BALAJITELE,Balaji Telefilms Limited,83.8,INR,-0.285578296049511,72465,0.666186780515519,10259297202,INR,,-4.0968,INR,-149.14469422518656,0,Consumer services,No rating
AFSL,Abans Financial Services Ltd,201.03,INR,0.014925373134328925,20213,4.458192725909262,10218790958,INR,10.54384483454928,19.0661,INR,-5.7407563045982455,0,Finance,No rating
LGHL,Laxmi Goldorna House Ltd.,205.19,INR,0.6277279191800309,20414,0.8344131027463587,10214382066,INR,351.4731072285029,0.5838,INR,-69.17309113950787,0,Consumer durables,No rating
SALZERELEC,Salzer Electronics Limited,573.85,INR,-0.364614983939582,37291,1.3573591718474731,10198517667,INR,19.164618344064763,29.9432,INR,-19.15437057036787,0.433463372345037,Producer manufacturing,No rating
KAMDHENU,Kamdhenu Limited,36.76,INR,1.7155506364139386,836699,0.8697009324947246,10187251289,INR,13.501799750238742,2.7226,INR,24.809755203080584,0.691754288876591,Non-energy minerals,No rating
ARIHANT,Arihant Foundations & Housing Limited,1081.4,INR,5.843202505627879,7647,0.739490759991877,10172908710,INR,17.776155885742092,60.8343,INR,34.80747582367905,0,Finance,No rating
BIRLANU,Birlanu Limited,1368,INR,1.1909164879059033,15526,1.0645402373720405,10152312423,INR,,-158.5487,INR,-263.40376081854185,2.22832949565476,Non-energy minerals,Strong buy
THEMISMED,Themis Medicare Limited,107.93,INR,-1.7567813580921103,33238,0.3885163370196292,10140223131,INR,961.9429590017827,0.1122,INR,-96.53842594020917,0.454132606721163,Health technology,No rating
SOLEX,Solex Energy Ltd.,939.6,INR,0.17057569296375508,31977,1.000538176083705,10132734945,INR,10.571664204520523,88.8791,INR,2178.6591462632996,0.05863539445629,Producer manufacturing,No rating
STEL,STEL Holdings Limited,558.6,INR,0.5490054900549128,2644,1.1847470538154772,10127403100,INR,51.31125706149819,10.8865,INR,26.615182424023903,0,Finance,No rating
HIMATSEIDE,Himatsingka Seide Limited.,81.02,INR,0.6209637357178341,402565,0.6127531936410597,10126026193,INR,16.78996995130038,4.8255,INR,-30.04088378566458,0.310443313051037,Process industries,No rating
GKSL,Gujarat Kidney & Super Speciality Ltd.,127.39,INR,-0.6318252730109112,306451,0.8970152569664446,10111646358,INR,59.63951310861423,2.136,INR,,0,Health services,No rating
BHAGERIA,Bhageria Industries Ltd.,218.11,INR,-4.747139488164895,58952,1.4503906941957083,10077440964,INR,13.80320731074462,15.8014,INR,50.82133073714551,0.64963187527068,Process industries,No rating
ARIS,ArisInfra Solutions Limited,124.78,INR,1.397692182675117,1090248,0.7812686091322281,10072912276,INR,18.89289283226842,6.6046,INR,,0,Technology services,No rating
HEALTHX,Health X Platform Ltd,313.55,INR,0.22374940067124457,27401,3.5968758204253084,10066432857,INR,844.0107671601615,0.3715,INR,,0,Retail trade,No rating
NAHARSPING,Nahar Spinning Mills Ltd,279.65,INR,1.487933224460158,7379,0.542135037837051,10026154457,INR,46.554795318716806,6.0069,INR,75.38394160583942,0.359712230215827,Process industries,No rating
WEALTH,Wealth First Portfolio Managers Ltd.,958.95,INR,1.9888327572454183,3098,2.171596803588953,10018363499,INR,24.620973850084084,38.9485,INR,21.148073842516986,0,Finance,No rating
SUYOG,Suyog Telematics Ltd.,885.4,INR,4.109589041095882,39422,1.577934059952048,10009935619,INR,16.98120444955888,52.14,INR,35.854484057812414,0.210698817745523,Industrial services,No rating
MUNJALAU,Munjal Auto Industries Limited,104.9,INR,5.14182620026061,1121215,1.7356970614447425,9993000031,INR,26.10751617720259,4.018,INR,10.411915033936957,1.00070049034324,Producer manufacturing,No rating
KRISHIVAL,Krishival Foods Limited,390.75,INR,0.8256999096890695,8398,0.2968949413316081,9942499927,INR,42.101236909020386,9.2812,INR,,0.0587446835932466,Process industries,No rating
RSWM,RSWM Ltd,213.67,INR,0.9257947191913369,47082,0.7318574524110724,9891353760,INR,19.354692609400615,11.0397,INR,,0,Process industries,No rating
PRECOT,Precot Ltd.,844.5,INR,2.5189681335356604,4729,0.7486622550106069,9885000000,INR,28.273460778733803,29.869,INR,8.986685445940871,0.364188163884674,Process industries,No rating
INVPRECQ,Investment & Precision Castings Limited,971,INR,-0.9031994693065287,3712,0.22465925872128212,9837500000,INR,82.55539118162187,11.7618,INR,94.1788285016179,0.0508259212198221,Producer manufacturing,Strong buy
TEMBO,Tembo Global Industries Ltd.,552.3,INR,4.1289592760180955,316273,2.9395149897391666,9836374080,INR,9.599841480075504,57.5322,INR,60.97425853385562,0,Producer manufacturing,No rating
AMBIKCO,Ambika Cotton Mills Limited,1713.2,INR,0.29270577215782695,3539,0.44110681789854167,9802917616,INR,13.706082454102384,124.9956,INR,8.853023216119169,2.16083630204987,Process industries,No rating
ASTAR,Asian Star Co. Ltd.,585.1,INR,-3.528441879637259,17,0.2263648468708389,9764947960,INR,23.17035018869718,25.2521,INR,-6.412351800995468,0.24588148512417,Commercial services,No rating
SEPC,SEPC Limited,6.06,INR,0.831946755407651,7117363,0.5760341888355004,9760177027,INR,21.368124118476725,0.2836,INR,82.84977433913608,0,Industrial services,No rating
BIL,Bhartiya International Limited,745.8,INR,2.1783806000822,854,0.2231279719914302,9749368711,INR,73.51114790939735,10.1454,INR,-18.415169596474573,0,Consumer non-durables,No rating
MAMATA,Mamata Machinery Ltd.,380.75,INR,-3.7172841067138673,56905,1.1175021994595613,9725003428,INR,62.24965257908934,6.1165,INR,-63.067735819435555,0.126518218623482,Producer manufacturing,No rating
SIGACHI,Sigachi Industries Limited,25.94,INR,1.7254901960784366,1668080,2.162025964842063,9717235538,INR,,-2.1414,INR,-223.78034682080923,0.393236335037357,Health technology,No rating
YUKEN,Yuken India Limited,710.55,INR,0.32474408753970413,5937,0.6326254435410827,9716634772,INR,65.52894414062139,10.8433,INR,-42.74437122460187,0.209702222843562,Producer manufacturing,No rating
GAYAPROJ,Gayatri Projects Limited,20.21,INR,-2.5084418716835484,299650,0.6514130434782609,9708492254,INR,0.1852631038582577,109.0881,INR,1548.3046749871567,0,Industrial services,No rating
RAJOOENG,Rajoo Engineers Limited,54.18,INR,-0.3127874885004631,148000,0.6427410648134879,9655612996,INR,19.745617551660047,2.7439,INR,-5.57811424638679,0.277572168763879,Producer manufacturing,No rating
KOPRAN,Kopran Limited,201.21,INR,1.2428298279158694,51205,0.3399739068947545,9604006815,INR,37.737016823271254,5.3319,INR,-33.244441105769226,1.50829562594268,Health technology,No rating
MAXIND,Max India Ltd,184.96,INR,1.564988193948709,562325,1.4798228817868035,9593743167,INR,,-23.8,INR,22.50459925435098,0,Health services,No rating
MAFATIND,Mafatlal Industries Limited,134.51,INR,1.2114371708051055,19820,0.4454092731424051,9549272949,INR,10.837878995415394,12.4111,INR,-8.62096892946548,0,Process industries,No rating
INDOAMIN,Indo Amines Limited,128.11,INR,-1.0504363945315403,39564,0.8358862329343063,9538005277,INR,11.825793170929837,10.8331,INR,36.866243003878665,0.380517503805175,Process industries,No rating
MCCHRLS_B,Mac Charles India Ltd.,698.95,INR,-1.5494048876681454,428,1.5155807365439096,9504378233,INR,,-88.7547,INR,-9.927507422036108,0,Finance,No rating
UNIECOM,Unicommerce eSolutions Limited,85.73,INR,1.5999051908035182,296292,1.259302107634773,9485926428,INR,,,,,0,Technology services,Buy
SACHEEROME,Sacheerome Limited,424.95,INR,0.47286913346731296,23100,0.7340324118207817,9462575760,INR,33.41642551585305,12.7168,INR,78.50144577636786,0,Consumer non-durables,No rating
JITFINFRA,JITF Infralogistics Ltd.,350.35,INR,-4.1187739463601405,36661,0.35098485617289504,9452537453,INR,,-18.7205,INR,-191.85450869944947,0,Transportation,No rating
CONTROLPR,Control Print Limited,592,INR,0.24553382440098986,50615,0.359905087165791,9449380343,INR,24.3055270440045,24.3566,INR,-59.82277324245459,1.6926201760325,Electronic technology,No rating
FAIRCHEMOR,Fairchem Organics Ltd,806.5,INR,4.9993490430933445,141631,7.613546566321731,9446926832,INR,188.88472527987258,4.2698,INR,-74.69928064374682,1,Process industries,No rating
NEUEON,Neueon Corporation Limited,15.62,INR,-4.987834549878357,48248,0.6277469131786778,9363777105,INR,,-56.2886,INR,-174.23607592469895,,Industrial services,No rating
TIRUPATIFL,Tirupati Forge Ltd.,75.31,INR,2.3094688221709045,466189,0.41193356031743844,9321234175,INR,146.88901891944607,0.5127,INR,-30.949494949494948,0,Producer manufacturing,No rating
SWELECTES,Swelect Energy Systems Limited,607.85,INR,-0.8886352519158539,7163,0.4234302401191729,9302931240,INR,16.701056987188117,36.3959,INR,337.96132510258354,0.488838194557601,Producer manufacturing,No rating
PRIMESECU,Prime Securities Limited,274.5,INR,0.018218254691204725,5127,0.14126107261430795,9297951866,INR,189.37564677474992,1.4495,INR,-86.47892316446367,0.547545172476729,Finance,No rating
TVSELECT,TVS Electronics Limited,494,INR,-0.5335749521795988,24104,0.3536011454189112,9262680393,INR,731.2018946121966,0.6756,INR,,0,Electronic technology,No rating
CONSOFINVT,Consolidated Finvest & Holdings LTd,285,INR,-0.49577543467635493,6283,0.18607805623508086,9258927488,INR,17.02926045208205,16.7359,INR,-50.031350021497154,0.394525521960757,Finance,No rating
SGIL,Synergy Green Industries Ltd.,599.75,INR,0.578567834982399,7999,0.94952636452126,9257410552,INR,186.64612703451283,3.2133,INR,-71.53096482679189,0.167897918065816,Non-energy minerals,Strong buy
GEMAROMA,Gem Aromatics Limited,189.37,INR,6.32790567097137,179131,1.3906477076527508,9256420489,INR,1103.5547785547785,0.1716,INR,,0,Process industries,No rating
SURAJEST,Suraj Estate Developers Limited,195.57,INR,1.038437693738371,10285,0.27607995984291495,9253705092,INR,10.231446119720005,19.1146,INR,-11.948775825137625,0,Industrial services,No rating
ZUARI,Zuari Agro Chemicals Ltd.,222.1,INR,1.0188301646502231,62715,0.7790886470330283,9246452939,INR,1.0155032273433273,218.7093,INR,458.2950643913771,0,Process industries,No rating
FEDDERSHOL,Fedders Holding Ltd,44.64,INR,-2.1910604732690624,3826671,0.6492357251506651,9218809032,INR,9.843874040751523,4.5348,INR,-66.02840704782452,0,Finance,No rating
WCIL,Western Carriers (India) Limited,91.06,INR,1.2002667259390956,37552,0.7522390690761073,9206555578,INR,23.917211672313712,3.8073,INR,-43.01643368156374,0,Transportation,No rating
IFBAGRO,IFB Agro Industries Ltd.,1044.55,INR,4.995727999195852,18606,3.307615729218517,9205528538,INR,17.323674333829217,60.2961,INR,152.8201967345091,0,Consumer non-durables,No rating
ESTER,Ester Industries Limited,90.89,INR,2.6657630181859253,101157,1.7773158852757416,9191521264,INR,,-2.8119,INR,-293.25773195876286,0.680812436173834,Process industries,No rating
DHAMPURSUG,Dhampur Sugar Mills Limited,143.61,INR,1.0484097945398319,145357,0.5889803775857055,9137955595,INR,14.213182897862236,10.104,INR,26.542011597179595,1.40745953553835,Process industries,No rating
BSHSL,Bombay Super Hybrid Seeds Ltd.,86.12,INR,-1.011494252873558,2479,0.6564626751052617,9112752902,INR,33.90684672624907,2.5399,INR,0.9378849898660582,0,Process industries,No rating
IRISDOREME,Iris Clothings Ltd.,48.29,INR,0.9617394940413984,1814818,2.860834728688426,9103554400,INR,56.63187521988976,0.8527,INR,-36.237194346818214,0,Consumer non-durables,Strong buy
PRIZOR,Prizor Viztech Ltd.,860,INR,1.7751479289940828,9600,0.967741935483871,9034066535,INR,44.57575286373296,19.293,INR,87.28340532932096,0,Distribution services,No rating
MODISONLTD,Modison Limited,272.25,INR,-1.46579804560261,99096,1.7939531743028916,9019478108,INR,12.179627699314182,22.3529,INR,193.88509071785435,2.15866162978953,Industrial services,No rating
SHRIAHIMSA,Shri Ahimsa Naturals Limited,385,INR,-0.2590673575129534,27000,1.836734693877551,9005418600,INR,30.891686525608005,12.4629,INR,,0,Health technology,No rating
VHLTD,Viceroy Hotels Ltd,134.09,INR,1.591029623456318,92015,10.406582221216919,9001515797,INR,49.432278994322786,2.7126,INR,-76.23444892237603,0,Consumer services,No rating
LIKHITHA,Likhitha Infrastructure Ltd,230.3,INR,1.6328331862312522,36538,0.9602703832093289,8984737674,INR,23.182541120573372,9.9342,INR,-43.47024480180272,0,Industrial services,No rating
DENTA,Denta Water and Infra Solutions Limited,333.85,INR,-0.8317243427892335,146523,0.559637701972671,8983215583,INR,14.63804972157671,22.807,INR,-2.316278193234484,0.743052459503641,Industrial services,No rating
ARIHANTCAP,Arihant Capital Markets Limited,78.06,INR,-4.36167605978927,1279834,2.3765624210804663,8889597961,INR,21.20907485396006,3.6805,INR,-23.48232848232848,0.61652281134402,Finance,No rating
RAMBHAJO,Advit Jewels Limited,197.89,INR,1.9683619312619125,296930,0.3692146159896924,8887140266,INR,,,,,0,Consumer durables,No rating
SVLL,Shree Vasu Logistics Ltd.,758,INR,-1.8389018389018446,702,0.013063138502763355,8854045200,INR,150.8787993391588,5.0239,INR,163.7356291668854,0,Transportation,No rating
STERTOOLS,Sterling Tools Limited,241.83,INR,-0.29273521893295107,11595,0.576495681875811,8840781430,INR,30.033159051675963,8.0521,INR,-49.83115264797509,1.02774922918808,Producer manufacturing,No rating
EFFWA,Effwa Infra & Research Ltd.,379.9,INR,-0.4846103470857951,12400,1.183206106870229,8836431002.25,INR,30.730527490839084,12.3623,INR,42.27529059730693,0,Industrial services,No rating
DHARMAJ,Dharmaj Crop Guard Ltd.,260.15,INR,-0.30657214025675855,17825,0.8974242790397937,8816025502,INR,16.09400905693994,16.1644,INR,56.89631743443403,0,Process industries,No rating
SCODATUBES,Scoda Tubes Ltd.,147.73,INR,0.5444769618185413,106946,0.6361819328280965,8794626321,INR,22.907782722634867,6.4489,INR,,0,Non-energy minerals,No rating
STANLEY,Stanley Lifestyles Ltd.,156.07,INR,1.4429639259018519,69297,0.47135685911737496,8765932929,INR,73.56587320292245,2.1215,INR,-58.19539686293055,0,Consumer durables,No rating
MATRIMONY,Matrimony.com Ltd.,429.3,INR,0.7628212651097288,10255,0.7550990354171269,8765518738,INR,26.94255643627737,15.9339,INR,-22.331625664747776,1.17924528301887,Technology services,Strong buy
VILAS,Vilas Transcore Limited,353.7,INR,-1.0767724793735205,25250,1.5880503144654088,8752824000,INR,21.887918017772716,16.1596,INR,15.76805696846389,0,Electronic technology,No rating
BORANA,Borana Weaves Limited,328.05,INR,0.18323408153917325,9141,0.17420885623624252,8739656494,INR,13.53291338192889,24.2409,INR,,0,Process industries,No rating
PDMJEPAPER,Pudumjee Paper Products Ltd.,95.75,INR,4.393807239424336,718707,3.578776127251216,8731601632,INR,9.71105183622552,9.8599,INR,-2.234935995954513,0.652457590256633,Process industries,No rating
PRADPME,Pradeep Metals Limited,510.25,INR,0.7503208608944637,3496,0.3545818753486485,8721350231,INR,29.04693050368886,17.5664,INR,11.654632360419011,0.495049504950495,Producer manufacturing,No rating
FINKURVE,Finkurve Financial Services Ltd.,61.52,INR,-1.0136765888978205,23723,0.8178455322391034,8688926880,INR,33.20559183893777,1.8527,INR,35.04628617246156,0,Finance,No rating
NRAIL,NR Agarwal Industries Ltd.,478.6,INR,-5.963257687395611,30020,1.5134099616858236,8678039083,INR,18.641499733192074,25.6739,INR,147.5475591295209,0.392233771327711,Process industries,No rating
MICEL,MIC Electronics Limited,36.41,INR,0.6635333149018382,165599,0.9807032442759394,8674006671,INR,,-0.523,INR,-228.21770041676882,0,Health technology,No rating
UTTAMSUGAR,Uttam Sugar Mills Limited,228.71,INR,0.10942834631883043,21010,0.29600888167534545,8659260843,INR,8.696792936398689,26.2982,INR,13.547144719912277,1.10107905747633,Process industries,No rating
NDTV,New Delhi Television Limited,77.42,INR,0.9913905557005024,66049,0.33459083303487347,8651399740,INR,,-37.5329,INR,-27.13277285875904,0,Consumer services,No rating
SEJALLTD,Sejal Glass Limited,772.45,INR,2.521733359877895,16442,1.800205837913592,8636639433,INR,28.919230567639815,26.7106,INR,146.1330065148681,0,Process industries,No rating
HEXATRADEX,Hexa Tradex Limited,157.23,INR,1.412538699690401,66117,17.965599695668715,8618173416,INR,,-1.5784,INR,65.04639369311512,0,Distribution services,No rating
BODALCHEM,Bodal Chemicals Limited,67.6,INR,-0.6174654513378444,96155,0.7167899023978972,8566714625.000001,INR,17.780115728563914,3.802,INR,158.72745831915617,0,Process industries,No rating
EXCELSOFT,Excelsoft Technologies Limited,77.47,INR,4.154342565205706,804813,2.6695225585607103,8563413323.999999,INR,,,,,0,Technology services,No rating
ORICONENT,Oricon Enterprises Limited,54.35,INR,-1.2356896238415405,23561,0.36663855267949125,8551248159.999999,INR,33.221271393643036,1.636,INR,-81.5445705389978,0.918273645546373,Producer manufacturing,No rating
TNPETRO,Tamilnadu Petro Products Ltd.,94.14,INR,-0.9052631578947362,119079,1.7426484146566334,8528395350.999999,INR,8.689953107115164,10.8332,INR,67.0398125019274,1.2659563245068,Process industries,No rating
ROHLTD,Royal Orchid Hotels Limited,322.35,INR,3.6661842739990465,27913,1.3547303691983634,8508673473.000001,INR,27.46068526059326,11.7386,INR,-31.85849954721713,0.8058017727639,Consumer services,Strong buy
RITCO,Ritco Logistics Ltd.,295.1,INR,-0.7065948855989118,465386,2.5021102445518055,8496665578,INR,23.340056155336736,12.6435,INR,-18.454811059729504,0,Transportation,No rating
DVL,Dhunseri Ventures Limited,241.21,INR,-1.1312866336024885,9015,0.7407681309470986,8490000051.999999,INR,9.287881588269721,25.9704,INR,-36.90271700441941,3.50660066006601,Consumer non-durables,No rating
REMUS,Remus Pharmaceuticals Ltd.,721,INR,0.19455252918287622,2200,0.5729166666666666,8479766400,INR,20.18720058685676,35.7157,INR,40.192414881340234,0.138966092273485,Health technology,No rating
KOKUYOCMLN,Kokuyo Camlin Limited,85.86,INR,2.372719685227131,16269,0.7443347928133193,8472662318.999999,INR,34.742847893821065,2.4713,INR,324.98710232158203,0,Consumer durables,Strong sell
KRYSTAL,Krystal Integrated Services Ltd.,600.3,INR,-0.18290655138011686,9369,0.7774265017052103,8417402916.999999,INR,15.124297386567768,39.6911,INR,26.8005239281835,0.248983318117686,Commercial services,No rating
OMINFRAL,Om Infra Limited,87.04,INR,-0.06888633754304027,50494,0.16346395709419134,8376505064.000001,INR,40.73571395142042,2.1367,INR,-42.77718264595609,0.459875833524948,Industrial services,No rating
NCLIND,NCL Industries Ltd,185.59,INR,0.4981859533221509,13681,0.3519291665702019,8338665462.999999,INR,8.584657797842619,21.6188,INR,288.1641080886974,1.89856251695145,Non-energy minerals,No rating
QUICKHEAL,Quick Heal Technologies Ltd.,155.72,INR,1.964379256155055,40517,0.7735632556976236,8336818649.000001,INR,,-2,INR,-320.1188641866608,0,Technology services,No rating
TEJASCARGO,Tejas Cargo India Limited,356,INR,2.446043165467626,800,0.30303030303030304,8302761899.999999,INR,33.7610363500147,10.5447,INR,,0,Transportation,No rating
SUDARCOLOR,Sudarshan Colorants India Ltd,360,INR,-0.16638935108153707,2478,0.3533286755165374,8297906580.000001,INR,18.671424422223144,19.2808,INR,-13.484698914116494,0,Process industries,No rating
KECL,Kirloskar Electric Co. Ltd.,137.33,INR,9.995995194233094,418474,3.231694038022837,8285155248.999999,INR,65.75847538785673,2.0884,INR,270.8755105665068,0,Producer manufacturing,No rating
PREMIERPOL,Premier Polyfilm Limited,74.48,INR,-6.078184110970987,328951,0.2650425384125197,8272561218.000001,INR,22.31543624161074,3.3376,INR,33.84128002566468,0.1899214991137,Non-energy minerals,No rating
EVERESTIND,Everest Industries Limited,540.65,INR,3.1282784930853555,21906,1.3364895947091948,8271154408,INR,,-64.1494,INR,-2625.5863358259685,0.479248538291958,Distribution services,No rating
BAJAJST,Bajaj Steel Industries Limited,395.25,INR,-0.11372251705837469,10315,0.7368751919875985,8244079825.000001,INR,21.923985755649486,18.0282,INR,-55.53478276954951,0.25230225810521,Process industries,No rating
SYSTMTXC,Systematix Corporate Services Limited,60,INR,-0.11653071416680588,5438,0.9910156178812894,8196376552,INR,58.93330714075238,1.0181,INR,-70.42384452255759,0.166583374979177,Finance,No rating
SRHHYPOLTD,Sree Rayalaseema Hi-Strength Hypo Limited,487.1,INR,1.9357538976666318,2326,0.6640970735189151,8178178564,INR,9.314804438826537,52.2931,INR,2.6195980234780754,0.629656837023822,Process industries,No rating
PARIN,Parin Enterprises Limited,734.4,INR,0.7683863885839768,7750,1.5270935960591132,8102798287,INR,130.34681054985623,5.6342,INR,-0.41360294117647994,0,Consumer durables,No rating
SADHNANIQ,Sadhana Nitro Chem Limited,2.69,INR,-1.8248175182481847,340970,0.26715970457215427,8093616260,INR,,-1.2112,INR,-2034.8242811501595,0.985347985347985,Process industries,No rating
ASAL,Automotive Stampings & Assemblies Ltd.,498.25,INR,-2.0638820638820636,46710,0.8787607422903843,8074978098,INR,26.502941520654474,18.7998,INR,94.62296575427557,0,Producer manufacturing,No rating
FLYSBS,FlySBS Aviation Limited,462.4,INR,-0.9107468123861567,13600,0.449438202247191,8074795404.15,INR,12.387052529782233,37.3293,INR,,0,Transportation,No rating
HEXAGON,Hexagon Nutrition Limited,64.18,INR,-2.0302243932224058,345574,0.22033360354284323,8051135948,INR,,,,,0,Health technology,No rating
GANESHBE,Ganesh Benzoplast Limited,112.35,INR,0.8437303653172945,517305,0.3180223809852856,8037619485,INR,11.033527782688113,10.1826,INR,94.17249861749394,0,Process industries,No rating
DWARKESH,Dwarikesh Sugar Industries Ltd.,42.52,INR,-1.8240591087508635,683323,0.7194760226076121,8025406829,INR,25.549813724311985,1.6642,INR,31.64056320202499,1.15446779034865,Process industries,No rating
SUPREMEINF,Supreme Infrastructure India Limited,80.29,INR,-2.7141645462256085,52721,0.22914452738751073,7978765473,INR,0.09636949039635839,833.1475,INR,,0,Industrial services,No rating
AHCL,Anlon Healthcare Limited,15.75,INR,4.930046635576284,5852235,2.057049694068325,7978040492,INR,27.534965034965037,0.572,INR,,0,Health technology,No rating
SARLAPOLY,Sarla Performance Fibers Limited,100.58,INR,0.5699430056994232,43638,0.3954770002909119,7944734650,INR,,-1.5729,INR,-121.06271007137406,3.00210147102972,Process industries,No rating
EIFFL,Euro India Fresh Foods Ltd.,316.25,INR,-1.171875,3711,0.2899535886737612,7935999756,INR,166.60520493098724,1.8982,INR,-15.93817811434392,0,Consumer non-durables,No rating
FRESHARA,Freshara Agro Exports Limited,349.95,INR,3.6735298474300038,182400,3.4311512415349887,7932154960,INR,21.926691729323306,15.96,INR,10.350549678489953,0,Consumer non-durables,No rating
ANUHPHR,Anuh Pharma Limited,80.68,INR,2.036170481851541,27827,0.9141890338053156,7930724767,INR,15.335487549895458,5.261,INR,11.353342081869375,1.89561481107039,Health technology,No rating
GICHSGFIN,GIC Housing Finance Limited,148.26,INR,0.946415197113084,80520,0.8903081138338532,7908028897,INR,5.156923376591755,28.7497,INR,-3.4908155866476873,3.06435137895812,Finance,No rating
BAHETI,Baheti Recycling Industries Limited,712.6,INR,0.38033525848711724,30375,1.646341463414634,7902455591.3,INR,27.325610378056684,26.0781,INR,50.13558092540457,0,Producer manufacturing,No rating
REGAAL,Regaal Resources Limited,77.58,INR,2.5512227362855153,57102,0.8383397050791918,7859371940,INR,14.10083972518085,5.5018,INR,,0,Process industries,No rating
SAHANA,Sahana System Limited,919.7,INR,2.8977399865741877,301250,13.577464788732394,7852345830,INR,11.326940556038613,81.1958,INR,71.33530280649927,0,Technology services,No rating
MEIL,Mangal Electrical Industries Limited,300.95,INR,5.7263305814157786,157554,12.406803685329553,7849718152,INR,19.181129261499436,15.6899,INR,,0,Electronic technology,No rating
DECCANCE,Deccan Cements Ltd,545.3,INR,-1.5081730335049262,19411,1.4148784185666803,7844900033,INR,26.726592788280097,20.4029,INR,280.119236143456,0.107133291670387,Non-energy minerals,No rating
CIFL,Capital India Finance Ltd,20.12,INR,0.3491271820448892,58357,0.7997461949803617,7840678616,INR,20.69745910914515,0.9721,INR,2342.462311557789,0.0997506234413965,Finance,No rating
VELJAN,Veljan Denison Limited,1804.3,INR,3.469434568184425,1595,1.2633663366336634,7785000000,INR,31.42722775726329,57.412,INR,-10.314349672809534,0.491329479768786,Producer manufacturing,No rating
SICALLOG,Sical Logistics Limited.,101.92,INR,4.996394354589481,52165,0.6569816501051626,7781417916,INR,18.155260251523032,5.6138,INR,,0,Transportation,No rating
VLSFINANCE,V L S Finance Limited,254.35,INR,0.3353057199211023,10140,0.7858211210738005,7777767725,INR,42.76227303295225,5.948,INR,-52.63011189423804,0.593589236248516,Finance,No rating
HARDWYN,Hardwyn India Ltd.,15.59,INR,-1.4538558786346423,4082237,0.5460116512282208,7775870137,INR,57.71936319881525,0.2701,INR,17.485863418877777,0,Distribution services,No rating
SAHASRA,Sahasra Electronic Solutions Limited,326.55,INR,5.0000000000000036,88400,3.6710963455149503,7772749604,INR,57.521578298397046,5.677,INR,2409.7259062776297,0,Electronic technology,No rating
KOTHARIPET,Kothari Petrochemicals Ltd.,136.07,INR,3.224093460779851,121244,1.6482484199822456,7757132536,INR,11.045987742014043,12.3185,INR,10.138046957423606,0,Process industries,No rating
RMDRIP,R M Drip And Sprinklers Systems Limited,18.65,INR,2.9817780231916022,2603869,1.781230495434102,7755219785,INR,22.766113281249996,0.8192,INR,134.86238532110093,0.161071231363887,Producer manufacturing,No rating
VIESL,Vision Infra Equipment Solutions Limited,316.35,INR,0.668257756563253,33600,1.834061135371179,7743874200,INR,11.808113949139447,26.7909,INR,93.9121308627678,0.159108989657916,Finance,No rating
ELDEHSG,Eldeco Housing & Industries Ltd.,774.1,INR,-0.5396376718488927,1155,1.0503819570753001,7709072144,INR,31.344141751158045,24.6968,INR,12.905334668257606,1.14795918367347,Finance,No rating
ECOSMOBLTY,ECOS (India) Mobility & Hospitality Limited,131.47,INR,3.6012608353033833,83532,2.6964333558219034,7706999817,INR,13.690941089485248,9.6027,INR,-4.1311835471472085,1.86843129622421,Finance,Strong buy
BEEKAY,Beekay Steel Industries Ltd.,395.3,INR,-1.2737262737262653,528,0.48170787336921816,7693665661,INR,20.8640118227641,18.9465,INR,-59.31756839454003,0.247892910262766,Non-energy minerals,No rating
ZUARIIND,Zuari Industries Limited,255.6,INR,-0.5447470817120645,13344,0.6028162142382805,7692479268,INR,7.050081506223986,36.2549,INR,,0.387146728610143,Process industries,No rating
MODIS,Modi's Navnirman Ltd.,388.45,INR,-0.9308849783218652,23204,0.16763461375912891,7683668830,INR,26.08167266476876,14.8936,INR,373.2333502796136,0,Finance,No rating
ADVENTHTL,Advent Hotels International Limited,149.47,INR,5.031269763193027,619826,3.7728496480830067,7678770202,INR,89.57272128003835,1.6687,INR,,0,Industrial services,No rating
VINSYS,Vinsys IT Services India Private Limited,523.5,INR,0.2681478643937899,6750,0.7627118644067796,7663345686.700001,INR,25.410031016255623,20.6021,INR,0.6891125110575766,0,Commercial services,No rating
ZTECH,Z-Tech (India) Ltd.,517.2,INR,-1.3259563102165282,9600,0.6464646464646465,7631334669.2,INR,,,,,0,Industrial services,No rating
MVGJL,Manoj Vaibhav Gems 'N' Jewellers Limited,167.13,INR,7.299691833590143,178153,2.3813202838555485,7578680425,INR,7.101730709578179,23.5337,INR,11.962872040800782,0,Retail trade,No rating
PVSL,Popular Vehicles and Services Limited,108.25,INR,2.113008206772941,33294,0.24319088885123094,7529921405,INR,,-1.7559,INR,-19.481491562329886,0,Retail trade,No rating
GLOSTERLTD,Gloster Ltd.,677.75,INR,-0.8630147005046409,1928,0.7556635572626793,7504887707,INR,40.8953224560726,16.5728,INR,,2.91630212890055,Process industries,No rating
CELLECOR,Cellecor Gadgets Limited,33.65,INR,-0.14836795252226784,60000,0.7490636704119851,7492417541,INR,18.694444444444443,1.8,INR,25.234815278647467,0,Consumer durables,No rating
VASCONEQ,Vascon Engineers Limited,32.53,INR,0.6186204763377756,76045,0.5074118359841034,7467597847,INR,15.073444233353412,2.1581,INR,-62.52843227475561,0,Industrial services,No rating
RADHIKAJWE,Radhika Jeweltech Ltd,68.03,INR,6.914977212006912,1931509,0.9826141943465989,7464679802,INR,10.730791677839646,6.3397,INR,30.021124305256468,0,Consumer durables,No rating
KELLTONTEC,Kellton Tech Solutions Ltd.,14.1,INR,0.07097232079488848,1690609,1.2027044129541091,7452602127,INR,8.486307553415589,1.6615,INR,-0.6220467731323622,0,Technology services,No rating
BIRLAMONEY,Aditya Birla Money Limited,131.22,INR,-0.5833775286006593,61022,0.2680332311660337,7447912871,INR,13.674305186482009,9.5961,INR,-25.924010374853328,0,Finance,No rating
PRAVEG,Praveg Limited,301.07,INR,5.608951873158415,306929,1.0708621143219597,7446177293,INR,,-4.3891,INR,-167.77276798122355,0.35106196243637,Health technology,No rating
RAJPALAYAM,Rajapalayam Mills Limited,810.75,INR,0.3714020427112349,982,0.7153263403263403,7409352928,INR,6.534127771513862,124.0793,INR,570.9890763573437,0.0622200099552016,Process industries,No rating
VALIANTORG,Valiant Organics Limited,262.4,INR,-0.1712003043561139,7957,0.9716455819860303,7387119430,INR,22.03320094380022,11.9093,INR,,0,Process industries,No rating
PATELRMART,Patel Retail Limited,222.21,INR,-0.5504833512352264,62137,0.5234608379484467,7384856935,INR,19.003839937055822,11.6929,INR,,0,Retail trade,No rating
BAJAJINDEF,Indef Manufacturing Limited,230.85,INR,0.2605863192182386,14350,0.665862372975732,7360000000,INR,31.26438960968607,7.3838,INR,,0.869565217391304,Producer manufacturing,No rating
SSEGL,Sathlokhar Synergys E&C Global Limited,317.2,INR,4.153669348218676,19800,0.8168316831683168,7351225768.15,INR,,,,,0,Industrial services,No rating
BLAL,BEML Land Assets Limited,177.61,INR,0.9606639381537212,5695,0.5720168742466855,7339843254,INR,,-0.7773,INR,13.614136474772176,0,Finance,No rating
INDOFARM,Indo Farm Equipment Ltd.,155.38,INR,2.0558292282430184,139104,0.43306261731036305,7323063762,INR,30.261364078993495,5.1346,INR,,0,Producer manufacturing,No rating
SANDESH,Sandesh Limited,974.55,INR,-0.4545454545454592,1183,3.3964972724662648,7312060507,INR,11.203926288960243,86.9829,INR,-14.627816977093186,0.5175983436853,Consumer services,No rating
PROSTARM,Prostarm Info Systems Limited,123.41,INR,-0.21023692083771742,101957,0.8453017466159161,7285731211,INR,22.08719619143072,5.5874,INR,,0,Producer manufacturing,No rating
NRL,Nupur Recyclers Limited,103.1,INR,-1.809523809523815,64455,0.5840013264726458,7252243950,INR,50.04611426629776,2.0601,INR,-2.1655506482405045,0,Non-energy minerals,No rating
OCCLLTD,OCCL Limited,152.2,INR,4.994481236203077,151676,2.795324784466077,7242817039,INR,15.94117893502032,9.5476,INR,,1.72413793103448,Process industries,Strong buy
20MICRONS,20 Microns Limited,204,INR,-0.11261812662194085,151604,0.6907744853956994,7217854263,INR,10.771992818671455,18.938,INR,7.1329573289736405,0.611097531165974,Process industries,No rating
COMSYN,Commercial Syn Bags Limited,174.48,INR,-2.2630517589065766,71832,0.09275426395607421,7196512867,INR,27.827751196172247,6.27,INR,46.3141437005577,0.224215246636771,Process industries,No rating
PVP,PVP Ventures Limited,27.4,INR,0.32954961552544804,1123455,4.194779222932229,7174121365,INR,,-0.2469,INR,4.524361948955912,0,Technology services,No rating
AGARIND,Agarwal Industrial Corporation Limited,483.55,INR,1.2246179610634338,27672,0.7323114705508744,7160293978,INR,10.13149679219903,47.7274,INR,-38.29045020816632,0.689367035721746,Process industries,No rating
MMP,MMP Industries Ltd.,285.05,INR,1.1892083777067883,23515,0.5524128566663065,7155916304,INR,30.323500313819775,9.4003,INR,-37.19819350356089,0.70997515086972,Non-energy minerals,No rating
SUBEXLTD,Subex Limited,12.31,INR,-2.14626391096979,842199,0.9204752989471683,7148677416,INR,23.921492421298097,0.5146,INR,,0,Technology services,No rating
LOKESHMACH,Lokesh Machines Ltd,335,INR,-1.1799410029498525,16831,0.9859179680635448,7134417982,INR,172.9746475964269,1.9367,INR,429.73194748358867,0,Technology services,No rating
XCHANGING,Xchanging Solutions Limited,64.19,INR,0.2342286071205363,49616,0.5075026850099729,7133179378,INR,12.023526326633824,5.3387,INR,19.957308167621623,3.12353584257379,Technology services,No rating
ADVANCE,Advance Agrolife Ltd.,113.6,INR,3.3761033761033703,136656,0.6269823172597695,7132500529,INR,21.124665278191014,5.3776,INR,,0,Process industries,No rating
EMAMIPAP,Emami Paper Mills Limited,112.28,INR,-4.992384498223054,71198,0.11384832706217173,7120132910,INR,8.274134119380987,13.57,INR,404.6673360853881,1.35950378111989,Process industries,No rating
INNOVANA,Innovana Thinklabs Ltd.,347.55,INR,0.9292870625816723,2360,0.5276572910611277,7114271074,INR,19.254207616367324,18.0506,INR,-16.16810406884669,0,Technology services,No rating
CCCL,Consolidated Construction Consortium Limited,15.74,INR,-0.8816120906801043,424342,1.5729075968402624,7094539798,INR,8.898688376300317,1.7688,INR,-14.202561117578577,0,Industrial services,No rating
VIVIANA,Viviana Power Tech Limited,732.3,INR,4.99677396229119,18357,0.9060844928602101,7061541760,INR,14.006089770562538,52.2844,INR,170.963997159989,0,Industrial services,No rating
KANORICHEM,Kanoria Chemicals & Industries Ltd,159.73,INR,-1.2488408037094345,30418,0.6758624367309394,7052103627,INR,30.16847353907755,5.2946,INR,,0,Process industries,No rating
STCINDIA,State Trading Corporation of India Limited,118.4,INR,0.4326066672321699,20013,0.7637354459798277,7046999817,INR,1.107277826668001,106.9289,INR,1694.8016852140927,0,Distribution services,No rating
GEECEE,GeeCee Ventures Limited,340.9,INR,2.0200508753553796,1005,0.36034420939404804,7034705140,INR,16.942161082230857,20.1214,INR,-10.018066685746986,0.594530321046373,Finance,No rating
FOCE,Foce India Limited,569.05,INR,-5.000000000000008,61440,21.880341880341877,7034068980,INR,100.95445916937214,5.6367,INR,-54.04052346202454,0,Consumer durables,No rating
KARNIKA,Karnika Industries Ltd.,111.85,INR,-0.9738822487826547,117000,1.8690095846645367,7002617625,INR,20.496234263619872,5.4571,INR,,0,Consumer non-durables,No rating
HERANBA,Heranba Industries Limited,175.94,INR,0.5601280292638259,20953,0.980482075423138,7000356401,INR,,-19.0984,INR,-319.0912115267692,0.571591883395256,Process industries,No rating
RAMASTEEL,Rama Steel Tubes Ltd.,4.24,INR,-0.4694835680751074,1689124,0.9828763390852496,6985895106,INR,56.308100929614874,0.0753,INR,-48.565573770491795,0,Non-energy minerals,No rating
DPSCLTD,India Power Corp. Ltd.,7.17,INR,0,62084,0.7193216010825833,6982071591,INR,60.2015113350126,0.1191,INR,64.95844875346259,0.697350069735007,Utilities,No rating
DCMSIL,DCM Shriram International Limited,78.6,INR,-1.4667168108311417,60190,1.9184308325843198,6979383495,INR,,,,,,Process industries,No rating
SOUTHWEST,South West Pinnacle Exploration Ltd.,235.31,INR,0.7018444815337933,59299,0.14104208310063773,6970378702,INR,17.976317799847212,13.09,INR,119.0721649484536,0,Energy minerals,No rating
MAGADSUGAR,Magadh Sugar & Energy Ltd.,489.05,INR,-0.9719550470790749,6443,0.3297355667122113,6961265211,INR,10.851476448712601,45.0676,INR,-41.97359509910207,2.53036437246964,Process industries,No rating
GANESHCP,Ganesh Consumer Products Limited,169.9,INR,-1.1289571694599614,32572,0.3329506901377209,6955068046,INR,16.83411608505242,10.0926,INR,26.24113475177304,0,Process industries,No rating
OSELDEVICE,Osel Devices Limited,419.75,INR,-2.5649953574744684,17200,0.6403574087862993,6948459360,INR,36.31055363321799,11.56,INR,-7.017896641866067,0,Health technology,No rating
WELINV,Welspun Investments & Commercials Ltd.,1931.9,INR,1.786090621707065,467,2.27471992206527,6943504715,INR,232.9723602334668,8.2924,INR,-18.151489428904185,0,Finance,No rating
TVTODAY,TV Today Network Ltd.,117.6,INR,0.9875483039931228,20370,0.5991053125376831,6942443526,INR,49.277184160905094,2.3865,INR,-80.89363201127247,2.57842715943275,Consumer services,No rating
MANBA,Manba Finance Limited,146.37,INR,5.904059040590403,2948629,18.852065868416613,6930526511,INR,16.221158321696922,9.0234,INR,19.920260482424094,0.724900326205147,Finance,No rating
MUKKA,Mukka Proteins Limited,22.62,INR,-1.3949433304272025,415221,2.1625845953848444,6879000092,INR,13.089520282391065,1.7281,INR,12.330993239729587,0,Consumer non-durables,No rating
LAXMIINDIA,Laxmi India Finance Limited,128.52,INR,-0.4646840148698841,62891,0.5219135474619255,6864541284,INR,13.582177882989516,9.4624,INR,,0,Finance,No rating
UNIENTER,Uniphos Enterprises Limited,97.64,INR,-0.6410908720871024,19064,0.673282712343281,6864175445,INR,32.78710543989254,2.978,INR,7345,0.506585612968592,Producer manufacturing,No rating
HMVL,Hindustan Media Ventures Limited,95.25,INR,1.9807280513918568,67277,1.0766473294658931,6862505420,INR,,,,,0,Consumer services,No rating
MAANALU,Maan Aluminium Limited,114.21,INR,-0.565906320738295,26594,0.5586282372563065,6853270630,INR,47.89080845353908,2.3848,INR,-16.84217867354767,0,Non-energy minerals,No rating
VISAKAIND,Visaka Industries Ltd.,82.29,INR,3.055729492799013,320941,1.519930856479837,6841528499,INR,8.329537517840333,9.8793,INR,,1.5155342258146,Process industries,No rating
RNFI,RNFI Services Ltd.,268,INR,-0.27906976744186046,54600,1.4375987361769351,6814678431.25,INR,23.091902324699717,11.6058,INR,,0,Finance,No rating
DENTALKART,Vasa Denticity Limited,431.6,INR,1.4455282641908647,9000,0.46035805626598464,6814096119.05,INR,72.30207391027574,5.9694,INR,-42.93334862911552,0,Retail trade,No rating
INNOVISION,Innovision Limited,283.55,INR,-0.6133894146512443,20237,0.5035018971201095,6791552129,INR,,,,,0,Transportation,No rating
DMCC,DMCC Speciality Chemicals Limited,271.05,INR,-0.6232813932172278,29552,1.142941124144786,6789896451,INR,24.733547468700955,10.9588,INR,26.958455941981974,0.918273645546373,Process industries,No rating
DBOL,Dhampur Bio Organics Ltd,102.3,INR,0.20570085218923864,63340,0.6814724280171884,6784812122,INR,8.077187275469194,12.6653,INR,,2.44618395303327,Process industries,No rating
BIGBLOC,BIGBLOC Construction Ltd,46.98,INR,-1.6125654450261844,43396,1.035827664399093,6775815224,INR,,-0.1184,INR,-117.32007021650088,0,Non-energy minerals,No rating
KUANTUM,Kuantum Papers Limited,80.17,INR,3.6323681489141704,213786,1.846696848057343,6766422239,INR,16.688176519567026,4.804,INR,-63.603854779077516,3.8689708537529,Process industries,Strong buy
UNITEDPOLY,United Polyfab Gujarat Ltd,30.06,INR,-0.364600596619168,10779,0.1473734869915109,6766116921,INR,27.07620248603855,1.1102,INR,44.05086285195277,0,Process industries,No rating
CHEVIOT,Cheviot Co. Ltd.,1161.1,INR,0.6501386962552012,2113,1.1858128963465964,6744444776,INR,13.122087057153577,88.4844,INR,-10.478221632274808,0.43308791684712,Process industries,No rating
CHEMBONDCH,Chembond Chemicals Limited,240.62,INR,-2.756223731005494,5294,0.3434762862518653,6725488893,INR,16.922903802062088,14.2186,INR,19.69727581910631,0.499900019996001,Process industries,No rating
INFLUX,Influx Healthtech Limited,285,INR,-1.7749439944856031,31200,1.6149068322981366,6717088560,INR,30.481283422459896,9.35,INR,,0,Health technology,No rating
ADSL,Allied Digital Services Limited,116.36,INR,-1.5066869815473176,167478,0.7386596439942611,6709027242,INR,18.152886115444616,6.41,INR,23.499605032464416,1.26475548060708,Technology services,Strong buy
GTPL,GTPL Hathway Ltd,59.86,INR,-1.3513513513513518,46906,0.7180042952288671,6691550617,INR,90.16418135261334,0.6639,INR,-83.09224265267662,3.36134453781513,Communications,No rating
JAYAGROGN,Jayant Agro-Organics Limited,232.68,INR,4.659949622166253,13851,1.3376534327406877,6691500092,INR,13.851071809128088,16.7987,INR,-8.296530829489313,1.12082492714638,Process industries,No rating
NAHARPOLY,Nahar Poly Films Limited,279.55,INR,2.100073046018992,27752,0.9420358728563865,6679327799,INR,8.717739219379546,32.0668,INR,66.41738760385908,0.368120743603902,Process industries,No rating
PROZONER,Prozone Realty Ltd,44.11,INR,0.7077625570776308,92301,0.46856700765588566,6677901543,INR,62.629561266505746,0.7043,INR,,0,Finance,No rating
KSOLVES,Ksolves India Ltd,279.5,INR,-0.49839800640796633,35524,0.10945451755619773,6676106829,INR,17.859424920127797,15.65,INR,16.721360381861583,3.9083318529046,Technology services,No rating
ATL,Allcargo Terminals Limited,23.68,INR,3.814116615519514,152896,1.5491108337250954,6663148116,INR,15.093377525654917,1.5689,INR,34.91271820448877,0,Transportation,No rating
PCCL,Petro Carbon & Chemicals Ltd,269,INR,-0.037160906726132564,2800,0.546875,6646770000,INR,25.918967095437683,10.3785,INR,170.90837901331247,0,Process industries,No rating
FABTECH,Fabtech Technologies Limited,148.9,INR,-0.5543311293661819,139208,1.0422615776477688,6634281037,INR,12.680326333180046,11.7426,INR,,0,Health technology,No rating
MERCURYEV,Mercury Ev-Tech Limited,35.92,INR,2.3070350327542077,224878,1.8402003224143433,6622461275,INR,127.42107130188012,0.2819,INR,-21.60734149054505,0,Distribution services,No rating
AQYLON,Aqylon Nexus Limited,24.98,INR,-4.838095238095237,776545,0.7396398557914444,6604606659,INR,112.92947558770344,0.2212,INR,,0,Consumer services,No rating
SPECIALITY,Speciality Restaurants Ltd.,132.03,INR,-4.138531910259195,60151,0.9671278468699503,6591402199,INR,29.1714538223597,4.526,INR,1.0673931490330852,0.731796560556165,Consumer services,No rating
ABINFRA,A B Infrabuild Ltd,10.33,INR,0.09689922480619947,379560,0.23345553931637067,6541202979,INR,34.513865686602074,0.2993,INR,3.5998615437867842,0.048828125,Industrial services,No rating
HALDYNGL,Haldyn Glass Limited,120.45,INR,1.2525218560860871,3394,0.15513088311249046,6522768414,INR,26.334776334776333,4.5738,INR,30.94188376753508,0.57684384013185,Process industries,No rating
GGBL,Ganesh Green Bharat Limited,263.65,INR,0.3234398782343858,21600,0.6545454545454545,6517702800,INR,8.695895959286121,30.3189,INR,148.80108321024125,0,Electronic technology,No rating
EMKAY,Emkay Global Financial Services Limited,238.05,INR,-0.6054279749478032,108351,3.3880863039399625,6491663100,INR,42.21193744015321,5.6394,INR,-74.50542495479205,0.629194630872483,Finance,No rating
ONWARDTEC,Onward Technologies Limited,292.75,INR,0.7225184930328653,178828,0.2640985967306818,6461559926,INR,15.481226864093072,18.91,INR,32.23776223776223,1.72117039586919,Technology services,No rating
MALLCOM,Mallcom (India) Ltd.,999.4,INR,-3.802098373279441,2568,0.8850594520075823,6455592068,INR,20.757695343330703,48.146,INR,-47.6920101734727,0.28998115122517,Consumer non-durables,No rating
NATIONSTD,National Standard (India) Ltd.,304.2,INR,-4.99687695190506,2350,0.984251968503937,6452999878,INR,54.275875604403446,5.6047,INR,-2.8934282793630963,0,Finance,No rating
ORBTEXP,Orbit Exports Ltd,244.07,INR,0.41966673523965514,7061,0.8352555685676094,6444861278,INR,19.850997551870257,12.2951,INR,-16.33652923604543,0,Process industries,No rating
ZIMLAB,Zim Laboratories Ltd.,118,INR,-1.9933554817275794,4966,0.24843166878445344,6439018707,INR,99.12634408602152,1.1904,INR,-52.32106380422158,0,Health technology,No rating
PARTH,Parth Electricals & Engineering Limited,478,INR,1.5508816656044213,17200,1.2044817927170868,6433506418.5,INR,,,,,0,Producer manufacturing,No rating
CHEMCON,Chemcon Speciality Chemicals Ltd,177.98,INR,0.8213901319888907,23751,2.427237051874259,6417698381,INR,27.624206490865912,6.4429,INR,-3.4800455417066214,3.71004566210046,Process industries,No rating
COFFEEDAY,Coffee Day Enterprises Ltd,30.39,INR,0.4960317460317531,240799,0.9229940702750978,6411489911,INR,3.161705802182711,9.6119,INR,,0,Consumer services,No rating
ONMOBILE,OnMobile Global Limited,62.05,INR,2.1567336187026593,84699,0.9267011238708774,6411177330,INR,,-1.0598,INR,71.3992713533936,0,Communications,No rating
NAMOEWASTE,Namo eWaste Management Ltd.,283.65,INR,1.9956850053937265,19200,1.0256410256410255,6359456199.6,INR,45.17654928568015,6.2787,INR,69.68083668891711,0,Industrial services,No rating
AMANTA,Amanta Healthcare Limited,160,INR,-1.8404907975460123,35055,1.0146076879216677,6329184593,INR,39.83766152926823,4.0163,INR,,0,Health technology,No rating
PPL,Prakash Pipes Limited,268.6,INR,-1.013451262207481,22966,0.8712178689569361,6326404642,INR,14.84740778411007,18.0907,INR,-47.93024246471253,1.28544423440454,Producer manufacturing,No rating
HINDCOMPOS,Hindustan Composites Limited,423.95,INR,-1.0387488328664773,3220,0.2420561239447627,6322609013,INR,19.368618224181645,21.8885,INR,-4.329297609161243,0.467180565288484,Producer manufacturing,No rating
SAURASHCEM,Saurashtra Cement Limited,57.93,INR,4.078332734459222,58445,0.14368589665580264,6303311746,INR,44.9592549476135,1.2885,INR,106.4572985098542,0,Non-energy minerals,No rating
VAKRANGEE,Vakrangee Limited,6.09,INR,4.81927710843374,3112375,2.7656897102969187,6282512487,INR,63.97058823529411,0.0952,INR,54.545454545454554,0,Retail trade,No rating
ZFSTEERING,Z F Steering Gear (India) Limited,686.4,INR,-1.1164733847151194,4399,0.5090374690458007,6258761821,INR,31.454063045600144,21.8223,INR,55.90586621514456,0,Producer manufacturing,No rating
SALSTEEL,S.A.L. Steel Ltd.,59.54,INR,4.990301534120963,197903,3.370931395176524,6236845350,INR,,-0.0903,INR,88.06818181818181,0,Non-energy minerals,No rating
MINDTECK,Mindteck (India) Limited,194.68,INR,-0.1845775225594674,42494,0.5645265212152452,6234268482,INR,19.7528358935855,9.8558,INR,10.08500039093479,0.512557662737058,Technology services,No rating
SHINDL,Sharat Industries Ltd,158.97,INR,0.5375664052618229,153272,1.2106314916472494,6213529615,INR,39.25766780263742,4.0494,INR,6.841508139626937,0.157778479015462,Process industries,No rating
CEWATER,Concord Enviro Systems Limited,291.5,INR,-2.295961119490539,99000,0.7338851062094834,6198521437,INR,41.35221017987857,7.0492,INR,-72.60850981154071,0,Industrial services,No rating
PANSARI,Pansari Developers Ltd.,340.25,INR,-4.208896396396393,14342,2.8447318311647094,6197103655,INR,,,,,0,Technology services,No rating
KILITCH,Kilitch Drugs (India) Limited,180.85,INR,0.4666407421809919,54695,2.755290692109676,6195188876,INR,20.289676217829335,8.9134,INR,11.318704649623458,0,Health technology,No rating
SUTLEJTEX,Sutlej Textiles & Industries Ltd.,38.13,INR,1.3826110077107236,33575,1.7495362361130695,6143573570,INR,,-5.2683,INR,-26.183803980742987,0,Process industries,No rating
GLOTTIS,Glottis Ltd.,66.67,INR,-0.08991458114791288,76009,1.8034731729539528,6117078310,INR,16.617647058823533,4.012,INR,,0,Transportation,No rating
LINC,Linc Limited,102.83,INR,0.1558390961332391,19327,0.7565064565499047,6097639151,INR,18.677007464990826,5.5057,INR,-13.908869151863898,1.46341463414634,Consumer non-durables,Strong buy
SNOWMAN,Snowman Logistics Ltd,36.35,INR,-0.13736263736262957,76393,0.46332849543330945,6071977852,INR,185.55385400714653,0.1959,INR,-42.48385202583677,1.37589433131535,Commercial services,No rating
TANKUP,Tankup Engineers Limited,1145,INR,0.043687199650502405,1000,1.4814814814814814,6060127500,INR,126.53751367599766,9.0487,INR,,0,Producer manufacturing,No rating
SATIA,Satia Industries Ltd,62.13,INR,2.7791563275434235,177018,0.767695867223804,6059000015,INR,8.173279309619028,7.6016,INR,-35.91853250606959,0.660174946360786,Process industries,No rating
TREL,TransIndia Real Estate Limited,24.41,INR,0.3700657894736836,17651,0.21184182732928794,6031824979,INR,16.240851630073188,1.503,INR,-29.8483080513419,0,Finance,No rating
PYRAMID,Pyramid Technoplast Ltd.,195.96,INR,19.334997868582914,4561988,167.30189232800353,6019832538,INR,24.771825146006627,7.9106,INR,9.096676320507505,0.305530094714329,Producer manufacturing,No rating
TPLPLASTEH,TPL Plastech Limited,78.34,INR,1.8725617685305562,126845,0.8905578193848063,6010910863,INR,21.03539015090489,3.7242,INR,23.122189896852692,1.29769011160135,Process industries,No rating
MVKAGRO,M.V.K. Agro Food Product Ltd.,377.85,INR,-2.5406241939643968,8400,0.35759897828863346,6005473000,INR,,,,,0,Process industries,No rating
SCPL,Sheetal Cool Products Ltd.,599.3,INR,4.983796093544702,37999,0.4384199850933282,5989725128,INR,32.91536911019206,18.2073,INR,15.383591680502922,0,Consumer non-durables,No rating
BIRLACABLE,Birla Cable Limited,200.98,INR,1.8600172317672632,63779,1.5821657504614104,5923499908,INR,35.67080205171894,5.6343,INR,245.55657773689052,0,Producer manufacturing,No rating
TRANSPEK,Transpek Industry Limited,1110.3,INR,4.2633111090243085,20432,0.9549537759747241,5896684820,INR,13.586803558535959,81.719,INR,-6.344836754714914,1.89447759780241,Process industries,No rating
PROV,Proventus Agrocom Ltd.,1720,INR,0.5847953216374269,560,0.7368421052631579,5893841610,INR,42.105881604136165,40.8494,INR,92.2550888339805,0,Distribution services,No rating
OMPOWER,Om Power Transmission Ltd.,169.87,INR,0.39598108747045857,78237,0.6863605180185317,5797678424,INR,,,,,0,Utilities,No rating
BAFNAPH,Bafna Pharmaceuticals Limited,242.91,INR,1.9987402897333573,5947,1.0748432106128794,5795802279,INR,51.793176972281444,4.69,INR,167.175572519084,0,Health technology,No rating
SHALPAINTS,Shalimar Paints Ltd,69.57,INR,0.9724238026124636,1020167,1.7136749875484938,5785279814,INR,,-7.7441,INR,19.128427912028226,0,Process industries,No rating
KRONOX,Kronox Lab Sciences Limited,155.55,INR,0.7513439989636798,102020,0.32104436026199634,5691753388,INR,20.886764330697034,7.4473,INR,8.50270262394919,0.325945241199478,Process industries,No rating
DHUNINV,Dhunseri Investments Limited,867.5,INR,0.3238117266103798,633,0.37123922350595273,5685009344,INR,29.41764923310647,29.4891,INR,-80.19335741905323,0.321750321750322,Process industries,No rating
IWARE,Iware Supplychain Services Limited,472.75,INR,-4.282243369103053,18000,0.37220843672456577,5683208520,INR,,,,,0,Transportation,No rating
AHLWEST,Asian Hotels (West) Limited,569,INR,-1.034872597617192,408,0.4817001180637544,5658409983,INR,10.20400843579186,55.7624,INR,63.27807026276798,0,Consumer services,No rating
SOFTTECH,SoftTech Engineers Ltd.,415,INR,-0.9073543457497638,1257,0.6746819816434975,5647592033,INR,116.56648502893096,3.5602,INR,247.98162447463596,0,Technology services,No rating
MCLEODRUSS,McLeod Russel India Limited,52.57,INR,-2.774181616423155,256448,1.6499790895930513,5642698812,INR,,-11.8162,INR,37.61278979519644,0,Consumer non-durables,No rating
MODINATUR,Modi Naturals Limited,411.65,INR,0.37795659595219566,4711,0.841776110068793,5627940959,INR,10.893381671915106,37.789,INR,62.07116909629746,0,Process industries,No rating
CHANDAN,CHANDAN HEALTHCARE LIMITED,226.45,INR,-1.54347826086957,22400,0.8,5623974950,INR,,,,,0,Health services,No rating
HTMEDIA,HT Media Limited,24.56,INR,1.2366034624896831,177914,0.6309018278401203,5621077114,INR,,-2.35,INR,-3447.5783475783473,0,Consumer services,No rating
RBZJEWEL,RBZ Jewellers Limited,145.61,INR,3.3354623518558064,83688,0.5282122846847598,5587999878,INR,10.629165419626109,13.6991,INR,41.2336591199637,0,Consumer durables,No rating
APS,Australian Premium Solar (India) Limited,275.35,INR,-0.036304229442717696,8500,0.5,5553072000,INR,,,,,0,Electronic technology,No rating
KIRANVYPAR,Kiran Vyapar Ltd.,201,INR,0.3394568690095881,246,0.10634618710012106,5484126635,INR,153.30638395240638,1.3111,INR,-94.0721148411891,0.497512437810945,Finance,No rating
HITECHCORP,Hitech Corporation Ltd,319.35,INR,-0.28103044496486407,3887,0.20536907787329145,5461872356,INR,36.130878975414944,8.8387,INR,69.87699404189888,0.314465408805031,Producer manufacturing,No rating
MUNJALSHOW,Munjal Showa Limited,136.93,INR,0.8172581357679383,33075,1.0099915108801203,5453318348,INR,25.033364412512114,5.4699,INR,-24.22281946137648,3.3003300330033,Producer manufacturing,No rating
NBIFIN,N.B.I. Industrial Finance Company Ltd,2222.4,INR,0.2661854274757542,282,0.05866200698951573,5445510376,INR,52.83578683099396,42.0624,INR,0.45807798311940484,0.0225580870742161,Finance,No rating
KRMAYURVED,KRM Ayurveda Ltd.,255,INR,-0.11750881316099152,44000,1.3056379821958457,5427882240,INR,,,,,0,Health services,No rating
MUFTI,Credo Brands Marketing Limited,84.25,INR,1.603955619874576,38027,0.6229124725007412,5415285593,INR,11.611240507724748,7.2559,INR,-31.170851554273902,3.62275087549813,Retail trade,No rating
ABSMARINE,ABS Marine Services Ltd.,220.7,INR,0.136116152450083,46000,1.4153846153846155,5410820000,INR,6.734777328182311,32.7702,INR,183.49640549168205,0,Transportation,No rating
KANPRPLA,Kanpur Plastipack Limited,224.54,INR,1.4870056497175104,48793,0.6915744789415125,5393938153,INR,13.430470072433863,16.7187,INR,245.61334601232065,0.408441116405718,Producer manufacturing,No rating
VISACHROME,Visa Chrome Ltd,37.97,INR,2.899728997289974,24460,0.5822797466154692,5391295828,INR,0.4430215070198548,85.7069,INR,,0,Non-energy minerals,No rating
NILE,Nile Limited,1897.2,INR,5.247975147009883,4403,1.2881802223522527,5389160899,INR,10.314008611316488,183.944,INR,51.9335716002567,0.278512741957945,Non-energy minerals,No rating
SHREERAMA,Shree Rama Multi-Tech Limited,39.8,INR,-0.9457441513190705,70193,1.6218233237754542,5358740497,INR,21.893393475988777,1.8179,INR,-52.7449961008578,0,Process industries,No rating
PRIMO,Primo Chemicals Limited,22.49,INR,0.6714413607878181,87137,0.9339232450287828,5348514702,INR,35.4955808080808,0.6336,INR,395.38702111024236,0,Process industries,No rating
KNAGRI,KN Agri Resources Ltd.,221.46,INR,3.660363227859962,24096,2.6590450126353193,5340767132.400001,INR,17.48143002612821,12.6683,INR,0.09481444023925203,0,Process industries,No rating
OSWALGREEN,Oswal Greentech Ltd.,21.17,INR,2.2211492032834417,56565,0.6353148101973839,5336494169,INR,,-2.4325,INR,-832.2396146899457,0,Finance,No rating
PENINLAND,Peninsula Land Limited,16.09,INR,0,66875,0.6180741041968965,5334189599,INR,,-4.6267,INR,-315.3231597845601,0,Finance,No rating
MGEL,Mangalam Global Enterprise Ltd.,16.43,INR,1.4197530864197556,152886,1.5431386620398548,5332209758,INR,11.973473254627605,1.3722,INR,89.63515754560531,0.0618046971569839,Process industries,No rating
BESTAGRO,Best Agrolife Ltd.,15.91,INR,4.947229551451187,427040,1.7194208309058017,5327159807,INR,63.614554178328675,0.2501,INR,-87.30650154798761,1.33155792276964,Process industries,No rating
SHIVAUM,Shiv Aum Steels Ltd.,388.35,INR,-0.7412140575079814,459,0.008232667007452447,5321156489,INR,69.62048009178753,5.5781,INR,-27.46671174451264,0,Producer manufacturing,No rating
CHEMFAB,Chemfab Alkalis Ltd.,377,INR,2.9773285987435063,4898,1.8758377695224235,5311082907,INR,,-2.3803,INR,50.963103355925924,0.3382949932341,Process industries,No rating
APTECHT,Aptech Limited,91.66,INR,0.3393541324575832,59577,0.8459493767944452,5307257595,INR,22.58469878033756,4.0585,INR,23.37366245136188,4.91803278688525,Commercial services,Strong buy
REPRO,Repro India Limited,372.8,INR,0.242000537778982,7224,0.9729030867855412,5296298916,INR,,-23.2493,INR,-1547.9515168698613,0,Commercial services,No rating
SAAKSHI,Saakshi Medtech and Panels Limited,290.6,INR,-3.101033677892616,9000,0.8522727272727273,5295034400,INR,41.72170217653478,6.9652,INR,161.11340206185568,0,Producer manufacturing,No rating
RUSHIL,Rushil Decor Ltd.,17.64,INR,-0.6756756756756812,739683,0.7037929383502421,5275634093,INR,77.4703557312253,0.2277,INR,-85.66120906801008,0.556173526140156,Non-energy minerals,No rating
UNIVPHOTO,Universus Photo Imagings Ltd,489.05,INR,2.7955859169732027,2015,1.018293915504346,5260390310,INR,,-73.0174,INR,-191.8515629913831,0,Consumer durables,No rating
SREEL,Sreeleathers Ltd.,222.71,INR,-2.3073211387463224,8964,0.27266173701708546,5259660864,INR,17.936761057955607,12.4164,INR,27.375126950420093,0.440237728373322,Retail trade,No rating
DCMSRIND,DCM Shriram Industries Limited,39.81,INR,-0.12543903662819156,66805,0.2384285167715484,5223234863,INR,8.405650218534237,4.7361,INR,-59.39662045729276,0,Process industries,No rating
PASUPTAC,Pasupati Acrylon Limited,57.22,INR,-1.1915040580210634,21340,0.5221983227988264,5213396202,INR,7.29279514663336,7.8461,INR,97.66961428967323,0,Process industries,No rating
DISHTV,Dish TV India Limited,2.87,INR,1.7730496453900804,1134555,1.8759306860265894,5210748760,INR,,-4.3141,INR,-62.88227742958543,0,Communications,Neutral
PTL,PTL Enterprises Limited,39.42,INR,0.40753948038717197,29842,1.1500870986141383,5210358758,INR,11.302577629956707,3.4877,INR,27.204755999708212,8.25711382113821,Finance,No rating
SCHAND,S Chand And Company Limited,147.86,INR,0.11510596519738366,15004,0.6166568027881897,5192066274,INR,,-5.0699,INR,-128.20293160515118,2.71739130434783,Consumer services,No rating
GLOBAL,Global Education Ltd.,103.99,INR,1.9609765663300325,69063,2.1925040317972293,5191443948,INR,19.96122542997543,5.2096,INR,-5.82110058572565,0.980488283165016,Commercial services,No rating
CSM,CSM Technologies Ltd.,99.54,INR,-0.080305159606503,178019,0.4136824099401456,5137125836.7,INR,,,,,0,Technology services,No rating
RKSWAMY,R K Swamy Limited,106.71,INR,5.267830719147666,84741,1.079552692862348,5136059324,INR,24.366351555007533,4.3794,INR,18.46782265263615,1.47420147420147,Commercial services,No rating
ENIL,Entertainment Network (India) Limited,106.06,INR,0.40708132159425053,8037,0.25589429276446707,5076899088,INR,,-1.6075,INR,-166.44209308092914,1.87793427230047,Consumer services,No rating
SUKHJITS,Sukhjit Starch & Chemicals Ltd.,168.76,INR,5.852098099479385,50565,5.830969348924099,5014661917,INR,19.506218502935873,8.6516,INR,-32.340129351132795,0.623052959501558,Consumer non-durables,No rating
IRIS,IRIS RegTech Solutions Limited,244.25,INR,-0.10224948875255625,21765,0.9454370121323482,5014538643,INR,4.01230714642416,60.8752,INR,833.7832862927968,0,Technology services,No rating
NAHARINDUS,Nahar Industrial Enterprises Limited,116.5,INR,-0.12002743484225015,3146,0.3722063816949233,5014007884,INR,9.803261582995338,11.8838,INR,179.61224441777844,0,Process industries,No rating
OSWALAGRO,Oswal Agro Mills Ltd.,38.77,INR,3.607696419027262,51731,2.3300258086019663,4997561058,INR,,-1.6433,INR,-119.54936413709419,0,Finance,No rating
ELIN,Elin Electronics Limited,101.41,INR,0.2768713537031555,122496,0.11409960410336066,4993290703,INR,22.32274538290519,4.5429,INR,-24.19403283940728,0,Electronic technology,No rating
SAYAJIHOTL,Sayaji Hotels Limited,299.6,INR,0,18,0.14297061159650515,4992623377,INR,,-3.6037,INR,-404.18671393601755,0,Consumer services,No rating
THEINVEST,Investment Trust of India Limited,96.4,INR,1.2498687112698372,3215,0.8258412535319805,4976071266,INR,16.729721287008434,5.7622,INR,-29.226083004777877,0,Finance,No rating
KAMATHOTEL,Kamat Hotels (India) Ltd,169.83,INR,0.4257583821181472,31689,1.0226513613729584,4964443948,INR,14.355389505004059,11.8304,INR,-24.232099397976185,0,Consumer services,No rating
GFLLIMITED,GFL Ltd,46.95,INR,2.1762785636561475,44432,1.0572049928856613,4952038132,INR,11.444520280811233,4.1024,INR,,0,Consumer services,No rating
ZEEMEDIA,Zee Media Corp. Ltd.,7.96,INR,-0.12547051442910648,823511,1.3108076918791494,4947141008,INR,230.0578034682081,0.0346,INR,,0,Consumer services,No rating
GPECO,GP Eco Solutions India Limited,430.5,INR,2.244389027431419,11000,0.7294429708222812,4930832340,INR,12.69469624142629,33.9118,INR,276.14161961910884,0,Distribution services,No rating
BLACKROSE,Black Rose Industries Limited,100.76,INR,4.980204209210253,21754,1.3196319055620598,4903650078,INR,22.890635649052662,4.4018,INR,7.183208337391641,1.19604784191368,Distribution services,No rating
TERASOFT,Tera Software Limited,392.85,INR,-0.21590043180085497,7717,0.4772122936120215,4901527091,INR,19.81748842277309,19.8234,INR,173.12106474146128,0.255264837268666,Technology services,No rating
PLASTIBLEN,Plastiblends India Limited,191.08,INR,1.1808313476304042,70294,0.2226502455221467,4898963952,INR,11.628600466166422,16.4319,INR,35.498474478436535,1.3262599469496,Process industries,No rating
CSLFINANCE,CSL Finance Limited,217.24,INR,1.589973812196037,12113,0.30137088547757074,4898263597,INR,5.7633584748483155,37.6933,INR,20.387416160970943,1.3953488372093,Finance,No rating
BMWVENTLTD,Bmw Ventures Limited,59.34,INR,4.989384288747346,247389,3.801072460205273,4892459935,INR,12.723802989043033,4.6637,INR,,0,Distribution services,No rating
OMAXAUTO,Omax Autos Limited,215.1,INR,-4.999558342902568,25831,0.5753621768028654,4889345440,INR,11.35817593291759,18.9379,INR,55.55382151217708,1.09361329833771,Producer manufacturing,No rating
DAVANGERE,Davangere Sugar Company Limited,3.3,INR,-3.5087719298245648,13131742,1.089822409816482,4876268487,INR,54.817275747508305,0.0602,INR,-46.536412078152765,0,Process industries,No rating
SRGHFL,SRG Housing Finance Ltd.,309.1,INR,-0.12924071082390218,2075,0.377430561871328,4859927692,INR,14.930491822283193,20.7026,INR,22.326873079650206,0,Finance,No rating
FOCUS,Focus Lighting and Fixtures Ltd,71.66,INR,-0.7891457843001625,28133,1.9435175782194498,4857689807,INR,95.11547650650385,0.7534,INR,-66.94019044275747,0,Producer manufacturing,No rating
MIRZAINT,Mirza International Limited,35.14,INR,0.22818026240729689,172855,0.24763634826820688,4849504843,INR,,-0.0413,INR,83.89235569422777,0,Consumer non-durables,No rating
AMCL,ANB Metal Cast Limited,411.15,INR,0.40293040293039734,1600,0.40816326530612246,4846342410,INR,,,,,0,Non-energy minerals,No rating
URJA,Urja Global Limited,9.1,INR,-1.3015184381778848,710420,1.0695803882057922,4834170896,INR,335.79335793357933,0.0271,INR,-21.220930232558143,0,Electronic technology,No rating
ORIENTCER,Orient Ceratech Ltd,40.32,INR,-1.1037527593819052,49940,1.084301511378218,4820263717,INR,22.10647513569823,1.8239,INR,119.85294117647061,0.620501365103003,Non-energy minerals,No rating
SUPREMEPWR,Supreme Power Equipment Ltd.,209.05,INR,8.710348413936558,64000,1.3061224489795917,4805795260.5,INR,25.650936219293722,8.1498,INR,-6.463904510501531,0,Producer manufacturing,No rating
HALEOSLABS,Haleos Labs Ltd.,1535.6,INR,-0.18200728029122346,665,0.9713701431492843,4794026140,INR,26.817554705646074,57.261,INR,-13.91096871772281,0.0945954468058271,Health technology,No rating
INTLCONV,International Conveyors Ltd.,74.93,INR,-0.15989340439705574,42439,0.8953696651567672,4793780061,INR,6.946581870098085,10.7866,INR,-25.434812664178068,0.997871208089409,Producer manufacturing,No rating
MANAKSTEEL,Manaksia Steels Ltd,69.97,INR,-1.0605203619909502,22889,0.9926276074417798,4757771929,INR,7.578416081795339,9.2328,INR,520.5672805484608,0,Non-energy minerals,No rating
WSI,W.S. Industries (India) Limited,62.4,INR,0.144439094848333,121079,2.1937105140622934,4746493200,INR,172.13793103448276,0.3625,INR,,0,Producer manufacturing,No rating
ANLON,Anlon Technology Solutions Limited,629.75,INR,-0.3560126582278481,4000,1.0526315789473684,4746193600,INR,28.391160081510467,22.1812,INR,113.79057753103557,0,Distribution services,Strong buy
C2C,C2C Advanced Systems Ltd.,275.25,INR,-3.2002813434148134,160500,0.5277174985204183,4731916405.150001,INR,25.310344827586206,10.875,INR,,0,Technology services,No rating
DCI,Dc Infotech And Communication Ltd,288.7,INR,0.2952926871634413,40862,1.6611176831672705,4726480090,INR,21.85465556396669,13.21,INR,45.00548847420419,0,Electronic technology,No rating
ADVANIHOTR,Advani Hotels & Resorts (India) Ltd.,52.25,INR,2.2104851330203497,28086,1.596593751421165,4722682951,INR,20.21511200526173,2.5847,INR,-9.619553814952084,3.52319436288902,Consumer services,No rating
GUJAPOLLO,Gujarat Apollo Industries Limited,359.2,INR,-1.4134760532455148,13651,2.3612336325739887,4717189255,INR,74.21487603305785,4.84,INR,143.65686669351592,0.549903766840803,Producer manufacturing,No rating
UNIDT,United Drilling Tools Limited,226.07,INR,1.0459035444509022,958,0.3845690658745133,4710325531,INR,24.01244861758739,9.4147,INR,27.218798983838706,0.775862068965517,Industrial services,No rating
SHARDUL,Shardul Securities Limited,50.93,INR,-4.999067338183175,6724,0.2249642011161222,4703578623,INR,19.275603663613655,2.6422,INR,,0,Finance,No rating
IGCL,Indogulf Cropsciences Limited,75.17,INR,0.8316566063044997,228570,1.2241605821042365,4696910662,INR,10.77659742233309,6.9753,INR,,0,Process industries,No rating
DICIND,DIC India Limited,502.2,INR,-2.956521739130437,2888,1.5567054764984907,4690457253,INR,24.228915488269095,20.7273,INR,6.113181659943065,0.587084148727984,Process industries,No rating
ORIENTBELL,Orient Bell Limited,327.2,INR,2.4100156494522658,20779,3.436704045516192,4689699544,INR,38.83910024333788,8.4245,INR,339.87573099415204,0.156838143036386,Producer manufacturing,Strong buy
SJLOGISTIC,S J Logistics (India) Limited,307.35,INR,0.2446183953033268,45000,1.5477214101461736,4685807658,INR,,,,,0,Transportation,No rating
NILASPACES,Nila Spaces Ltd.,12.12,INR,1.9343986543313596,266485,1.0356525483538999,4683342975,INR,16.566429743028976,0.7316,INR,95.6672907194437,0,Consumer durables,No rating
BLUEWATER,Blue Water Logistics Limited,444.95,INR,4.694117647058821,90000,5.357142857142857,4675000000,INR,18.698520759791563,23.796,INR,,0,Transportation,No rating
KHAICHEM,Khaitan Chemicals & Fertilizers Ltd.,48.86,INR,1.8978102189780948,166939,1.9126000472023446,4655481812,INR,8.76004016064257,5.5776,INR,36.87697857616137,0,Process industries,No rating
GRETEX,Gretex Industries Ltd.,300,INR,0,750,0.0546448087431694,4651830000,INR,129.69047207331835,2.3132,INR,35.990593768371546,0,Consumer non-durables,No rating
HLVLTD,HLV Limited,7.31,INR,3.5410764872521248,103193,0.6602915205651251,4628004399,INR,235.04823151125402,0.0311,INR,-92.15042907622413,0,Consumer services,No rating
SUNLITE,Sunlite Recycling Industries Limited,445.7,INR,4.994110718492341,16200,1.5297450424929178,4618560000,INR,12.546306200808457,35.5244,INR,170.80858978952423,0,Non-energy minerals,No rating
RAMAPHO,Rama Phosphates Limited,130.9,INR,-0.15255530129671138,55794,1.7657558437612746,4608735726,INR,8.619440822830654,15.1866,INR,91.7451579505568,0.574492531597089,Process industries,No rating
MANCREDIT,Mangal Credit & Fincorp Ltd.,222.3,INR,3.380923592056927,1930672,4.825730537516743,4559565422,INR,30.34398034398035,7.326,INR,11.080786026200865,0.347302616346376,Finance,No rating
DENORA,De Nora India Limited,871.05,INR,2.1699607061169432,4116,0.6928826341660494,4548702746,INR,51.06132282855283,17.0589,INR,434.92944496707435,0,Electronic technology,No rating
MANORG,Mangalam Organics Ltd,526.25,INR,0.5061115355232959,1386,0.24822250479073016,4539153585,INR,17.74915428020223,29.6493,INR,101.57661792000651,0,Process industries,No rating
E2ERAIL,E To E Transportation Infrastructure Limited,275,INR,4.941804999045979,76000,2.2300469483568075,4535943993,INR,,,,,0,Industrial services,No rating
AASTHA,Aastha Spintex Limited,102.37,INR,-0.2436172286104073,10078967,1.3927618376645434,4533403070,INR,,,,,0,Process industries,No rating
THOMASCOTT,Thomas Scott (India) Limited,315.15,INR,2.6380068392769793,75894,2.745425737416708,4514809334,INR,23.65902180849067,13.3205,INR,36.70604172867126,0,Consumer non-durables,No rating
UGARSUGAR,Ugar Sugar Works Ltd,43.49,INR,9.491440080563954,870227,9.681742882159423,4484250069,INR,35.94214876033058,1.21,INR,,0,Process industries,No rating
TECHD,Techdefence Labs Solutions Limited,623.65,INR,4.210878101762876,9000,0.4983388704318937,4476246213.849999,INR,33.70152012148002,18.5051,INR,,0,Technology services,No rating
VINYLINDIA,Vinyl Chemicals (India) Limited,251.2,INR,3.5235936534102543,18149,2.7188291162943985,4470587601,INR,27.91669445000111,8.9982,INR,-26.107986039827548,2.87120590648072,Distribution services,No rating
DIGISPICE,DiGiSPICE Technologies Ltd.,18.16,INR,-3.35284725918041,104975,1.4843456153300134,4468138188,INR,20.347338935574232,0.8925,INR,,0,Technology services,No rating
DONEAR,Donear Industries Limited,86.18,INR,0.454598438046393,9061,0.7682329201498991,4462639984,INR,,,,,0.233045910044279,Process industries,No rating
TIRUPATI,Shree Tirupati Balajee FIBC Ltd.,418.45,INR,-4.9948915881484846,59125,15.307443365695793,4461776316,INR,148.78751244488694,2.8124,INR,-80.13954013897519,0,Process industries,No rating
MAZDA,Mazda Limited,216.92,INR,0.24492813900827262,3958,0.40099692008429244,4461569976,INR,15.790814655203791,13.7371,INR,10.678633869655247,1.61579892280072,Producer manufacturing,No rating
UNIVASTU,Univastu India Ltd.,124.88,INR,0.9702457956015431,105507,0.49961359464942234,4450843802,INR,19.424784955435612,6.4289,INR,113.93298059964725,0,Industrial services,No rating
ARIES,Aries Agro Ltd.,343.95,INR,0.8503152030493997,10356,0.6078749031485524,4442282356,INR,10.438036392770002,32.9516,INR,25.94877440019569,0.351288056206089,Process industries,No rating
BASILIC,Basilic Fly Studio Ltd.,191.85,INR,0.814503415659476,21300,1.3733075435203095,4422572000,INR,9.416413075488368,20.374,INR,,0,Consumer services,No rating
LIBERTSHOE,Liberty Shoes Limited,269,INR,4.162633107454018,98288,0.4333687977816569,4403988445,INR,40.83367487894106,6.5877,INR,-17.223311218335347,0,Consumer non-durables,No rating
BBTCL,B&B Triplewall Containers Ltd.,219.33,INR,1.0318301165415307,10918,2.0787875326060052,4400686606,INR,9.3926248217444,23.3513,INR,,0,Process industries,No rating
SILINV,SIL Investments Limited,416.8,INR,0.44583684781299504,572,0.2699768726105631,4397282100,INR,11.677294274539689,35.6932,INR,22.276349235712857,0.602409638554217,Finance,No rating
MAJESAUT,Majestic Auto Limited,429.15,INR,1.5018921475875036,18307,0.9621994933302498,4396053212,INR,4.8688369475688145,88.1422,INR,1246.5664482026368,2.36518448438978,Commercial services,No rating
CYBERTECH,CyberTech Systems & Software Ltd.,138.85,INR,-2.1769761871213213,15320,1.1241973949733994,4381601841,INR,13.639489194499017,10.18,INR,-11.308590346750305,2.7643400138217,Technology services,No rating
SHAH,Shah Metacorp Ltd,4.56,INR,4.347826086956511,10711590,1.6414247345849309,4381389271,INR,28.48219862585884,0.1601,INR,-77.64590896397654,0,Non-energy minerals,No rating
ABCOTS,AB Cotspin India Ltd.,201.58,INR,0.5988621618924129,2750,0.09428399023560712,4375152884,INR,34.12099258607265,5.9078,INR,11.40696599973599,0,Consumer non-durables,No rating
NIMBSPROJ,Nimbus Projects Limited,190,INR,0,1096,1.4729203064104286,4346715403,INR,,-54.856,INR,47.840886940729575,0,Finance,No rating
TARACHAND,Tara Chand Infralogistic Solutions Limited,54.6,INR,-0.7092198581560294,126981,2.011481416358167,4334581251,INR,15.535196039378592,3.5146,INR,10.821719114586616,0.363702491362066,Finance,No rating
SHERA,Shera Energy Limited,172,INR,-2.9071408410951203,48000,1.3043478260869565,4329430143.9,INR,12.288259710940123,13.9971,INR,72.06234864595754,0,Producer manufacturing,No rating
BANSWRAS,Banswara Syntex Ltd,124.33,INR,-2.821635141472565,43662,0.6725497958259461,4326935746,INR,13.641051522864917,9.1144,INR,40.821655362081486,0.791139240506329,Process industries,No rating
TEJA,Teja Engineering Industries Limited,669.4,INR,-0.45356532084170836,40200,0.8993288590604027,4315313385,INR,,,,,0,Industrial services,No rating
SBGLP,Suratwwala Business Group Ltd,24.43,INR,0.0409500409500328,8601,0.3877747921588429,4292056961,INR,11.207450224791264,2.1798,INR,242.52042740414836,0.404040404040404,Finance,No rating
ACL,Andhra Cements Limited,48.42,INR,2.8899277518062036,71611,6.41468701852449,4288769656.0000005,INR,,-7.2864,INR,55.847492546719344,0,Non-energy minerals,No rating
VRAJ,Vraj Iron & Steel Ltd.,128.5,INR,-0.549493073291547,16135,0.09489379070552519,4281143713.0000005,INR,13.242644406657393,9.7035,INR,-27.40541794160114,0,Non-energy minerals,No rating
KAYA,Kaya Limited,282.22,INR,-0.1450659873332513,24755,0.3739053206175819,4279109024.9999995,INR,,-64.8042,INR,-87.11799219237251,0,Consumer non-durables,No rating
MAWANASUG,Mawana Sugars Limited,109.44,INR,-0.6084824266642465,42294,0.6153743185181197,4275473272.9999995,INR,11.54211225716636,9.4818,INR,-66.1037428949344,3.65965233302836,Consumer non-durables,No rating
SARVESHWAR,Sarveshwar Foods Ltd.,3.38,INR,-2.028985507246385,2648664,4.609893330697045,4273743867.9999995,INR,12.476928755998523,0.2709,INR,12.453300124532989,0,Process industries,No rating
LORDSCHLO,Lords Chloro Alkali Limited,157.86,INR,5.910768198591078,135332,7.153988475973992,4257964068,INR,14.96303317535545,10.55,INR,337.97741614081707,0,Process industries,No rating
CPL,Captain Polyplast Ltd.,70.81,INR,1.3888888888888873,16526,,4243206416,INR,15.191692948016563,4.6611,INR,-18.096995255666837,0,Producer manufacturing,No rating
NDLVENTURE,NDL Ventures Ltd,121.16,INR,-3.118503118503123,18769,2.1081184293287585,4235889825,INR,440.101707228478,0.2753,INR,56.86609686609687,0.397456279809221,Consumer services,No rating
DIVINEHIRA,Divine Hira Jewellers Limited,106.35,INR,-1.0237319683573836,10800,0.703125,4205732685,INR,58.40197693574959,1.821,INR,28.302684421898118,0,Consumer durables,No rating
RAMANEWS,Shree Rama Newsprint Ltd.,28.52,INR,-0.17500875043752437,12069,0.5460048316609513,4202902706,INR,,-4.6458,INR,35.51798800799466,0,Process industries,No rating
MONEYBOXX,MoneyBoxx Finance Ltd.,59.01,INR,-1.6008004002001017,15866,0.6924151173954788,4188552246,INR,253.9156626506024,0.2324,INR,0.3887688984881141,0,Finance,No rating
GANESHIN,Ganesh Infraworld Ltd.,92.65,INR,-4.974358974358969,56800,1.1414790996784565,4165336207.4999995,INR,5.1962692301220965,17.8301,INR,,0,Industrial services,No rating
ESSARSHPNG,Essar Shipping Limited.,20.43,INR,1.2890431333663757,160923,0.3569974703167639,4145730603,INR,,-5.4156,INR,-116.98127406589825,0,Transportation,No rating
IL&FSENGG,IL&FS Engineering & Construction Co. Ltd.,30.7,INR,-2.724968314321925,56693,3.2029400631627714,4138181166.9999995,INR,304.86593843098314,0.1007,INR,,0,Industrial services,No rating
EMAMIREAL,Emami Realty Limited,79.84,INR,-0.10010010010009797,2426,0.518453614856923,4136694236.9999995,INR,,-43.2224,INR,-29.570928799901676,0,Finance,No rating
SINGERIND,Singer India Limited,66.47,INR,0.9875417806138039,15495,0.3825623654427305,4122638772.9999995,INR,32.318763067049154,2.0567,INR,71.27748167888075,0,Consumer durables,No rating
SURAJLTD,Suraj Limited,219.13,INR,-0.9805693628558589,20090,22.790697674418606,4101621736,INR,48.39229716001943,4.5282,INR,-19.645804127553102,0.671591672263264,Non-energy minerals,No rating
KOTHARIPRO,Kothari Products Limited.,68.25,INR,0.24970622796710004,4791,0.715469737018911,4085028310,INR,13.213428328041509,5.1652,INR,,0,Distribution services,No rating
3IINFOLTD,3i Infotech Limited,20.68,INR,4.761904761904769,1627856,2.134285997858443,4079632030,INR,11.234245980008692,1.8408,INR,-53.264953793033406,0,Technology services,No rating
NEPTUNE,Neptune Petrochemicals Limited,180,INR,0,500,0.14705882352941177,4077630000,INR,14.238478697653814,12.6418,INR,,0,Non-energy minerals,No rating
FOODSIN,Foods & Inns Ltd.,53.63,INR,-2.5794732061761936,136697,1.7668278862484261,4074383461,INR,14.076115485564305,3.81,INR,-34.735688101682136,0.541418516513265,Consumer non-durables,No rating
NAHARCAP,Nahar Capital & Financial Services Ltd.,244.53,INR,-0.3260913871112425,464,0.21776880837283524,4072668040,INR,6.486172487148609,37.7002,INR,26.742958575107416,1.23355263157895,Finance,No rating
HARRMALAYA,Harrisons Malayalam Ltd,214.89,INR,-0.9540929203539923,7481,0.270019562973285,4069416644,INR,13.611660079051383,15.7872,INR,95.70585610155203,0,Process industries,No rating
PPAP,PPAP Automotive Limited,287.43,INR,-1.0159101866519693,13383,0.03137091091673945,4060492022,INR,9.425603221553981,30.4946,INR,515.5675326510425,0.871383757406762,Producer manufacturing,No rating
GINNIFILA,Ginni Filaments Limited.,48.98,INR,4.079898002549925,40623,0.7581081913307344,4051247894,INR,11.306294868539508,4.3321,INR,784.4630461412821,0,Process industries,No rating
TOLINS,Tolins Tyres Limited,102.89,INR,0.18500486854917014,24367,0.6424117794387103,4027925202,INR,11.394746168158058,9.0296,INR,-7.7633406880771405,0,Consumer durables,No rating
PATILAUTOM,Patil Automation Ltd.,182.05,INR,-1.1672095548316923,16200,0.569620253164557,4019391360,INR,22.33112127865756,8.1523,INR,,0,Producer manufacturing,No rating
CHAVDA,Chavda Infra Limited,126.55,INR,2.8443722064201546,33000,0.23387668320340185,4018320800,INR,,,,,0,Consumer durables,No rating
EUROBOND,Euro Panel Products Limited,158.99,INR,-1.621186807747048,7746,1.3411825815946672,4018000000,INR,14.661293594732667,10.8442,INR,99.59874838947177,0,Non-energy minerals,No rating
SHIVALIK,Shivalik Rasayan Ltd,264.18,INR,4.106242118537207,59576,1.7432167111912196,4015555574,INR,34.86880312549496,7.5764,INR,-30.39276034728283,0.196116885663856,Process industries,No rating
AUTOIND,Autoline Industries Limited,89.63,INR,2.002958916581303,86207,0.7465561183619707,4000748983,INR,10.557623445156427,8.4896,INR,113.30653266331656,0,Producer manufacturing,No rating
ECOLINE,Ecoline Exim Limited,196,INR,0.5128205128205128,13000,0.8609271523178808,4000498125,INR,19.117474932698684,10.2524,INR,,0,Consumer durables,No rating
BATLIBOI,Batliboi Limited,84.46,INR,-0.5533969151065737,12928,0.19339686148967045,3995439903,INR,87.75064935064934,0.9625,INR,-70.93637708729655,0.709136035929559,Producer manufacturing,No rating
MEGATHERM,Megatherm Induction Limited,214.3,INR,1.084905660377364,5200,0.6103286384976526,3994234548,INR,17.047578893776798,12.5707,INR,11.16446472471305,0,Producer manufacturing,No rating
AFIL,Akme Fintrade (India) Limited,9.26,INR,0.5428881650379905,606017,0.7636714782500871,3985844780,INR,9.337501260461833,0.9917,INR,27.353281109541555,0,Technology services,No rating
RUBFILA,Rubfila International Limited,72.34,INR,-1.0125889436234194,26296,3.1496742046761215,3960444415,INR,14.378565323686669,5.0311,INR,-7.255700776079771,2.74047684297068,Process industries,No rating
DJML,DJ Mediaprint & Logistics Ltd,114.49,INR,0.08742022904099513,367828,0.9809183502305303,3956890873,INR,33.64878765613519,3.4025,INR,64.45937454686063,0.0868809730668983,Commercial services,No rating
ALBERTDAVD,Albert David Ltd,684.25,INR,-2.0190448915300383,1714,0.6815380333214044,3949356037,INR,,-2.619,INR,-108.68973754935467,0.722543352601156,Health technology,No rating
RADIANTCMS,Radiant Cash Management Services Limited,36.64,INR,-0.7852694286487928,76166,0.5294279972779979,3948192619,INR,12.128434293280371,3.021,INR,-30.671256454388985,6.75675675675676,Commercial services,No rating
TEAMTECH,Teamtech Formwork Solutions Limited,125.5,INR,-4.271548436308158,44000,0.4661016949152542,3929853600,INR,,,,,0,Producer manufacturing,No rating
GOKUL,Gokul Refoils & Solvent Ltd.,39.61,INR,0.8401221995926637,131018,0.8670544713349161,3912282554,INR,21.229499410440564,1.8658,INR,24.727588742562997,0,Process industries,No rating
MARKOLINES,Markolines Pavement Technologies Limited,178.36,INR,1.4273528575490584,161933,0.34451308244673157,3907854736,INR,14.99050276512414,11.8982,INR,50.00441256193346,0.852272727272727,Industrial services,No rating
ATMASTCO,Atmastco Limited,156.6,INR,-0.5714285714285751,3200,0.35874439461883406,3895713675,INR,15.650296815974096,10.0062,INR,28.347143480157,0,Producer manufacturing,No rating
ATALREAL,Atal Realtech Limited,31.54,INR,0.3180661577608075,7529736,0.927234774803781,3895298099,INR,40.565916398713824,0.7775,INR,137.91309669522644,0,Consumer durables,No rating
CONNPLEX,Connplex Cinemas Limited,204.75,INR,0.5895357406042685,7200,0.11042944785276074,3887805000,INR,14.995605683316244,13.654,INR,,0,Consumer services,No rating
SIGMA,Sigma Solve Ltd,37.93,INR,-0.3677436301549792,32228,0.9269656457810811,3884894114,INR,16.34068585214544,2.3212,INR,24.97038871540865,0.132275132275132,Technology services,No rating
COMMITTED,Committed Cargo Care Limited,330,INR,-2.6548672566371683,2400,0.625,3884804400,INR,37.16216216216216,8.88,INR,23.022360145188557,0.147492625368732,Transportation,No rating
ASAHISONG,Asahi Songwon Colors Ltd.,339.85,INR,2.0723832407268463,248295,5.398668026326375,3883313598,INR,21.346959542219683,15.9203,INR,-5.0061756755950455,0.455304295037183,Process industries,No rating
MOLDTECH,Mold-Tek Technologies Limited,142.39,INR,5.724680724680709,316159,9.289286259945701,3867086911,INR,40.594708632683314,3.5076,INR,-16.948430174740725,0.74487895716946,Industrial services,No rating
AVG,AVG Logistics Ltd.,205.61,INR,0.9673934394028814,21667,1.2650711445603757,3843573471,INR,12.192894544893882,16.8631,INR,16.19146707824601,0.566785105865174,Transportation,No rating
GVKPIL,GVK Power & Infrastructure Limited,2.39,INR,-1.646090534979425,804849,1.465924253777421,3837481200,INR,,-5.317,INR,-248.57350434515325,0,Industrial services,No rating
MEGASTAR,Megastar Foods Ltd.,338.4,INR,-0.704225352112686,1758,0.045282785586782996,3827999827,INR,41.13135536567282,8.2273,INR,144.74357448833885,0,Process industries,No rating
KRITINUT,Kriti Nutrients Limited,78.71,INR,4.653636484510039,5193,0.7763028074266751,3827908962,INR,11.632821968017497,6.7662,INR,-8.359292466885169,0.392670157068063,Process industries,No rating
VGINFOTECH,Virtual Galaxy Infotech Ltd.,152.2,INR,-0.9759271307742355,38000,0.7916666666666666,3822309199.5,INR,,,,,0,Technology services,No rating
ABMKNO,ABM Knowledgeware Limited,197.99,INR,4.144968702330227,620,0.2115174672489083,3819419871,INR,41.915952154123005,4.7235,INR,-34.33016349683017,0.654621628698612,Technology services,No rating
INSPIRISYS,lnspirisys Solutions Limited,99.34,INR,1.4916223947691132,2644,0.8382208413911169,3819066413,INR,9.61534738757574,10.3314,INR,29.034433661808233,0,Technology services,No rating
SINCLAIR,Sinclairs Hotels Limited,73.65,INR,-1.497926976059904,25889,1.2862821086103244,3818869875,INR,41.514007102192664,1.7741,INR,-35.02893137039479,1.0738255033557,Consumer services,No rating
VISHNUINFR,Vishnusurya Projects & Infra Limited,161.35,INR,4.0967741935483835,17000,1.9318181818181819,3814498850,INR,,,,,0.645161290322581,Non-energy minerals,No rating
MBLINFRA,MBL Infrastructure Limited,24.45,INR,-3.1299524564183807,32694,1.2620778308350928,3813231277,INR,,-1.0228,INR,81.01355114163728,0,Industrial services,No rating
ZODIAC,Zodiac Energy Ltd.,245.9,INR,-2.129353233830843,9966,1.6488534462790776,3807098969,INR,18.657056145675266,13.18,INR,0.12686788267379884,0.298507462686567,Producer manufacturing,No rating
MENNPIS,Menon Pistons Limited,73.87,INR,-0.13518994186831731,49137,0.45497095841400437,3806639969,INR,14.728635801730672,5.0154,INR,7.260634316388272,1.33976420150054,Producer manufacturing,No rating
S&SPOWER,S&S Power Switchgear Ltd.,336.8,INR,-3.0233227756982437,1473,0.45295202952029523,3789472738,INR,41.11177569180816,8.1923,INR,,0,Producer manufacturing,No rating
AEPL,Artemis Electricals & Projects Limited,15.14,INR,1.2032085561497308,4688,0.22444582754823575,3770574518,INR,43.87134164010432,0.3451,INR,14.613085353703104,0.033288948069241,Producer manufacturing,No rating
JKIPL,Jinkushal Industries Limited,96.88,INR,0.19650429206742964,13919,0.5827872799212845,3761828156,INR,29.4988124961939,3.2842,INR,,0,Distribution services,No rating
MADHUSUDAN,Madhusudan Masala Limited,237.65,INR,1.9957081545064401,56000,1.0916179337231968,3759455000,INR,16.205140094510096,14.6651,INR,105.69028149852029,0,Consumer non-durables,No rating
ORIENTPPR,Orient Paper & Industries Ltd.,18.21,INR,3.583617747440288,472111,1.500740816560723,3755683531,INR,,-1.3576,INR,47.298136645962735,0,Process industries,No rating
MAXVOLT,Maxvolt Energy Industries Limited,327.7,INR,-4.8075526506899084,58800,1.7093023255813953,3753677214,INR,14.661077233499016,22.3517,INR,,0,Producer manufacturing,No rating
XTGLOBAL,XTGlobal Infotech Ltd.,28.39,INR,1.4290818149339126,134465,3.189972575701502,3731321377,INR,31.43616432288783,0.9031,INR,21.221476510067117,0.179726815240834,Technology services,No rating
AKIKO,Akiko Global Services Ltd.,335,INR,-3.2630667051689324,10400,0.34759358288770054,3729512480,INR,,,,,0,Finance,No rating
HCL_INSYS,HCL Infosystems Limited,11.49,INR,1.322751322751326,139383,0.969230480383901,3726655966,INR,,-0.9999,INR,-55.86905689789556,0,Technology services,No rating
ROSSELLIND,Rossell India Limited,58.89,INR,-0.0848320325754957,16220,0.3040054878425916,3665163583,INR,13.994106743976047,4.2082,INR,7.54958086280924,0.681314937830012,Electronic technology,No rating
MANAKSIA,Manaksia Limited,56.02,INR,0.35829451809387824,13352,0.7353556715793184,3656144709,INR,7.01205392347073,7.9891,INR,-6.4683431675564425,0,Non-energy minerals,No rating
KESORAMIND,Kesoram Industries Ltd,11.45,INR,-2.3037542662116155,637264,1.754415813704782,3653128079,INR,,-2.8366,INR,-101.58365849341966,0,Non-energy minerals,No rating
KOTYARK,Kotyark Industries Ltd.,31.97,INR,0.4714016341923274,111439,1.599742178505494,3618248779,INR,,,,,2.41478125,Process industries,No rating
AVANA,Avana Electrosystems Limited,161.3,INR,1.4465408805031519,48000,1.1374407582938388,3600620031,INR,,,,,0,Producer manufacturing,No rating
MANOMAY,Manomay Tex India Ltd.,206.46,INR,1.8650088809946719,203755,2.6090658812984184,3592600690,INR,19.883468965185152,10.3835,INR,-2.659554522273883,0,Process industries,No rating
SHEMAROO,Shemaroo Entertainment Ltd.,118.97,INR,-1.9855000823858926,9905,0.9211896878836353,3576922225,INR,,-64.7595,INR,-55.75124823227222,0,Consumer services,No rating
DREAMFOLKS,Dreamfolks Services Limited,67.54,INR,0.7608533492466136,28055,0.7947952315119099,3567482799,INR,32.88378207312917,2.0539,INR,-82.91264559068219,0,Transportation,No rating
GSMFOILS,GSM Foils Ltd,271.55,INR,-2.14414414414414,140500,1.9609211444521981,3555232597.5,INR,15.354125908921281,17.6858,INR,87.38332114893572,0,Non-energy minerals,No rating
UYFINCORP,U. Y. Fincorp Limited,18.88,INR,1.6693591814754913,383173,0.646161618904055,3549847438,INR,7.429560837399654,2.5412,INR,312.1978913219789,0,Finance,No rating
MUTHOOTCAP,Muthoot Capital Services Ltd.,215.09,INR,0.617486083173501,32932,1.0994411318915416,3509903368,INR,14.763944373515644,14.5686,INR,-20.864114375108645,0,Finance,No rating
CLAYCRAFT,Clay Craft India Limited,170.2,INR,0,27600,0.40350877192982454,3501061656,INR,,,,,0,Consumer durables,No rating
DBEIL,Deepak Builders & Engineers India Limited,7.39,INR,-0.4043126684636152,76612,0.4650420262944323,3488906261,INR,8.697187242556195,0.8497,INR,-29.262404262404264,1.3351134846462,Industrial services,No rating
BEDMUTHA,Bedmutha Industries Limited,112.18,INR,4.949013004022833,6765,4.6291227589982205,3484499634,INR,55.56215948489351,2.019,INR,-73.75570316257425,0,Non-energy minerals,No rating
VPRPL,Vishnu Prakash R Punglia Ltd.,28.29,INR,1.0357142857142827,464923,4.982964014897779,3480060411,INR,,-12.0405,INR,-356.1154598825832,0,Industrial services,Strong sell
DANGEE,Dangee Dums Ltd.,2.92,INR,-1.0169491525423813,44359,1.147431155165301,3472136270,INR,,-0.1116,INR,-229.20353982300887,0,Consumer non-durables,No rating
TRANSWORLD,Transworld Shipping Lines Ltd,163.89,INR,3.1663099584539673,3657,0.673728813559322,3465996398,INR,,-32.6908,INR,-312.05622693158455,0.95026924295217,Transportation,No rating
GOACARBON,Goa Carbon Limited,376.35,INR,0.18634367097033025,13395,0.3836448986255231,3441710533,INR,,-51.2135,INR,-42.17599635770048,0,Process industries,No rating
HIGREEN,HI-Green Carbon Limited,137,INR,-0.36363636363636365,25600,1.056105610561056,3436125000,INR,99.8760661952322,1.3717,INR,-69.19881438900616,0,Industrial services,No rating
CPEDU,Career Point Edutech Limited,197.32,INR,5.818630342682466,61588,18.85558583106267,3429369144,INR,15.643680530229755,12.6134,INR,23.2656092722351,0,Commercial services,No rating
GRCL,Gayatri Rubbers & Chemicals Ltd.,585,INR,-1.8456375838926176,250,0.45454545454545453,3419848000,INR,60.05358627698561,9.7413,INR,96.29823677581864,0,Producer manufacturing,No rating
SHETHJI,Shreeji Global FMCG Limited,150.05,INR,0.03333333333334091,26000,1.911764705882353,3414000000,INR,,,,,0,Consumer non-durables,No rating
ESFL,Essen Speciality Films Limited,129.9,INR,-4.8700109849871875,36360,1.9238095238095134,3391770912,INR,452.14061956143405,0.2873,INR,-93.90500031822135,0.732332478945441,Producer manufacturing,No rating
SHANKARA,Shankara Building Products Ltd.,140.87,INR,0.5711429999286153,59276,0.23881660161349078,3388843407,INR,9.537253308960429,14.7705,INR,-53.72084935189451,2.14669051878354,Retail trade,No rating
KRITI,Kriti Industries (India) Ltd.,64.64,INR,0.6070038910505845,9157,1.4575175882596376,3378867610,INR,966.2182361733932,0.0669,INR,,0,Producer manufacturing,No rating
BRANDMAN,Brandman Retail Limited,187.2,INR,2.435020519835835,15200,1.7117117117117118,3373050741.5,INR,,,,,0,Retail trade,No rating
VARDHACRLC,Vardhman Acrylics Ltd.,44.04,INR,4.98212157330154,38088,2.6245684635579964,3371258913,INR,12.987702379899142,3.3909,INR,130.36005434782606,3.57568533969011,Consumer non-durables,No rating
SHEETAL,Sheetal Universal Ltd.,291.9,INR,-0.7986406117247316,3000,0.6896551724137931,3370927705.75,INR,29.044198125410436,10.0502,INR,23.82583411364644,0.169923534409516,Consumer non-durables,No rating
COASTCORP,Coastal Corporation Limited,50.07,INR,0.2803925495693983,91336,1.0177926504886934,3348861313,INR,12.69008515815085,3.9456,INR,493.05576431684955,0.44,Transportation,No rating
CLEDUCATE,CL Educate Ltd.,57.86,INR,-4.9917898193760255,25983,1.449539748953975,3346702696,INR,,-4.7912,INR,-130.45695045695044,0,Commercial services,No rating
TAURIAN,Taurian MPS Limited,384,INR,2.127659574468085,25600,0.5507745266781411,3340083200,INR,18.93472450962022,20.2802,INR,,0,Producer manufacturing,No rating
APEXECO,Apex Ecotech Ltd.,256,INR,1.5873015873015872,4800,0.6185567010309279,3322872000,INR,19.8223729548499,12.9147,INR,,0,Utilities,No rating
TIGERLOGS,Tiger Logistics (India) Ltd.,31.85,INR,1.4331210191082893,10733,0.5530421699163197,3315536017,INR,15.597453476983352,2.042,INR,-84.18170128049206,0,Transportation,No rating
NDL,Nandan Denim Limited,2.32,INR,0.4329004329004236,601922,0.9524443966226566,3315384795,INR,9.92301112061591,0.2338,INR,0.6457167455876027,0,Process industries,No rating
TREJHARA,Trejhara Solutions Ltd.,138.01,INR,-0.5333333333333399,4237,0.13821021522563134,3306407194,INR,35.87843810118026,3.8466,INR,69.71542025148906,0,Technology services,No rating
SOMATEX,Soma Textiles & Industries Ltd,99.53,INR,-1.5139521076588176,12803,0.9806745153309384,3303300095,INR,33.48022066738429,2.9728,INR,-85.82477422062007,0,Process industries,No rating
FROG,Frog Innovations Limited,213.5,INR,0.9933774834437059,18800,0.7833333333333333,3288179020,INR,,-1.0109,INR,-105.58866455850158,0,Electronic technology,No rating
MEDICAMEQ,Medicamen Biotech Limited,241.15,INR,-0.28943560057886647,10041,0.6658488063660477,3284913913,INR,28.55096314362502,8.4463,INR,23.111344323465556,0.412881915772089,Health technology,No rating
PURPLEUTED,Purple United Sales Ltd.,332.5,INR,-2.5926468434158556,15500,0.6768558951965066,3280305230,INR,21.0332546826667,15.8083,INR,45.03293638415382,0,Consumer non-durables,No rating
ALPINETEX,Alpine Texworld Limited,81.27,INR,-4.991816693944365,49122,,3273943283,INR,,,,,0,Process industries,No rating
VALIANTLAB,Valiant Laboratories Ltd.,61.51,INR,0.01626016260162278,4633,0.5883473446270288,3267983026,INR,,-0.5502,INR,-16.98915585796301,0,Health technology,No rating
YAAP,YAAP Digital Ltd.,155.3,INR,-0.4487179487179414,27000,0.6801007556675063,3265548000,INR,,,,,0,Technology services,No rating
INFINIUM,Infinium Pharmachem Ltd.,206.1,INR,-1.387559808612443,1500,0.5,3256872080,INR,26.443418013856814,7.794,INR,35.883399002754615,0,Health technology,No rating
PSRAJ,P S Raj Steels Ltd.,90.5,INR,4.866743916570107,22500,5.487804878048781,3252782491,INR,39.7487702037948,2.2768,INR,15.814639605269859,0,Non-energy minerals,No rating
AARTISURF,Aarti Surfactants Ltd.,398.3,INR,4.376310272536684,23122,2.7592873253219086,3244356731,INR,27.331553774471793,14.5729,INR,-15.212711489678602,0.261096605744125,Process industries,No rating
HPTL,HP Telecom India Limited,271.85,INR,0,1200,0.20833333333333334,3239013913.5,INR,12.710576639844398,21.3877,INR,,0,Distribution services,No rating
BELLACASA,Bella Casa Fashion & Retail Ltd.,240.35,INR,0.35490605427974714,4787,0.251492035472618,3231073161,INR,15.891539499087568,15.1244,INR,23.302435166841946,0.828672053035011,Consumer durables,No rating
MODIRUBBER,Modi Rubber Limited,126,INR,0.1112347052280316,8306,6.423820572312452,3230228519,INR,,,,,0,Consumer durables,No rating
PAKKA,Pakka Ltd,71.1,INR,-0.5455308434746127,98784,1.9592652755216793,3225026250,INR,52.64326965792981,1.3506,INR,-87.09658928059616,0,Process industries,No rating
ASHIMASYN,Ashima Limited,18.05,INR,7.121661721068244,567851,0.9089474300050886,3212222984,INR,,-0.8259,INR,30.421229991575405,0,Process industries,No rating
PRIMECAB,Prime Cable Industries Limited,183.75,INR,5,19200,0.234375,3206710500,INR,27.506249719323982,6.6803,INR,,0,Producer manufacturing,No rating
HOACFOODS,HOAC Foods India Limited,722.05,INR,-2.161246612466131,2250,0.625,3203259480,INR,47.378608923884514,15.24,INR,127.2693380258586,0,Process industries,No rating
TRACXN,Tracxn Technologies Ltd.,30.08,INR,1.279461279461276,74741,0.896187954742754,3189381434,INR,,-0.7386,INR,17.942450838795686,0,Technology services,No rating
RUCHIRA,Ruchira Papers Limited,110.42,INR,3.7099652484267893,91315,2.3744084455769987,3179983142,INR,7.467319487932048,14.7871,INR,-34.45085731510542,4.69263256687001,Process industries,No rating
MEDICO,Medico Remedies Ltd.,40.75,INR,7.265069755198731,417055,8.516001641717596,3169988908,INR,25.714646305294377,1.5847,INR,30.28858012003618,0,Health technology,No rating
CGRAPHICS,Creative Graphics Solutions India Ltd.,125.45,INR,-3.4999999999999973,44800,1.8360655737704918,3157180000,INR,16.213037634408604,7.7376,INR,-9.526092396197527,0,Commercial services,No rating
KCPSUGIND,KCP Sugar & Industries Corp. Ltd.,32.08,INR,15.188509874326739,3727198,3.119563234129741,3150970585,INR,32.67135146145228,0.9819,INR,-22.61801560406651,0.359841669665347,Process industries,No rating
SYSTANGO,Systango Technologies Limited,214.9,INR,0.23320895522388058,22000,1.4705882352941178,3144990720,INR,9.890737041707705,21.7274,INR,34.302138706885884,0,Technology services,No rating
HILINFRA,Highway Infrastructure Limited,46.37,INR,5.6986551173922955,192373,6.565384917289795,3142798180,INR,9.80151768162506,4.7309,INR,,0,Transportation,No rating
DYNAMIC,Dynamic Services & Security Limited,140.6,INR,-4.710267705862431,6000,1.643835616438356,3137937795.2,INR,7.257635745146521,19.3727,INR,114.97752871331075,0,Commercial services,No rating
VGL,Varvee Global Limited,61.62,INR,0.6862745098039127,5263,0.30203210274715503,3137581226,INR,,-0.1606,INR,-105.01123315027459,0,Process industries,No rating
OMFREIGHT,Om Freight Forwarders Limited,91.9,INR,-1.1615401161540098,5769,0.5065992254801233,3131816082,INR,20.578158937728116,4.4659,INR,,0,Transportation,No rating
OILCOUNTUB,Oil Country Tubular Limited,56.65,INR,-3.492333901192511,50450,1.3159713799048953,3092337368,INR,,-11.8259,INR,-65.08089395144967,0,Industrial services,No rating
GENUSPAPER,Genus Paper & Boards Ltd,12.59,INR,5.620805369127516,139558,0.9981375841806229,3085511353,INR,24.34261407579273,0.5172,INR,353.28659070990363,0,Process industries,No rating
GOLDTECH,AION-TECH Solutions Limited,57.15,INR,-2.6737057220708453,28885,0.6958245707857265,3083448383,INR,37.26525821596244,1.5336,INR,-46.4394230433416,0,Technology services,No rating
ENCOMPAS,Encompass Design India Limited,230,INR,5.941962229387382,66800,3.0035971223021583,3079247402.3999996,INR,,,,,0,Consumer durables,No rating
FELIX,Felix Industries Ltd,177.6,INR,-0.7544006705783707,15500,0.3103103103103103,3079076338,INR,14.549267621325818,12.2068,INR,135.74353032058707,0,Industrial services,No rating
TAKE,Take Limited,20.84,INR,0.24050024050024393,750641,1.4996641623017088,3071109993,INR,28.40010902153175,0.7338,INR,-71.3616672520782,0,Technology services,No rating
SUNDRMBRAK,Sundaram Brake Linings Limited,786,INR,-1.1320754716981132,232,0.1630816814283706,3068968377,INR,120.46900145605028,6.5245,INR,-50.37270860272306,0.192307692307692,Producer manufacturing,No rating
DEVX,Dev Accelerator Limited,34.16,INR,0.7669616519173983,29916,0.43405022133427357,3066375519,INR,31.70007423904974,1.0776,INR,,0,Finance,No rating
SAHYADRI,Sahyadri Industries Limited.,292.25,INR,3.911111111111111,5414,1.2069734260745495,3061680119,INR,11.031215792850942,26.493,INR,49.10009792555407,0.357525920629246,Non-energy minerals,No rating
MOS,MOS Utility Ltd.,11.85,INR,0,92000,0.16428571428571428,3050668740,INR,8.371008759536592,1.4156,INR,228.97978154775734,0,Technology services,No rating
APOLSINHOT,Apollo Sindoori Hotels Ltd.,1199,INR,2.2165387894288147,535,0.06361398794306845,3050269166,INR,29.68159740960604,40.3954,INR,35.97939879489683,0.213128729752771,Consumer services,No rating
HPAL,HP Adhesives Ltd.,33.39,INR,0.3003905076599622,47936,1.1215303123888671,3050241205,INR,44.06757291804144,0.7577,INR,-61.84217152641386,1.20481927710843,Non-energy minerals,No rating
NATHBIOGEN,Nath Bio-Genes (India) Ltd.,164.88,INR,2.3273133494693723,11662,0.9097078669214868,3035888954,INR,7.806522480209083,21.1208,INR,5.46162680381484,1.25195618153365,Process industries,No rating
FORCAS,Forcas Studio Limited,181.1,INR,4.9550854824688395,56000,0.6410256410256411,3033429000,INR,23.207237685170945,7.8036,INR,59.00079463721757,0,Consumer non-durables,No rating
RBMINFRA,RBM Infracon Limited,290.9,INR,-3.114071606994179,27200,0.9457579972183588,3033425750,INR,6.831300459803585,42.5834,INR,118.23092297442727,0,Industrial services,No rating
VERTOZ,Vertoz Ltd,35.55,INR,-0.08431703204047539,39973,0.8042452592927921,3032483676,INR,11.842499750158233,3.0019,INR,-3.60606255218033,0.281056773468241,Commercial services,No rating
ASCOM,Ascom Leasing & Investments Ltd.,258.75,INR,-1.9886363636363635,500,0.23809523809523783,3031044073,INR,57.971501545906705,4.4634,INR,2.2871023925199405,0,Finance,No rating
RPPINFRA,RPP Infra Projects Ltd.,62.15,INR,1.0569105691056888,19583,0.5767984636772938,3029865646,INR,24.001699235344095,2.5894,INR,-83.21992819834882,0.818196694485354,Industrial services,No rating
ADISOFT,Adisoft Technologies Limited,177.1,INR,-3.4877384196185317,129600,2.4695121951219514,2994353000,INR,,,,,0,Producer manufacturing,No rating
EPWINDIA,EPW India Limited,256.7,INR,-1.2692307692307736,8400,0.9333333333333333,2984696000,INR,,,,,0,Technology services,No rating
CINELINE,Cineline India Limited,82.29,INR,-5.097451274362805,82731,2.614817647672357,2984606324,INR,24.46849632779281,3.3631,INR,,0,Consumer services,No rating
PRITIKAUTO,Pritika Auto Industries Ltd,17.96,INR,-0.2776235424764059,54346,0.25996862925936254,2983906966,INR,8.19642205184374,2.1912,INR,112.1405750798722,0,Producer manufacturing,No rating
SPENCERS,Spencer's Retail Ltd.,33.46,INR,1.2099213551119135,102442,2.6277420943546725,2981567103,INR,,-27.6765,INR,-1.2548703971317248,0,Retail trade,No rating
EXXARO,Exxaro Tiles Ltd.,6.58,INR,0.6116207951070342,472166,1.591759472611641,2979755028,INR,111.71477079796264,0.0589,INR,-76.06663957740756,0,Producer manufacturing,No rating
POLYSIL,Polysil Irrigation Systems Ltd.,112.5,INR,0.4464285714285714,10000,0.8264462809917356,2968570080,INR,78.67132867132868,1.43,INR,,0,Producer manufacturing,No rating
IITL,Industrial Investment Trust Limited,132.59,INR,0.4317527647326111,95106,0.992323800600365,2961620857,INR,,-3.5635,INR,-209.639406805735,0,Finance,No rating
ASHWINI,Ashwini Container Movers Limited,195.35,INR,-0.9381338742393481,17000,0.6719367588932806,2958000000,INR,,,,,0,Transportation,No rating
APCL,Anjani Portland Cement Limited,104.99,INR,1.9617364280858463,2369,0.3971034413396576,2949226299,INR,,-9.7946,INR,64.40061933457879,0,Non-energy minerals,No rating
MAHEPC,Mahindra EPC Irrigation Limited,108.04,INR,2.524198140064539,81080,1.1644857692313215,2930636532,INR,31.580485808658036,3.4211,INR,-11.71126996825724,0,Producer manufacturing,No rating
VARDMNPOLY,Vardhman Polytex Ltd,6.15,INR,2.3294509151414404,181219,0.8497685186270644,2927095188,INR,36.563614744351966,0.1682,INR,,0,Process industries,No rating
SAWALIYA,Sawaliya Food Products Limited,289.6,INR,-1.8471445517708824,37200,1.213307240704501,2926370811,INR,28.87741060566779,10.0286,INR,,0,Consumer non-durables,No rating
HALDER,Halder Venture Ltd.,233.71,INR,-0.353884198857331,29160,1.0633836459180435,2915498803,INR,8.773655383159959,26.6377,INR,34.51006135279117,0.426621160409556,Distribution services,No rating
ICELCO,IC Electricals Company Limited,153.65,INR,-3.728070175438589,241200,0.8336789713811696,2914551360,INR,,,,,0,Electronic technology,No rating
SHREEKARNI,Shree Karni Fabcom Limited,422,INR,4.714640198511166,1350,0.6428571428571429,2913186250,INR,20.01897533206831,21.08,INR,-1.3154814849492176,0,Process industries,No rating
RHL,Robust Hotels Ltd.,168.64,INR,0.7768614796223156,2573,0.0782318923422136,2903275425,INR,11.808614182380907,14.2811,INR,50.03677088586318,0,Consumer services,No rating
GCHOTELS,Grand Continent Hotels Ltd.,113.1,INR,-2.500000000000005,19800,0.8439897698209718,2890650748,INR,22.71905508014945,4.9782,INR,16.618253373313355,0,Consumer services,No rating
SCANSTL,Scan Steels Ltd,48.27,INR,-3.0528218517774572,192347,0.7399697621365012,2883819067,INR,13.020257330132441,3.7073,INR,0.7856676816007,0,Non-energy minerals,No rating
DYNPRO,Dynemic Products Limited,238.21,INR,2.974106255133357,15783,1.5126509488211886,2877792976,INR,14.63574978956617,16.2759,INR,32.002433090024326,0,Consumer non-durables,No rating
NILAINFRA,Nila Infrastructures Limited,7.39,INR,0.9562841530054562,131656,0.9845338390507924,2875391390,INR,11.635962840497559,0.6351,INR,12.566465792272236,0,Industrial services,No rating
NURECA,Nureca Ltd.,315.7,INR,4.661185519161916,41738,0.2832325617692365,2869732352,INR,75.31550444926879,4.1917,INR,,0,Health technology,No rating
ATLANTAA,Atlantaa Ltd,35.36,INR,0.5116543490619663,27048,0.7358197992329603,2865539988,INR,,-0.2119,INR,-105.73369050518168,0,Industrial services,No rating
BTTL,Bhilwara Technical Textiles Limited,48.6,INR,-2.5466212151594068,5569,0.38095824440431236,2859124515,INR,247.4541751527495,0.1964,INR,-84.6921278254092,0,Process industries,No rating
RMC,RMC Switchgears Ltd.,265.65,INR,-0.8953553441522232,33262,1.081026621036176,2844114884,INR,,,,,0,Producer manufacturing,No rating
APRAMEYA,Aprameya Engineering Limited,149.3,INR,0.20134228187920225,4500,0.8490566037735849,2836960000,INR,55.69233064756789,2.6808,INR,-68.32815472041398,0,Distribution services,No rating
AARON,Aaron Industries Ltd.,141.95,INR,4.953789279112746,476997,10.36492591312964,2833011135,INR,43.7428738713753,3.2451,INR,-17.540783656045132,0.44362292051756,Producer manufacturing,No rating
SHRADHA,Shradha Realty Ltd,34.86,INR,0.20120724346076543,23358,0.06546377883903948,2817905668,INR,8.756373866519304,3.9811,INR,26.524709995232797,1.24081632653061,Industrial services,No rating
DCMNVL,DCM Nouvelle Ltd.,145,INR,1.024176130425694,6099,0.7102018002491935,2817538359,INR,74.88509012033259,1.9363,INR,-59.45515840609753,0,Process industries,No rating
ARIHANTACA,Arihant Academy Ltd.,465,INR,-1.0638297872340425,400,0.08403361344537816,2815668000,INR,30.918992240330333,15.0393,INR,104.87276591107238,0.21505376344086,Commercial services,No rating
WTICAB,Wise Travel India Limited,119.6,INR,1.2272534913245778,9000,0.46272493573264784,2813368423.4,INR,9.104195846781561,13.1368,INR,33.98882134551834,0,Finance,No rating
PODDARMENT,Poddar Pigments Limited,252.74,INR,-4.257898325630733,12740,0.7613970500346632,2811649909,INR,18.169662113587346,13.91,INR,-35.32067645923714,1.50943396226415,Process industries,No rating
AXITA,Axita Cotton Ltd.,7.41,INR,0.6793478260869541,189022,0.6456498512104013,2804996894,INR,169.954128440367,0.0436,INR,112.68292682926828,0,Process industries,No rating
RVHL,Ravinder Heights Ltd,45.53,INR,-0.7412252016568482,11867,1.221035518788328,2801973188,INR,5.711382623748714,7.9718,INR,,0,Consumer durables,No rating
PELATRO,Pelatro Limited,260,INR,-1.1406844106463878,1500,0.211864406779661,2787115937,INR,15.11733376747215,17.1988,INR,,0.380228136882129,Technology services,No rating
YASHOPTICS,Yash Optics and Lens Limited,111.3,INR,-0.7579135086937213,2400,0.32967032967032966,2777462040,INR,30.491479918908553,3.6502,INR,-5.716130698695602,0,Health technology,No rating
NDGL,Naga Dhunseri Group Ltd,2736,INR,-1.3876374121463328,23,0.2634593356242841,2774500000,INR,,-93.328,INR,-127.05629964631531,0.0901063254640476,Finance,No rating
EMPOWER,Empower India Limited,2.4,INR,0.8403361344537823,2679426,0.8300561036768861,2758202222,INR,15.483870967741934,0.155,INR,245.98214285714283,0,Distribution services,No rating
MERCANTILE,Mercantile Ventures Ltd,24.69,INR,0.6933115823817362,4890,0.41139799601221577,2749830082,INR,40.27075517860056,0.6131,INR,-60.52919590549153,0,Finance,No rating
ALLETEC,All E Technologies Limited,136.2,INR,0.03672420124861032,12400,1.684782608695652,2749437062.3999996,INR,10.68813710949455,12.7431,INR,-14.660264395065695,1.10172603745869,Technology services,No rating
REMSONSIND,Remsons Industries Limited,79.63,INR,1.6856084791214316,25643,0.22269678221691117,2739379741,INR,15.380900873058795,5.1772,INR,20.658152325906592,0.636618283677107,Producer manufacturing,No rating
TCL,Thaai Casting Limited,109.25,INR,-2.888888888888889,32800,1.7521367521367521,2738411550,INR,20.86038341098297,5.2372,INR,9.548810843600293,0,Producer manufacturing,No rating
PONNIERODE,Ponni Sugars (Erode) Ltd.,311.5,INR,-1.4240506329113924,29277,1.5412029774375928,2733867183,INR,5.413107888540373,57.5455,INR,213.3637918077957,1.57257430413587,Process industries,No rating
SAHAJSOLAR,Sahaj Solar Limited,123.6,INR,-0.6031363088057902,6000,0.9615384615384616,2732220687,INR,9.18017201681546,13.4638,INR,7.404511949966499,0,Electronic technology,No rating
ELGIRUBCO,Elgi Rubber Company Limited,56.62,INR,3.73763283253939,22265,0.32638587562008187,2731729050,INR,,-48.0007,INR,-5409.722222222222,0,Producer manufacturing,No rating
PHANTOMFX,Phantom Digital Effects Ltd.,187.25,INR,9.279252990954191,21300,1.9189189189189189,2728371780,INR,,,,,0,Consumer services,No rating
KRISHCA,Krishca Strapping Solutions Ltd.,164.75,INR,-3.088235294117647,34000,3.366336633663366,2707717500,INR,21.492961788840617,7.6653,INR,-10.341076566776616,0,Producer manufacturing,No rating
ACTIVEINFR,Active Infrastructures Limited,180,INR,0.11123470522802481,600,0.47619047619047616,2702702880,INR,26.434435257662315,6.8093,INR,,0.555555555555556,Industrial services,No rating
PUSHPA,Pushpa Jewellers Limited,107.55,INR,-3.1081081081081106,12000,0.2037351443123939,2688743232,INR,9.398348407392843,11.4435,INR,,0,Consumer durables,No rating
AVONMORE,Avonmore Capital & Management Services Limited,9.29,INR,-1.0649627263045944,98601,0.7982800720225912,2666645866,INR,34.84621155288822,0.2666,INR,-76.54407883160303,0,Finance,No rating
ZEELEARN,Zee Learn Limited,8.16,INR,1.745635910224446,319916,0.8666421234189449,2651346208,INR,6.978534165740187,1.1693,INR,205.2205690420256,0,Consumer services,No rating
FCSSOFT,FCS Software Solutions Limited,1.52,INR,-1.9354838709677438,1434925,1.2062969807876867,2649807224,INR,92.12121212121212,0.0165,INR,0.6097560975609719,0,Commercial services,No rating
BPL,BPL Limited,52.73,INR,-1.9523986612123547,109201,2.395357611332658,2644200823,INR,,-1.7347,INR,-9134.895833333334,0,Electronic technology,No rating
SKP,SKP Bearing Industries Ltd.,159,INR,-1.2422360248447204,2500,0.5617977528089888,2639400000,INR,285.3041449847479,0.5573,INR,-93.02590414215993,0.69811320754717,Producer manufacturing,No rating
CORDSCABLE,Cords Cable Industries Limited,204.57,INR,0.4468231366002144,11767,1.390931227688598,2637267151,INR,12.823614959316975,15.9526,INR,40.58126828580493,0.490196078431373,Producer manufacturing,No rating
STARTECK,Starteck Finance Ltd.,268.7,INR,0.9391435011269723,8020,0.9619536535047737,2629210380,INR,11.27698060627935,23.8273,INR,128.40586656441718,0.0942329438371655,Finance,No rating
SAVY,Savy Infra and Logistics Limited,122.95,INR,-2.498017446471048,21600,0.8108108108108109,2623949328,INR,5.534872623651171,22.2137,INR,,0,Industrial services,No rating
JAINAM,Jainam Ferro Alloys (I) Ltd.,235,INR,-4.8582995951417,16500,13.75,2623894342,INR,41.740674955595026,5.63,INR,-40.56542026476364,0,Producer manufacturing,No rating
UFO,UFO Moviez India Ltd.,68.45,INR,2.1336914353924303,100698,2.626865515901069,2621059403,INR,10.67279956342091,6.4135,INR,160.3621158608371,0,Consumer services,No rating
VOLERCAR,Voler Car Limited,224.85,INR,-4.319148936170215,3200,0.5194805194805194,2618728845,INR,72.08579122852012,3.1192,INR,,0,Transportation,No rating
SAKUMA,Sakuma Exports Limited,1.66,INR,1.2195121951219523,610676,1.179128356844122,2602413057,INR,28.08798646362098,0.0591,INR,-37.39406779661017,0,Distribution services,No rating
IVC,IL&FS Investment Managers Ltd.,8.27,INR,0.4860267314702205,152441,0.7791224758800623,2600191048,INR,67.56535947712418,0.1224,INR,-70.7596751075012,9.42028985507247,Finance,No rating
SUBAHOTELS,Suba Hotels Limited,108.9,INR,1.7281644091546084,12000,0.30959752321981426,2595161337.8,INR,14.496612132426353,7.5121,INR,,0,Consumer services,No rating
UCL,Ushanti Colour Chem Ltd.,190,INR,1.90399570930545,12000,2.1428571428571437,2589175215,INR,,-0.182,INR,92.41540256709452,0,Process industries,No rating
AHLEAST,Asian Hotels (East) Limited,143.95,INR,-1.5591875812076874,5777,1.5143254082675823,2585972986,INR,,-33.9172,INR,-434.74664929630296,0.668672684720829,Consumer services,No rating
SAPPL,Shree Ajit Pulp And Paper Ltd,299.1,INR,1.8906489524782868,2178,2.2623870364599563,2578221691,INR,8.875081228802623,33.7011,INR,189.78228344425526,0,Process industries,No rating
LEMERITE,Le Merite Exports Ltd.,21.33,INR,4.04878048780487,530355,1.086381187459672,2565944000,INR,23.18478260869565,0.92,INR,519.1117092866756,0,Process industries,No rating
TRF,TRF Limited.,232.67,INR,-0.12448489010989888,75520,1.4527938194703613,2563073566,INR,,-5.5427,INR,-125.08803693477573,0,Producer manufacturing,No rating
TECHERA,Techera Engineering India Ltd.,149.4,INR,-3.612903225806448,100000,1.6937669376693767,2560743530,INR,89.284647104524,1.6733,INR,-10.866670217866083,0,Producer manufacturing,No rating
DPWIRES,DP Wires Ltd.,167.86,INR,1.6224724542922915,6372,0.7193578613441146,2560363294,INR,14.800641896062215,11.3414,INR,-20.829581230410533,0,Producer manufacturing,No rating
KMSUGAR,K.M. Sugar Mills Ltd.,28.33,INR,2.4222704266088146,110779,0.7373184475040234,2553004869,INR,4.87901489709808,5.8065,INR,50.26785021091585,0,Process industries,No rating
UCAL,UCAL Limited,117.67,INR,2.4107919930374204,2799,0.2678186985102047,2543066607,INR,,-15.0702,INR,-104.70808769594393,0,Producer manufacturing,No rating
ACSTECH,ACS Technologies Ltd,40.51,INR,-0.759431651151402,222692,0.8404518298505097,2542658105,INR,,,,,,Process industries,No rating
CMNL,Chaman Metallics Ltd.,103.15,INR,-1.7619047619047565,48750,5.2,2534150220,INR,,-1.7274,INR,-142.64448120078012,0,Non-energy minerals,No rating
TRANSTEEL,Transteel Seating Technologies Limited,112.75,INR,0.08877052818463764,23000,0.5450236966824644,2527867126.5,INR,11.56991718915147,9.7451,INR,55.258336386954944,0,Producer manufacturing,No rating
MAHICKRA,Mahickra Chemicals Ltd.,265,INR,2.7330878077146776,1500,0.16806722689075632,2521695984.5,INR,42.20887819951261,6.2783,INR,101.3566388710712,0.0581508044194611,Process industries,No rating
CKKRETAIL,C K K Retail Mart Limited,130,INR,0,800,0.17857142857142858,2517840000,INR,,,,,0,Distribution services,No rating
LOTUSEYE,Lotus Eye Hospital And Institute Ltd,118.95,INR,-0.09239039139929399,65528,1.5774940839157134,2496599420,INR,2812.0567375886526,0.0423,INR,-88.10126582278481,0,Health services,No rating
JAINIK,Jainik Power and Cables Ltd.,178.4,INR,2.5287356321839116,9600,0.2476780185758514,2496499800,INR,17.54196206452374,10.1699,INR,,0,Non-energy minerals,No rating
SETCO,Setco Automotive Limited,18,INR,0,67306,0.9548887221095911,2496097293,INR,,-9.7587,INR,-18.4236393422729,69.6677384780279,Producer manufacturing,No rating
SURANAT&P,Surana Telecom & Power Ltd.,18.12,INR,-0.7123287671232822,37999,0.6521709282009647,2488480130,INR,10.786998452196691,1.6798,INR,-5.181756604199599,0,Distribution services,No rating
AMBALALSA,Ambalal Sarabhai Enterprises Limited,31.59,INR,-2.469898116702688,58849,0.9703114282699309,2486750421,INR,13.59762396694215,2.3232,INR,261.02564102564105,0,Health technology,No rating
GEEKAYWIRE,Geekay Wires Ltd.,23.91,INR,0.5044136191677216,82660,1.1365714482142244,2486530816,INR,,,,,1.36612021857924,Non-energy minerals,No rating
RNBDENIMS,R&B Denims Ltd,9.32,INR,0.5393743257821004,221590,1.0209333023107952,2483266880,INR,10.833430198767873,0.8603,INR,-15.482856862167212,0,Process industries,No rating
NIPPOBATRY,Indo National Limited,333.4,INR,2.1759117376647152,1501,0.6776523702031603,2482500000,INR,,-35.1161,INR,-121.2803310210421,1.51057401812689,Producer manufacturing,No rating
SUMIT,Sumit Woods Ltd.,52.05,INR,-4.879385964912284,45218,0.6245744018144123,2477106222,INR,24.702197332827108,2.1071,INR,-30.6875,0,Finance,No rating
DIAMINESQ,Diamines & Chemicals Ltd.,247.84,INR,0.3807209396516799,1824,0.52738102122246,2474642246,INR,,-12.9963,INR,-565.6669891432871,0.406256347755434,Process industries,No rating
EQUIPPP,Equippp Social Impact Technologies Limited,25.03,INR,4.248229904206578,231519,5.949916862196842,2473254547,INR,210.159529806885,0.1191,INR,111.17021276595747,0,Technology services,No rating
SPUNWEB,Spunweb Nonwoven Limited,102.15,INR,0.14705882352941735,7200,1.7647058823529411,2458547718,INR,10.668073062984972,9.5753,INR,,0,Process industries,No rating
VIKASLIFE,Vikas Lifecare Limited,1.27,INR,-3.0534351145038197,3656429,1.6173713792117708,2452122239,INR,,-0.7179,INR,-1217.2477064220184,0,Distribution services,No rating
INM,Interiors & More Ltd.,180,INR,2.857142857142857,4200,1.044776119402985,2448390000,INR,10.50481470674059,17.135,INR,100.28520332425515,0.285714285714286,Producer manufacturing,No rating
SIMCA,Simca Advertising Limited,208.55,INR,2.5319567354965615,50400,0.7094594594594594,2435023440,INR,,,,,0,Commercial services,No rating
BIMETAL,Bimetal Bearings Limited,650.8,INR,-2.487264009589455,1196,0.7635342185903983,2414340077,INR,21.23909978591196,30.6416,INR,4.167502388180459,2.0595690747782,Producer manufacturing,No rating
SAHLIBHFI,Shalibhadra Finance Limited,78.2,INR,0.3464647760810933,6670,0.5759184906963692,2409604230,INR,12.418020421450464,6.2973,INR,16.31081230837427,0.512754775028842,Finance,No rating
MAGSON,Magson Retail and Distribution Limited,182,INR,1.1111111111111112,1000,0.2702702702702703,2406321720,INR,324.99999999999994,0.56,INR,9.6319498825372,0,Retail trade,No rating
IPSL,Integrated Personnel Services Ltd.,244.8,INR,4.1702127659574515,2000,0.3053435114503817,2400057350,INR,19.147288640683296,12.7851,INR,56.0357347718369,0.0425531914893617,Commercial services,No rating
SRD,Shankar Lal Rampal Dye-Chem Ltd.,37.63,INR,-0.7647679324894492,12087,0.30242828368758834,2395556020,INR,17.847656991083287,2.1084,INR,18.38293093767547,0.133511348464619,Distribution services,No rating
FINBUD,Finbud Financial Services Limited,124.75,INR,-0.6767515923566834,14000,0.7526881720430108,2392614688,INR,18.709319415699333,6.6678,INR,,0,Finance,No rating
CUDML,Cash Ur Drive Marketing Limited,135.4,INR,0,3000,0.38461538461538464,2389241320,INR,6.864420098454238,19.7249,INR,,0,Commercial services,No rating
DSFCL,DCM Shriram Fine Chemicals Limited,27.38,INR,-1.969208736126032,25876,0.40385311707932225,2387065671,INR,,,,,,Process industries,No rating
INNOMET,Innomet Advanced Materials Limited,180.5,INR,-1.982079826228621,7200,0.14833127317676142,2382926412.7000003,INR,148.5229984366,1.2153,INR,-16.686090354425176,0,Non-energy minerals,No rating
GLOBECIVIL,Globe Civil Projects Ltd.,40.15,INR,2.292993630573245,48971,3.192830784075943,2379205040,INR,9.55588347296268,4.2016,INR,,0,Industrial services,No rating
AGARWALTUF,Agarwal Toughened Glass India Limited,135.5,INR,0.7809594644849472,30000,0.6329113924050633,2376349970,INR,11.0932818102926,12.2146,INR,,0,Process industries,No rating
SILGO,Silgo Retail Ltd,74.31,INR,0.3375641371860653,110292,0.7362931393597588,2368875754,INR,34.03407529541083,2.1834,INR,-4.081184378157545,0,Consumer durables,No rating
CPS,C P S Shapers Ltd.,1030,INR,-0.9139009139009139,300,0.1,2368001790,INR,2229.919896081403,0.4619,INR,-31.74227870548249,0,Consumer non-durables,No rating
ELGNZ,Eleganz Interiors Ltd.,103.3,INR,-1.384248210023869,17000,0.26033690658499237,2367310928.25,INR,10.280550551845623,10.0481,INR,,0,Industrial services,No rating
MARALOVER,Maral Overseas Limited,58.7,INR,4.8214285714285765,28139,2.5703585293445994,2361805230,INR,74.40740271263785,0.7889,INR,,0,Process industries,No rating
SHIVAMAUTO,Shivam Autotech Limited,17.4,INR,1.9929660023446654,1833,0.08713468083892373,2360339371,INR,,-7.1332,INR,-85.49473410479783,0,Producer manufacturing,No rating
ANNAPURNA,Annapurna Swadisht Limited,126.25,INR,-2.5096525096525095,101750,2.8421787709497206,2355605000,INR,8.776930403286917,14.3843,INR,45.89575324820221,0,Consumer non-durables,No rating
OLIL,Oneclick Logistics India Limited,418,INR,-0.4761904761904762,3200,0.7843137254901961,2349128460,INR,73.20490367775832,5.71,INR,-3.0033294829109205,0,Transportation,No rating
UNITEDTEA,United Nilgiri Tea Estates Co. Ltd.,472.95,INR,0.6704980842911828,660,0.13820252952508585,2347386561,INR,10.769497013596503,43.9157,INR,18.545622398462427,0.638569604086845,Consumer non-durables,No rating
CHEMBOND,Chembond Material Technologies Limited,171.85,INR,-1.3773314203730305,3054,0.7262782401902493,2346053794,INR,15.800410065923153,10.8763,INR,-55.58536595325892,1.00315276583548,Process industries,No rating
BAGDIGITAL,B.A.G. Convergence Ltd.,108.5,INR,-1.2289485662266677,8000,0.211864406779661,2330885180,INR,,,,,0,Consumer services,No rating
COOLCAPS,Cool Caps Industries Limited,20.5,INR,1.7369727047146473,48750,0.5045278137128072,2329340000,INR,34.91739056378811,0.5871,INR,-43.30822711471611,0,Producer manufacturing,No rating
BCONCEPTS,Brand Concepts Ltd.,192.19,INR,3.0343644453975216,6405,0.5799634183885982,2328244563,INR,222.54515979620194,0.8636,INR,-84.58160004284872,0,Consumer durables,No rating
PROPEQUITY,P.E. Analytics Limited,221.9,INR,0,3600,1.1320754716981132,2325978877.6,INR,14.823969537043224,14.969,INR,21.706113356044643,0,Technology services,No rating
BIRLAPREC,Birla Precision Technologies Limited,34.21,INR,0.05849663644341365,14104,0.4768537927863354,2325179825,INR,20.523126762253284,1.6669,INR,87.96797474064051,0.147058823529412,Producer manufacturing,No rating
STARPAPER,Star Paper Mills Ltd.,150.53,INR,1.8815566835871413,62899,1.91090020324524,2321742033,INR,7.174244590601468,20.982,INR,-20.403634225450958,2.35294117647059,Process industries,No rating
OPTIVALUE,Optivalue Tek Consulting Limited,118.95,INR,19.9697428139183,1073600,7.703788748564868,2321240310,INR,,,,,0,Technology services,No rating
JAYSREETEA,Jay Shree Tea & Industries Ltd.,80.53,INR,-0.1859196826970819,19965,0.6231642950112523,2312509379,INR,,-8.678,INR,-135.02922465850745,0.624375624375624,Process industries,No rating
VETO,Veto Switchgears & Cables Ltd.,121.14,INR,-0.29629629629629584,11860,0.41940879626846406,2305263653,INR,9.218546674885282,13.1409,INR,13.936792820912993,0.829187396351575,Producer manufacturing,No rating
AARVI,Aarvi Encon Ltd.,157.32,INR,1.5688553166763555,16612,0.2913941205465131,2299202640,INR,7.662932294203603,20.53,INR,203.9365182761633,1.29123894376654,Commercial services,No rating
MANAKALUCO,Manaksia Aluminium Company Ltd,35.2,INR,-0.08515469770080622,32269,0.19761265250082366,2298934594,INR,30.624673742822345,1.1494,INR,24.59620596205962,0.199543899657925,Non-energy minerals,No rating
CSSL,Clear Secured Services Ltd.,98,INR,3.1578947368421053,11000,1.3253012048192772,2284475640,INR,5.9667687511796546,16.4243,INR,,0,Commercial services,No rating
GENCON,Generic Engineering Construction & Projects Ltd.,40.46,INR,-0.14807502467917638,266584,1.0209412755025642,2279448700,INR,26.962548314007734,1.5006,INR,-29.621986680423984,0,Industrial services,No rating
VMSTMT,Vms Tmt Limited,44.02,INR,-0.06810442678772766,13789,0.9243134179285566,2278568859,INR,,,,,0,Non-energy minerals,No rating
EFACTOR,E Factor Experiences Ltd.,175,INR,1.039260969976912,8400,1.4788732394366197,2274358133.6000004,INR,,,,,0.69284064665127,Commercial services,No rating
PAVNAIND,Pavna Industries Limited,16.22,INR,0.8079552517091299,26945,0.5700871898054997,2270153144,INR,14.814138277468262,1.0949,INR,23.536048741960965,0,Producer manufacturing,No rating
LYKALABS,Lyka Labs Limited,64.41,INR,3.0065568527106916,8337,0.6407310343767532,2268813202,INR,,-2.8108,INR,-225.14135612840036,0,Health technology,No rating
RCOM,Reliance Communications Limited,0.83,INR,1.2195121951219523,2332156,1.0303769898100676,2267737007,INR,,-40.5438,INR,-18.771732984922025,0,Communications,No rating
GOLDKART,Goldkart Jewels Ltd,128.25,INR,-5,1250,1.1764705882352942,2266022100,INR,60.546690586346905,2.1182,INR,7.2072072072072,0,Retail trade,No rating
SINTERCOM,Sintercom India Ltd.,81.37,INR,-0.8166747927840099,1780,0.015350332533046334,2258382583,INR,157.23671497584544,0.5175,INR,113.7546468401487,0,Producer manufacturing,No rating
NITIRAJ,Nitiraj Engineers Ltd.,218.95,INR,-0.5766960312414905,7201,0.6995744846212136,2257475322,INR,211.26013122346583,1.0364,INR,-78.00836038788805,0.681137044773408,Electronic technology,No rating
WORTHPERI,Worth Peripherals Ltd.,143.31,INR,0.3360638521318979,5803,0.18925582639210492,2249715417,INR,15.431081823174079,9.2871,INR,-5.2259368111682605,0.700133025274802,Process industries,No rating
SHIVASHRIT,Shivashrit Foods Limited,125,INR,1.6260162601626018,35000,2.0833333333333335,2247087000,INR,16.24938252346411,7.6926,INR,,0,Consumer non-durables,No rating
ALMONDZ,Almondz Global Securities Limited,12.98,INR,0.9331259720062286,37496,0.792673645757584,2245712814,INR,8.114021379008564,1.5997,INR,57.8235990528808,0,Finance,No rating
DAICHI,Dai-Ichi Karkaria Limited,302.5,INR,-0.7545931758530221,299,0.19266705328951605,2237231536,INR,,-1.0039,INR,-108.29299320964199,1.16569525395504,Process industries,No rating
RADIOCITY,Music Broadcast Ltd.,6.58,INR,2.8124999999999956,106089,0.8151618928776969,2222758596,INR,,-1.2156,INR,-8.895458210158553,0,Consumer services,No rating
TAMBOLIIN,Tamboli Industries Ltd,215.1,INR,1.1521279097107868,1906,0.5282412283132865,2222080017,INR,21.762224178225633,9.8841,INR,27.097263656002475,0.446428571428571,Finance,No rating
BALAJEE,Shree Tirupati Balajee Agro Trading Company Limited,27.13,INR,0.22164758034724316,17501,0.21855678342759877,2218727296,INR,20.08736857692877,1.3506,INR,-58.87332521315468,0,Process industries,No rating
A2ZINFRA,A2Z Infra Engineering Limited,12.34,INR,-0.9630818619582744,290010,1.0628243105714756,2210153275,INR,49.85858585858586,0.2475,INR,-51.42296368989204,0,Industrial services,No rating
AFFORDABLE,Affordable Robotic & Automation Ltd.,184.13,INR,0.34879284974657276,7372,0.2364169301717005,2209046028,INR,29.72523569675836,6.1944,INR,19.557622898612266,0,Producer manufacturing,No rating
PIGL,Power & Instrumentation (Gujarat) Ltd.,109.07,INR,3.590084528445234,68901,0.8504479907377807,2208868496,INR,13.724675978356611,7.947,INR,2.378130475110786,0.1899515623516,Industrial services,No rating
GULFPETRO,GP Petroleums Limited,45.44,INR,4.990757855822543,193586,2.167403741728898,2204553739,INR,,,,,0,Energy minerals,No rating
AERONEU,Aeroflex Neu Limited,86.64,INR,1.4757554462403435,41956,0.8626691422450041,2192659960,INR,138.07171314741038,0.6275,INR,700.3826530612243,0,Process industries,No rating
SILKFLEX,Silkflex Polymers (India) Ltd.,197.9,INR,4.986737400530507,10000,1.36986301369863,2187919500,INR,18.902165296044778,10.4697,INR,,0,Distribution services,No rating
TECHLABS,Trident Techlabs Limited,128,INR,1.22578094108343,22250,0.7229894394800975,2185190416.35,INR,50.90070386129558,2.5147,INR,-62.21961809468007,0.790826413602214,Distribution services,No rating
KALYANIFRG,Kalyani Forge Limited,604,INR,0.3488951653098559,2464,1.9566425792106727,2177706718,INR,23.576067949038222,25.6192,INR,12.092547056713073,0.668225860340795,Producer manufacturing,No rating
MAHESHWARI,Maheshwari Logistics Ltd.,73.5,INR,0.47846889952152327,6559,0.41556318663912717,2165035114,INR,12.921713753274378,5.6881,INR,-7.208809135399666,0,Transportation,No rating
BALAJIPHOS,Balaji Phosphates Ltd.,87.95,INR,-3.0853994490358096,8000,0.12030075187969924,2157771825,INR,20.478252770792587,4.2948,INR,12.11235251122482,0,Process industries,No rating
SATKARTAR,Sat Kartar Life Limited,131.6,INR,-3.6603221083455346,12800,0.274442538593482,2157634701.6,INR,12.121993681088401,10.8563,INR,,0.512445095168375,Health technology,No rating
ASMS,Avio Smart Market Stack Ltd,7.01,INR,0.14285714285713982,128174,1.2059406033748723,2153357687,INR,35.42193026781203,0.1979,INR,335.9030837004405,0,Electronic technology,No rating
ALANKIT,Alankit Limited,7.88,INR,-1.0050251256281415,65841,0.8119677092351292,2150283536,INR,11.170966827332009,0.7054,INR,-3.67335791342345,0,Technology services,No rating
NOVAAGRI,Nova Agritech Limited,23.17,INR,1.5782551512494654,18660,0.2903331206920695,2140908429,INR,16.297390448055147,1.4217,INR,-53.32873744337206,0,Process industries,No rating
QMSMEDI,QMS Medical Allied Services Limited,112.13,INR,1.3833634719710681,10371,0.4500657457916184,2138721085.1999998,INR,20.459438747582382,5.4806,INR,-19.09717609199475,0.452079566003617,Distribution services,No rating
INTENTECH,Intense Technologies Limited,89.02,INR,-1.580983969043678,18288,0.45926554679671827,2137012293.0000002,INR,,-7.555,INR,-209.4530967040927,1.10558319513543,Technology services,No rating
SSFL,Srivari Spices and Foods Limited,260,INR,4.417670682730924,13500,0.48300536672629696,2134029599.9999998,INR,13.725386686374913,18.943,INR,47.9690673332292,0.200803212851406,Consumer non-durables,No rating
AAREYDRUGS,Aarey Drugs & Pharmaceuticals Ltd.,75.95,INR,-1.9999999999999962,3868,0.2858599818196599,2124304356,INR,47.71028330925309,1.5919,INR,11.173964662336767,0,Health technology,No rating
MADHAVBAUG,Vaidya Sane Ayurved Laboratories Limited,191.9,INR,-4.999999999999997,1600,0.37383177570093457,2123716900,INR,23.765883139722092,8.0746,INR,71.77807088456795,0,Health services,No rating
SONAMLTD,Sonam Ltd,55.99,INR,5.62158083380495,162741,2.2204560680131586,2122096320,INR,36.61152161119466,1.5293,INR,-23.44313175810973,0,Consumer durables,No rating
TEAMGTY,Team India Guaranty Ltd,229.49,INR,1.2217713479181416,888,0.6016260162601627,2119685370.0000002,INR,270.1789498469508,0.8494,INR,-67.45469175064179,0,Finance,No rating
RVTH,Revathi Equipment India Ltd.,709.5,INR,3.5690825487190785,588,0.8221476510067114,2118644303,INR,15.723618892277145,45.1232,INR,-31.406090622059473,0,Industrial services,No rating
KATARIA,Kataria Industries Limited,99.95,INR,1.6785350966429358,600,0.10752688172043011,2116520400.5,INR,18.069893153508218,5.5313,INR,8.70624766621464,0,Producer manufacturing,No rating
MASON,Mason Infratech Limited,125.25,INR,4.375,21500,0.4584221748400853,2108699999.9999998,INR,12.38553883274331,10.1126,INR,3.9898813318799733,0,Industrial services,No rating
EXIMROUTES,Exim Routes Limited,116.2,INR,3.7500000000000027,4800,0.10084033613445378,2100224000.0000002,INR,13.907673157712056,8.3551,INR,,0,Distribution services,No rating
MADHAVIPL,Madhav Infra Projects Ltd.,7.81,INR,-0.509554140127389,116737,0.8253470201831308,2100040446.9999998,INR,7.694581280788178,1.015,INR,6.204876007115194,0,Utilities,No rating
PKTEA,Peria Karamalai Tea & Produce Co. Ltd.,698,INR,3.079081444288566,72,0.10106681639528355,2096374432,INR,,-21.5417,INR,-2864.9467334103447,0.147677767112161,Process industries,No rating
IWP,Indian Wood Products Co. Ltd.,32.88,INR,1.6069221260815918,2234,0.4645070071110742,2095106491,INR,46.0762331838565,0.7136,INR,-13.733075435203098,0.458015267175573,Consumer non-durables,No rating
BASML,Bannari Amman Spinning Mills Limited,26.99,INR,1.2378094523630845,127797,1.6260711899990452,2093140761,INR,15.162069546654681,1.7801,INR,67.61770244821092,0,Process industries,No rating
MARC,Marc Technocrats Limited,115.55,INR,-4.385601985932973,28800,0.7973421926910299,2092322335.55,INR,,,,,0,Industrial services,No rating
ZODIACLOTH,Zodiac Clothing Company Limited,75.84,INR,0,931,0.023389667846618042,2091211417.9999998,INR,,-13.4547,INR,5.974310952088101,0,Consumer non-durables,No rating
FIDEL,Fidel Softech Ltd.,164,INR,7.894736842105263,33000,5.32258064516129,2090085120.0000002,INR,16.33059497137167,10.0425,INR,47.923110914715,1.31578947368421,Technology services,No rating
GLOBALVECT,Global Vectra Helicorp Limited,159.71,INR,7.223900637797932,113359,18.40661838729581,2088099914.9999998,INR,,-23.0622,INR,-4866.020671834625,0,Industrial services,No rating
VSTL,Vibhor Steel Tubes Ltd.,111.33,INR,0.17095555155659323,9246,1.1673800234839589,2086817054,INR,23.99612027158099,4.6395,INR,-25.256154143575205,0,Non-energy minerals,No rating
GRAVISSHO,Graviss Hospitality Limited,29.45,INR,-3.600654664484456,2818,1.7483558754187865,2085955994,INR,,-0.0937,INR,-107.03664764193452,0,Consumer services,No rating
PRATHAM,Pratham EPC Projects Ltd.,114.15,INR,-2.685421994884903,4800,1.0256410256410255,2083248000,INR,33.76719420204112,3.3805,INR,-56.37501613111369,0,Industrial services,No rating
SSDL,Saraswati Saree Depot Limited,52.93,INR,0.8766914427291802,6291,0.30584712019485544,2080177451,INR,8.988706801392546,5.8885,INR,-23.733972283382986,7.20540643441843,Distribution services,No rating
PILITA,PIL Italica Lifestyle Limited,8.73,INR,-1.689189189189193,134970,2.1575074770254306,2077400036,INR,65.3932584269663,0.1335,INR,-40.534521158129174,0,Producer manufacturing,No rating
SIKKO,Sikko Industries Ltd.,5.02,INR,6.808510638297858,1714553,1.488816550300298,2052959859,INR,44.50354609929078,0.1128,INR,-11.181102362204728,0,Process industries,No rating
SAKHTISUG,Sakthi Sugars Limited,17.2,INR,-0.4629629629629736,40599,0.44617913984214097,2051334409,INR,7.260447446179822,2.369,INR,-64.79312804660564,0,Process industries,No rating
GIRIRAJ,Giriraj Civil Developers Ltd.,81.5,INR,-4.956268221574344,7000,0.5313092979127134,2051182875,INR,12.90782388343364,6.314,INR,-15.540811685705872,0,Industrial services,No rating
GOYALSALT,Goyal Salt Limited,114.05,INR,0.043859649122804524,1200,0.21739130434782608,2040628500,INR,17.97591652744066,6.3446,INR,-14.266796389384364,0,Consumer non-durables,No rating
SMARTLINK,Smartlink Holdings Limited,210.6,INR,4.309063893016339,6291,0.4413374116062409,2038890017,INR,15.980695683846294,13.1784,INR,99.02138455962304,0,Electronic technology,No rating
FWSTC,Flywings Simulator Training Centre Limited,200,INR,0,63000,2.37020316027088,2035425600,INR,48.030739673390975,4.164,INR,,0,Commercial services,No rating
CCHHL,Country Club Hospitality & Holidays Limited,12.69,INR,-0.3924646781789695,12626,0.6747938367475642,2031866730,INR,,-1.0862,INR,-514.7384497899961,0,Consumer services,No rating
KORE,Jay Jalaram Technologies Ltd.,177.2,INR,5.791044776119396,5750,1.7037037037037037,2030937500,INR,20.631039701944346,8.589,INR,63.03171801150277,0,Distribution services,No rating
MACOBSTECH,Macobs Technologies Ltd.,207,INR,-0.04828585224528938,25600,1.7297297297297298,2028585920,INR,77.43528355528954,2.6732,INR,0.4773538808494703,0,Retail trade,No rating
KOTARISUG,Kothari Sugars & Chemicals Ltd.,24.84,INR,1.5950920245398796,39790,1.2872731743140635,2026625852,INR,31.14343029087262,0.7976,INR,-36.58265087063688,0,Process industries,No rating
SHIVATEX,Shiva Texyarn Limited,154.75,INR,-0.10973405628710788,12670,4.502007604022315,2020886915,INR,19.640568085187393,7.8791,INR,-15.329479023383769,0.384862091084028,Process industries,No rating
JMA,Jullundur Motor Agency (Delhi) Ltd,88.88,INR,0.5998868138087167,3391,0.6157617577628473,2018007167,INR,6.835713681425593,13.0023,INR,15.346332635463616,2.26372382569327,Producer manufacturing,No rating
NECLIFE,Nectar Lifesciences Ltd.,10.41,INR,1.067961165048538,56490,0.6280777086337613,2000888039,INR,,-13.4115,INR,-164.57359294549332,0,Health technology,No rating
RRIL,RRIL Limited,16.45,INR,-1.0823812387251937,16410,0.9068252275352149,2000035732,INR,23.090960134755754,0.7124,INR,26.133144475920695,0,Process industries,No rating
SPCENET,Spacenet Enterprises India Ltd.,3.44,INR,-1.9943019943019897,400917,0.6477685891926923,1992752578,INR,11.801029159519727,0.2915,INR,37.759924385633255,0.284900284900285,Commercial services,No rating
CURRENT,Current Infraprojects Limited,104,INR,-0.9523809523809524,11200,0.9333333333333333,1991392000,INR,13.570999817313464,7.6634,INR,,0,Industrial services,No rating
JAYBEE,Jay Bee Laminations Limited,89.9,INR,2.159090909090916,14000,0.8484848484848485,1985948800,INR,11.10850251454979,8.0929,INR,-28.056716152546894,0,Non-energy minerals,No rating
VIKASECO,Vikas EcoTech Limited,1.12,INR,0.9009009009009016,2595664,1.2978492613951553,1980955165,INR,85.49618320610688,0.0131,INR,-88.50877192982456,0,Process industries,No rating
SICAGEN,Sicagen India Limited,50.94,INR,0.6122852063993584,9920,1.1512928833387495,1980562653,INR,11.14831593460705,4.5693,INR,5.6778759424580185,1.998001998002,Distribution services,No rating
TAINWALCHM,Tainwala Chemicals & Plastics (India) Ltd,204.11,INR,1.1096250061921082,1581,0.03300178472649849,1966411228,INR,17.7183433596361,11.5197,INR,119.2683251803491,1.42857142857143,Process industries,No rating
DHARARAIL,Dhara Rail Projects Limited,131.95,INR,1.4999999999999913,3000,0.8333333333333334,1960920000,INR,,,,,0,Industrial services,No rating
ASPINWALL,Aspinwall and Company Limited,246.9,INR,-1.3977635782747604,1339,0.2533969191173688,1957699230,INR,14.66805287390465,16.8325,INR,-9.430134893005693,2.59584664536741,Transportation,No rating
KAVDEFENCE,Kavveri Defence & Wireless Technologies Limited,57.37,INR,0.5432877672625223,45791,0.6344888935692027,1956582813,INR,195.26889040163374,0.2938,INR,-86.96308129215478,0,Electronic technology,No rating
SPEB,SPEB Adhesives Ltd.,85.9,INR,-1.2643678160919474,4000,0.8695652173913043,1954417590,INR,25.98620522749274,3.3056,INR,,0,Process industries,No rating
VIPCLOTHNG,VIP Clothing Limited,21.83,INR,2.1525503041647043,14288,0.2778047822553442,1948600225,INR,20.256100955739072,1.0777,INR,74.97970449748337,0,Consumer non-durables,No rating
ESSENTIA,Integra Essentia Limited,1.08,INR,-2.702702702702705,1192688,0.925662435057651,1948364381,INR,163.63636363636365,0.0066,INR,-82.76762402088772,0,Consumer non-durables,No rating
DRCSYSTEMS,DRC Systems India Limited,13.58,INR,1.2677106636838176,24048,0.46552685374465713,1940775545,INR,9.434486591635403,1.4394,INR,27.617696604308904,0,Technology services,No rating
UHTL,United Heat Transfer Ltd.,103.75,INR,1.715686274509804,16000,0.2826855123674912,1938408000,INR,39.44267031630171,2.6304,INR,-5.733944954128446,0,Producer manufacturing,No rating
SHREEDHAR,Shreedhar Spinners Limited,85,INR,-5.607995558023317,10000,0.07112375533428165,1930491900,INR,,,,,0,Process industries,No rating
SURYALA,Suryalata Spinning Mills Limited,422.5,INR,-3.977272727272727,2050,0.7392448883920523,1928470792,INR,5.085496525011013,83.0794,INR,130.493756259693,0.442526828188959,Process industries,No rating
NEAGI,Neelamalai Agro Industries Limited,3035.1,INR,-3.1711596745892514,1,0.0684931506849315,1919061355,INR,6.483196471548463,468.1487,INR,25.525861375519515,0.972447325769854,Consumer non-durables,No rating
ABANSENT,ABans Enterprises Ltd.,26.49,INR,1.1068702290076302,8568,1.8089306449910272,1918094368,INR,46.64553618594823,0.5679,INR,-78.98223538119912,0,Distribution services,No rating
RACE,Race Eco Chain Ltd.,109.03,INR,-0.20137299771166944,9795,2.3844880471298504,1915549015,INR,27.37933805434182,3.9822,INR,-8.062058456849982,0,Process industries,No rating
DUGLOBAL,Dudigital Global Limited.,25.95,INR,-2.259887005649723,45000,1.065088757396445,1910053197,INR,32.240029817368615,0.8049,INR,63.49786715417427,0,Commercial services,No rating
SHREYANIND,Shreyans Industries Limited,143,INR,3.137396321673274,10292,1.0868807620415448,1904393724,INR,30.565352142780807,4.6785,INR,-87.21787666760468,2.17785843920145,Process industries,No rating
CPCAP,CP Capital Ltd,108.33,INR,-0.1474790303253725,10724,0.47652903432217697,1901162205,INR,4.629249782062458,23.4012,INR,-22.05861291429219,3.82775119617225,Consumer services,No rating
AIRAN,Airan Ltd.,15.03,INR,0,65571,1.7749907962838642,1900303925,INR,16.13699806742538,0.9314,INR,-37.02501690331305,0,Technology services,No rating
GILLANDERS,Gillanders Arbuthnot & Co. Ltd.,88.14,INR,0.18185951352579743,287,0.11412892193898178,1897334609,INR,19.873731679819617,4.435,INR,-64.57752609761746,0,Consumer non-durables,No rating
AKSHARCHEM,AksharChem India Ltd.,235,INR,-0.6678501986643048,1734,0.9262325730463117,1895811405,INR,,-0.5448,INR,-109.17418833355788,0.317796610169492,Process industries,No rating
BROOKS,Brooks Laboratories Limited,63.95,INR,-0.17171401810802284,8324,0.4111206049261352,1891155276,INR,7.660058693178416,8.3485,INR,,0,Health technology,No rating
MURUDCERA,Murudeshwar Ceramics Limited,30.66,INR,0.855263157894742,6283,0.2625464878191467,1889012201,INR,16.82489162047961,1.8223,INR,12.12773812453852,1.6025641025641,Producer manufacturing,No rating
LANCORHOL,Lancor Holdings Limited,25.3,INR,-1.9759783029833322,54742,0.6144248760027252,1883629886,INR,4.586490700119647,5.5162,INR,748.2546516992159,0.780944943381492,Finance,No rating
PLAZACABLE,Plaza Wires Limited,42.8,INR,-0.23310023310023645,10795,0.6764971298222745,1881339397,INR,25.679486410271792,1.6667,INR,152.95188951282438,0,Producer manufacturing,No rating
BHARATGEAR,Bharat Gears Limited,127.48,INR,4.999588172308712,38845,3.5779748910810834,1873317041,INR,11.86048026199492,10.7483,INR,416.844585497211,0,Producer manufacturing,No rating
EMAPARTNER,Ema Partners India Limited,80.55,INR,-1.7682926829268326,4000,0.4444444444444444,1872499614.3000002,INR,15.284629981024668,5.27,INR,-2.8768360332467213,0,Commercial services,No rating
GICL,Globe International Carriers Ltd.,16.23,INR,-2.930622009569369,125394,0.6367737689467035,1871887600,INR,9.056919642857142,1.792,INR,57.358623112047766,0,Transportation,No rating
ANYA,Anya Polytech & Fertilizers Limited,15.5,INR,0.649350649350647,10000,0.3333333333333333,1860000000,INR,17.378629891243413,0.8919,INR,29.410911201392913,0,Process industries,No rating
NIKITA,Nikita Greentech Recycling Limited,75.25,INR,0.2664890073284515,154800,13.72340425531915,1851325895,INR,16.648598420319033,4.5199,INR,,0,Process industries,No rating
ACCPL,Accretion Pharmaceuticals Ltd.,160,INR,-2.5578562728379954,1200,0.10638297872340426,1825247200,INR,18.401168474198112,8.6951,INR,,0,Health technology,No rating
AUSOMENT,Ausom Enterprise Limited,133.15,INR,2.4230769230769273,3401,0.897195768591553,1808526444,INR,9.311058586593195,14.3002,INR,-0.3685614954260702,0.753295668549906,Finance,No rating
OWAIS,Owais Metal & Mineral Processing Ltd.,99.5,INR,0.20140986908358796,5700,0.707196029776675,1805512121.4,INR,109.64187327823691,0.9075,INR,-96.49067854615483,0,Process industries,No rating
RANASUG,Rana Sugars Limited,11.84,INR,0.509337860780989,69252,0.5551307024505073,1799814954,INR,7.62149983907306,1.5535,INR,-41.979458450046685,0,Process industries,No rating
QUINT,Quint Digital Ltd,37.35,INR,-3.3385093167701845,1083,0.7808219178082192,1793904297,INR,4.323367017397646,8.6391,INR,,0,Producer manufacturing,No rating
SHUBHSHREE,Shubhshree Biofuels Energy Ltd.,342,INR,0.2932551319648094,600,0.4166666666666667,1792764000,INR,17.027208682880687,20.0855,INR,30.113559069502298,0,Process industries,No rating
PRAMARA,Pramara Promotions Ltd.,128.7,INR,0.7042253521126693,29500,1.3915094339622642,1782064670.4,INR,18.28125,7.04,INR,38.03921568627452,0,Consumer durables,No rating
MUNISH,Munish Forge Ltd.,77.7,INR,5.0000000000000036,22800,0.2638888888888889,1781199462,INR,17.04321123053301,4.559,INR,,0,Producer manufacturing,No rating
DUCOL,Ducol Organics & Colours Ltd.,105.05,INR,-3.535353535353543,800,0.35714285714285715,1774412135.1,INR,24.212321663170993,4.3387,INR,91.4864507017389,0,Process industries,No rating
VASWANI,Vaswani Industries Limited,52.68,INR,0.30464584920029814,34446,2.4778264528798637,1760971835,INR,37.153536920798366,1.4179,INR,-49.90106706239842,0,Non-energy minerals,No rating
RAPPID,Rappid Valves (India) Limited,330.2,INR,-2.264318484534567,10200,0.21935483870967742,1754111794.4,INR,26.394884092725817,12.51,INR,7.591616282369938,0,Producer manufacturing,No rating
TIPSFILMS,Tips Films Limited,377.25,INR,-7.7966515947696395,46888,0.9735900614411575,1754011184,INR,,-36.6593,INR,65.0945255630829,0,Consumer services,No rating
COMFINTE,Comfort Intech Limited,5.4,INR,-0.7352941176470594,103097,0.5781883726355838,1743662474,INR,,-0.0992,INR,-128.03051709522464,1.28440366972477,Commercial services,No rating
KHADIM,Khadim India Limited,93.71,INR,-0.44619143737384653,59802,1.623818833496253,1743189660,INR,55.564779128372365,1.6865,INR,-38.82843670656511,0,Consumer non-durables,No rating
SUPERHOUSE,Superhouse Limited,157.12,INR,1.3873652965090055,29541,0.5428055888340916,1736988724,INR,45.84901806297237,3.4269,INR,-60.55775516780996,0.507775309425579,Consumer non-durables,No rating
AVPINFRA,Avp Infracon Ltd.,70.5,INR,1.6582552271088762,39200,0.4184457728437233,1732307520,INR,4.1815194633420125,16.8599,INR,27.233005312726384,0,Industrial services,No rating
HVAX,HVAX Technologies Ltd.,635,INR,1.9261637239165328,300,0.43478260869565216,1729993125,INR,12.323899242905025,51.5259,INR,29.553203258573873,0,Producer manufacturing,No rating
VIPULLTD,Vipul Limited,11.52,INR,-4.950495049504948,64638,0.06847317572504204,1729572981,INR,,-1.9816,INR,-111.39367873919768,0,Finance,No rating
MASTER,Master Components Limited,441,INR,2.083333333333333,500,0.2,1728000000,INR,23.702668565746688,18.6055,INR,14.618820267980887,0.173611111111111,Producer manufacturing,No rating
SUPREME,Supreme Holdings & Hospitality (India) Limited,44.58,INR,-1.5241882041086918,12502,0.47133071189712306,1726741296,INR,431.14119922630556,0.1034,INR,-96.3193678140462,0,Finance,No rating
ONDOOR,On Door Concepts Limited,253.6,INR,4.147843942505132,24000,1.478743068391867,1704624672,INR,13.293425101299462,19.0771,INR,38.516888850164115,0,Retail trade,No rating
INDOUS,Indo US Bio-Tech Ltd.,85,INR,0.023534949399854108,11099,0.31780983523940964,1704620567,INR,12.994756233661004,6.5411,INR,-19.37209560319006,0,Process industries,No rating
EMMBI,Emmbi Industries Limited,87.45,INR,-0.09139723523363223,5609,1.0648517295060183,1702762093,INR,21.336553945249598,4.0986,INR,24.13605112517795,0.338983050847458,Process industries,No rating
VIRINCHI,Virinchi Ltd.,15.49,INR,-0.25756600128782453,40417,0.9225203428323614,1702583503,INR,,-2.5008,INR,-3497.826086956522,0,Technology services,No rating
BYKE,Byke Hospitality Ltd.,32.75,INR,0.9556103575832376,13716,0.8044857883561884,1699077272,INR,25.550007801529098,1.2818,INR,39.5080539834567,0,Consumer services,No rating
RBS,Ramdevbaba Solvent Limited,75.6,INR,1.8181818181818103,89600,7.887323943661972,1697455237.5,INR,15.117581187010078,5.0008,INR,-27.705896809448777,0,Process industries,No rating
NIRAJ,Niraj Cement Structurals Limited,28.97,INR,1.3645906228131581,4469,0.2771747894364712,1694722269,INR,8.176917214711112,3.5429,INR,14.220775033851313,0,Industrial services,No rating
ARVEE,Arvee Laboratories (India) Ltd.,158.27,INR,3.0001301574905725,46,0.08395692644643184,1693333311,INR,69.10146699266504,2.2904,INR,17.5407985220158,0,Process industries,No rating
UMIYA_MRO,Umiya Buildcon Limited,89.82,INR,0.5935715085675741,1688,0.13035856327564505,1688527428,INR,19.412146098984223,4.627,INR,-75.83824627547638,0,Electronic technology,No rating
ESCONET,Esconet Technologies Limited,130.4,INR,-4.4688644688644645,18000,0.896414342629482,1687140000,INR,27.98283261802575,4.66,INR,-25.19343757023148,0,Technology services,No rating
REXPIPES,Rex Pipes & Cables Industries Ltd.,178,INR,4.093567251461988,1000,0.18867924528301888,1682100000,INR,36.21714006673721,4.9148,INR,-9.376210056607611,0,Producer manufacturing,No rating
HBESD,HB Estate Developers Limited,75.33,INR,1.7835427644912756,1843,1.497886866059818,1677224241,INR,14.600534945923945,5.1594,INR,-5.201653651814426,0,Consumer services,No rating
DENEERS,De Neers Tools Ltd.,190.35,INR,-2.209093244284619,13200,0.7885304659498208,1675235760,INR,6.4928863071218785,29.3167,INR,59.96453320237899,0,Distribution services,No rating
NAGAFERT,Nagarjuna Fertilizers & Chemicals Ltd.,2.62,INR,-4.727272727272724,207865,0.8725754040066308,1668601334,INR,,-0.2547,INR,-100.62818625093415,0,Process industries,No rating
LLOYDS,Lloyds Luxuries Ltd.,67,INR,-4.964539007092199,4000,1.3793103448275863,1668394485,INR,,-13.084,INR,-367.820366132723,0,Retail trade,No rating
DELPHIFX,Delphi World Money Limited,7.06,INR,2.7656477438136755,144292,0.6486596321630733,1667820927,INR,25.682066205893054,0.2749,INR,533.4101382488478,0,Commercial services,No rating
SPCL,Shivalic Power Control Limited,69.8,INR,0.9399855386840078,5400,0.31802120141342755,1667604319.95,INR,8.53269439996088,8.1803,INR,58.83460836472372,0,Producer manufacturing,No rating
SADHAV,Sadhav Shipping Ltd.,118.05,INR,1.7672413793103425,17400,0.7591623036649214,1664903688,INR,12.934151418867096,9.127,INR,11.447585322669271,0,Transportation,No rating
BEACON,Beacon Trusteeship Ltd.,90.5,INR,-1.4697876973326014,2000,0.2222222222222222,1659262259.05,INR,23.40497064680477,3.8667,INR,28.675540765391013,0,Miscellaneous,No rating
ETML,Emerald Tyre Manufacturers Ltd.,84,INR,-1.0600706713780985,46800,1.7410714285714286,1653555953.6999998,INR,15.846066779852858,5.301,INR,-1.0435139726334313,1.17785630153121,Consumer durables,No rating
MODTHREAD,Modern Threads (India) Ltd,49.27,INR,3.378094838438957,1125,0.5675512057310059,1649038106,INR,,,,,,Process industries,No rating
GOLDSTAR,Goldstar Power Ltd.,7.1,INR,3.649635036496351,22500,0.3278688524590182,1648829240,INR,15.51234433034739,0.4577,INR,157.56893640967925,0,Producer manufacturing,No rating
TRIGYN,Trigyn Technologies Limited,53.41,INR,-2.000000000000006,39125,0.7302737429959049,1647960415,INR,82.16923076923077,0.65,INR,-82.99764582788386,0,Technology services,No rating
DCM,DCM Ltd.,87,INR,-2.1372328458942698,3941,0.2319122017241912,1647003800,INR,56.47883666580109,1.5404,INR,-86.87446212050205,0,Technology services,No rating
SHBAJRG,Shri Bajrang Alliance Limited,182.44,INR,-0.8100907954113027,4169,0.5744244044256445,1646549973,INR,3.7097662993637437,49.1783,INR,35.777392475938576,0,Non-energy minerals,No rating
IVP,IVP Ltd,154.28,INR,2.158654482849948,2136,0.4329056970876147,1644457299,INR,8.528563057634688,18.0898,INR,65.16443584171795,0.627943485086342,Process industries,No rating
ROYALARC,Royal Arc Electrodes Limited,148,INR,0,1200,0.7142857142857143,1642829600,INR,16.359014037802584,9.047,INR,,0,Producer manufacturing,No rating
NECCLTD,North Eastern Carrying Corp. Ltd.,15.15,INR,-0.6557377049180304,18339,0.5628930721088673,1638560032,INR,19.296904852884982,0.7851,INR,-24.755606670500292,0,Transportation,No rating
METROGLOBL,Metroglobal Ltd.,130.92,INR,0.8706371831419951,771,0.2600074191481469,1636154819,INR,9.250662427133015,14.1525,INR,84.60183917041675,1.50772710139465,Distribution services,No rating
SDREAMS,S D Retail Limited,88.5,INR,1.5490533562822655,3000,0.8333333333333334,1631655852.75,INR,16.954347784440316,5.2199,INR,14.226005514464532,0,Consumer non-durables,No rating
ARCHIDPLY,Archidply Industries Limited,81.45,INR,-1.796479382686273,10904,1.1480795148247978,1624360965,INR,20.25968211327513,4.0203,INR,,0,Producer manufacturing,No rating
SRTL,Shree Ram Twistex Limited,40.87,INR,1.4647467725918477,22847,0.39586719294172273,1620186639,INR,,,,,0,Process industries,No rating
TTL,T T Limited,6.27,INR,-1.5698587127158639,87429,0.5919006911567283,1614443398,INR,474.99999999999994,0.0132,INR,-93.125,0.8,Process industries,No rating
BHADORA,Bhadora Industries Limited,88.5,INR,2.312138728323699,3600,0.2631578947368421,1608900000,INR,18.703637170572943,4.7317,INR,,0,Producer manufacturing,No rating
RUDRA,Rudra Global Infra Products Ltd.,17.68,INR,9.001233045622694,179860,7.409757182759728,1607508143,INR,13.161616913571057,1.3433,INR,18.394147717257173,0,Non-energy minerals,No rating
KANCHI,Kanchi Karpooram Ltd,370.9,INR,4.3612830613393365,510,0.8588750421017178,1606805308,INR,31.16335344233645,11.9018,INR,-62.32951937837282,0.270343336036767,Process industries,No rating
SANGINITA,Sanginita Chemicals Ltd.,62.86,INR,1.9957812753529074,35261,0.45851147936626824,1596315608,INR,,-5.0342,INR,-2208.1239530988278,0,Process industries,No rating
LAGNAM,Lagnam Spintex Ltd.,90.38,INR,0.07751079614659857,25151,1.0311083051139298,1595687390,INR,11.094879758411999,8.1461,INR,11.969265872197724,0,Process industries,No rating
NRVANDANA,N R Vandana Tex Industries Limited,68.85,INR,1.1013215859030838,213000,4.011299435028248,1586376561,INR,15.358704381190325,4.4828,INR,,0,Consumer non-durables,No rating
FILATFASH,Filatex Fashions Limited,0.18,INR,0,35066145,2.9717938639210657,1583473711,INR,52.94117647058824,0.0034,INR,-69.91150442477876,0,Process industries,No rating
RPPL,Rajshree Polypack Ltd.,21.69,INR,1.0246856078248832,60125,0.6350968516096867,1574695668,INR,9.330236159504453,2.3247,INR,148.60442733397497,0,Process industries,No rating
INCREDIBLE,Incredible Industries Limited,33.44,INR,0.14974543276429217,31816,4.358236760636695,1567053378,INR,13.291466274494217,2.5159,INR,-5.782121858967169,0,Non-energy minerals,No rating
PRAENG,Prajay Engineers Syndicate Ltd,22.11,INR,-1.3826940231935874,60742,0.4380722283324018,1566561692,INR,,-2.6839,INR,32.2640890391944,0,Consumer durables,No rating
GLOBALPET,Global Pet Industries Limited,160,INR,1.9757807520713793,9750,0.7647058823529411,1565985280,INR,35.595105672969964,4.495,INR,9.827013291634081,0,Producer manufacturing,No rating
RAJINDLTD,Rajputana Industries Limited,71.85,INR,1.9872249822569077,4500,0.14354066985645933,1565046750,INR,9.893014994423561,7.2627,INR,46.236710695876276,0,Non-energy minerals,No rating
AMJLAND,AMJ Land Holdings Ltd.,37.68,INR,-0.8160042116346466,9066,1.4733078735678882,1558000000,INR,10.457371225577264,3.6032,INR,-27.81906688835914,0.526315789473684,Finance,No rating
INFOLLION,Infollion Research Services Limited,158.75,INR,-0.7191994996873081,10000,0.6234413965087282,1549575549.6,INR,12.118320610687023,13.1,INR,2.1315079600205866,0,Commercial services,No rating
MKPL,M K Proteins Limited,4.18,INR,1.2106537530266301,60498,0.36451934577158607,1546532635,INR,23.017621145374445,0.1816,INR,-18.819848010728656,0,Process industries,No rating
DHARIWAL,Dhariwalcorp Limited,32.8,INR,0,3000,0.03215434083601286,1541829600,INR,25.028615032430366,1.3105,INR,64.98803978345713,0,Consumer non-durables,No rating
AKANKSHA,Akanksha Power And Infrastructure Limited,82,INR,-1.3830426939266454,5000,0.5,1539814938,INR,27.458728192077153,2.9863,INR,27.49434316697264,0,Producer manufacturing,No rating
MRIL,Mahendra Realtors & Infrastructure Limited,69.6,INR,0,1600,0.07092198581560284,1538431440,INR,8.665878104961713,8.0315,INR,19.41685500178422,0,Industrial services,No rating
BRNL,Bharat Road Network Ltd.,17.59,INR,-2.60243632336655,31146,1.1421467782923904,1535445521,INR,,-9.1522,INR,-152.37130627846827,0,Industrial services,No rating
SHRITECH,Shri Techtex Limited,61.4,INR,-0.08136696501221198,2000,0.45454545454545453,1531930000,INR,7.942154212316806,7.7309,INR,31.480127213047844,0,Process industries,No rating
TUNWAL,Tunwal E-Motors Limited,26.2,INR,-1.1320754716981158,68000,0.7816091954022989,1528848149.5,INR,11.748878923766815,2.23,INR,4.508388789952201,0.377358490566038,Consumer durables,No rating
USHAFIN,Usha Financial Services Limited,35.1,INR,0,1600,0.19607843137254902,1525981626,INR,,,,,0,Finance,No rating
PRITIKA,Pritika Engineering Components Ltd.,57.8,INR,-6.2449310624493135,38000,2.087912087912088,1523898734,INR,20.82507656278148,2.7755,INR,29.52074291847497,0,Producer manufacturing,No rating
QUESTLAB,Quest Laboratories Ltd.,92.95,INR,0,15600,0.2850877192982456,1523190240,INR,10.155806127354573,9.1524,INR,,0,Health technology,No rating
BAIDFIN,Baid Finserv Limited,9.86,INR,0,41221,0.7757202807730663,1522550083,INR,,,,,1.00325534079349,Finance,No rating
CENTEXT,Century Extrusions Ltd,18.7,INR,-1.3192612137203166,53987,0.7930168336320104,1511199951,INR,13.637689614935823,1.3712,INR,10.473735095069278,0,Producer manufacturing,No rating
NATCAPSUQ,Natural Capsules Limited,147.84,INR,-0.6852075775896884,10409,0.7233294418501223,1511179048,INR,,-22.3543,INR,-3549.2053695417367,0,Health technology,No rating
PML,Paul Merchants Ltd.,476.05,INR,-1.9666392092257023,912,1.6976917349218166,1511160054,INR,0.5463008472626374,871.4063,INR,320.9903782605503,0,Commercial services,No rating
IBLFL,IBL Finance Ltd.,61,INR,0,8000,1.4814814814814814,1508569650,INR,62.08651399491094,0.9825,INR,3.160436791264176,0,Finance,No rating
BNALTD,B & A Limited,466.95,INR,1.2687052700064987,170,0.015934462493087255,1503189935,INR,,-12.711,INR,-166.45996507335641,0,Process industries,No rating
KAMOPAINTS,Kamdhenu Ventures Ltd.,4.61,INR,1.3186813186813295,207932,0.5916179584041918,1496950063,INR,3073.3333333333335,0.0015,INR,-99.29211892402077,0,Process industries,No rating
LAL,Lorenzini Apparels Ltd.,8.1,INR,-3.341288782816242,67053,1.4249042137451946,1495898425,INR,32.20675944333996,0.2515,INR,-27.52161383285302,0,Consumer non-durables,No rating
AARTECH,Aartech Solonics Ltd.,47.21,INR,-1.502190694763194,6581,0.440344996018762,1494160664,INR,34.62666862256125,1.3634,INR,54.79109900090825,0.265787795024452,Commercial services,No rating
INDTERRAIN,Indian Terrain Fashions Limited,29.21,INR,-0.1708817498291207,6916,0.5609856995692837,1489620542,INR,,-1.1037,INR,88.49293645415212,0,Consumer non-durables,No rating
TICL,Twamev Construction And Infrastructure Limited,9.26,INR,-4.732510288065852,114083,0.3048328687123528,1488000059,INR,18.579454253611555,0.4984,INR,-86.1778246158966,0,Industrial services,No rating
INDOWIND,Indowind Energy Limited,9.22,INR,0.8752735229759306,64444,0.8465894834469455,1487659984,INR,83.59020852221215,0.1103,INR,-3.330411919368973,0,Utilities,No rating
MHLXMIRU,Mahalaxmi Rubtech Ltd,140.65,INR,0.7665854706978028,10977,1.1276735633128556,1486307523,INR,6.8573629502506,20.5108,INR,29.838199174537255,0,Process industries,No rating
RELIABLE,Reliable Data Services Ltd.,139.22,INR,-3.2388101195440626,6897,0.4371498111198438,1484841606,INR,,,,,,Technology services,No rating
INDBANK,Indbank Merchant Banking Services Limited,33.1,INR,-0.3312255344775653,20250,0.765254064349364,1480012920,INR,19.99758337361044,1.6552,INR,-5.227598053249352,0,Finance,No rating
THAKDEV,Thakker's Developers Ltd.,161,INR,3.4039820166987873,1202,3.758599124452783,1475099945,INR,28.68034772694884,5.6136,INR,-22.180326050792942,0,Consumer durables,No rating
DEVIT,Dev Information Technology Ltd,26.08,INR,0.03835826620635984,21903,0.8020785270142596,1465456619,INR,1.946791675375474,13.3964,INR,409.27200152062346,0.769230769230769,Technology services,No rating
BEARDSELL,Beardsell Limited,27.42,INR,-0.7959479015918918,2036,0.1291886369837372,1464295862,INR,9.462677295786314,2.8977,INR,16.261434761675496,0.361794500723589,Process industries,No rating
AMBAAUTO,Amba Auto Sales and Services Limited,79.6,INR,-0.37546933667085275,46000,1.0267857142857142,1464087600,INR,,,,,0,Retail trade,No rating
ENFUSE,Enfuse Solutions Ltd.,171,INR,3.6363636363636362,600,0.15625,1459854000,INR,,-17.4194,INR,-575.1350171840053,0,Technology services,No rating
NEOCHEM,Neochem Bio Solutions Ltd.,89.45,INR,4.988262910798122,10800,0.7758620689655172,1458688070.4,INR,10.944573595986785,8.173,INR,,0,Process industries,No rating
KRITIKA,Kritika Wires Limited,5.52,INR,0.9140767824497225,154171,1.4938312157054605,1456551600,INR,23.731728288907995,0.2326,INR,-38.885969521807674,0,Producer manufacturing,No rating
DURLAX,Durlax Top Surface Limited,51.5,INR,2.5896414342629424,18000,0.5113636363636364,1452396339.6,INR,7.219862331945437,7.1331,INR,49.08144711267164,0,Producer manufacturing,No rating
ENVIRO,Envirotech Systems Limited,77.1,INR,-0.19417475728156075,6000,0.36809815950920244,1451527500,INR,11.971492011241713,6.4403,INR,-13.916995254962238,0,Producer manufacturing,No rating
HPIL,Hindprakash Industries Ltd.,121.84,INR,-3.0399490689161173,1866,1.8748116145885663,1450290782,INR,50.600107977906056,2.4079,INR,67.3082267926626,0,Process industries,No rating
MCL,M Tek Copper Ltd,53.33,INR,-0.07494847292486256,11547,0.5749409972216414,1448611276,INR,32.16331946203486,1.6581,INR,-3.995136355740847,0,Non-energy minerals,No rating
RAJPUTANA,Rajputana Biodiesel Limited,199,INR,-0.22562045625469473,1500,0.11152416356877323,1442721575,INR,12.281752032043647,16.2029,INR,96.9837699835876,0,Process industries,No rating
AVIANSH,Avi Ansh Textile Limited,100.5,INR,-1.951219512195122,2000,0.43478260869565216,1432635325,INR,107.97163730124625,0.9308,INR,-27.55856486886139,0,Process industries,No rating
ISHANCH,Ishan Dyes and Chemicals Limited,52.64,INR,0.9589566551591868,3698,0.22258068399321063,1425562473,INR,,-2.9843,INR,-676.6763285024156,0,Distribution services,No rating
KEYFINSERV,Keynote Financial Services Limited,259.08,INR,2.0441923667730113,1589,1.996732847449108,1425059082,INR,21.657499205858258,11.9626,INR,-54.29394526399444,0.390625,Finance,No rating
AVIENCE,Avience Biomedicals Limited,259.5,INR,-0.0962463907603465,75000,0.5383290267011197,1424743296,INR,,,,,0,Health technology,No rating
RUCHINFRA,Ruchi Infrastructure Limited,5.95,INR,-0.6677796327212026,150702,4.105359507036498,1416149597,INR,13.970415590514206,0.4259,INR,505.83214793741115,0,Transportation,No rating
HECPROJECT,HEC Infra Projects Ltd.,137.7,INR,-1.2620106123619812,25331,0.32471436390928865,1413867827,INR,11.776377117738114,11.6929,INR,34.70307009964863,0,Industrial services,No rating
ALPA,Alpa Laboratories Limited,66.58,INR,-0.8783683191901197,19033,0.7418826739427012,1409720188,INR,9.80444130293927,6.7908,INR,-26.95158288781559,0,Health technology,No rating
WIPL,Western India Plywoods Ltd.,169.07,INR,2.4294196049921184,323,0.06087562901675494,1400920315,INR,209.790296562849,0.8059,INR,-75.3961227293543,0.727008360596147,Non-energy minerals,No rating
BI,Bilcare Ltd,58.46,INR,-1.3666272988020958,4056,1.059090790401337,1397174116,INR,,-3.6807,INR,54.45974536951116,0,Process industries,No rating
INDIANCARD,Indian Card Clothing Co. Ltd.,224.6,INR,0.28128767245613046,1945,0.45687306210654893,1390816263,INR,35.86255349045155,6.2628,INR,-95.9498785506789,0,Producer manufacturing,No rating
DGCONTENT,Digicontent Ltd.,24.99,INR,3.692946058091274,28749,1.2195059874524377,1390671108,INR,427.9109589041096,0.0584,INR,-98.60216855357955,0,Commercial services,No rating
BALPHARMA,Bal Pharma Limited,88.63,INR,1.4769864895809388,164269,1.574380767269702,1386389540,INR,22.44024711363176,3.9496,INR,-26.179840382782267,1.37804317868627,Health technology,No rating
ONELIFECAP,Onelife Capital Advisors Limited,37.89,INR,4.293971924029734,145427,4.599252997340265,1385682428,INR,,-1.316,INR,63.50020801553183,0,Finance,No rating
SHEEL,Sheel Biotech Limited,69,INR,1.4705882352941175,10000,1.1111111111111112,1383973400,INR,10.313901345291479,6.69,INR,-14.935279607354474,0,Process industries,No rating
EMMIL,Energy-Mission Machineries (India) Limited,119.95,INR,-1.4784394250513322,8500,0.7327586206896551,1379001375,INR,11.380887320201905,10.5396,INR,1.4359408684939987,0,Producer manufacturing,No rating
DTIL,Dhunseri Tea & Industries Ltd,131.93,INR,-0.3248715624055657,3038,0.6218146836686658,1376472965,INR,,-2.386,INR,87.49371016437438,0.763358778625954,Process industries,No rating
IPHL,Indian Phosphate Ltd.,66,INR,20,138000,13.69047619047619,1374428495,INR,7.5158858496367325,8.7814,INR,152.622191536492,0,Process industries,No rating
SHIGAN,Shigan Quantum Technologies Ltd.,62.55,INR,-7.195845697329389,7500,0.7936507936507936,1370066760,INR,18.839226552617312,3.3202,INR,-30.161334427126068,0.29673590504451,Electronic technology,No rating
SATTVAENGG,Sattva Engineering Construction Limited,79,INR,1.607717041800643,4800,0.1214574898785425,1358184894,INR,9.322303907107372,8.4743,INR,,0,Industrial services,No rating
SAMPANN,Sampann Utpadan India Ltd,27.64,INR,0.25389916575988497,15932,0.8188733552631579,1357406112,INR,18.809118747873427,1.4695,INR,50.10214504596527,0,Producer manufacturing,No rating
ROML,Raj Oil Mills Limited,44.98,INR,1.055942484834866,1122,0.31862327483387287,1351979224,INR,14.443053013518286,3.1143,INR,71.26594808622966,0,Process industries,No rating
BARFLEX,Barflex Polyfilms Ltd.,55,INR,0.73260073260073,6000,0.6,1351295400,INR,28.537332018886524,1.9273,INR,,0,Process industries,No rating
BALAXI,Balaxi Pharmaceuticals Limited,24.39,INR,-0.32693093583979693,10773,0.5201583699483366,1350927498,INR,,,,,0,Distribution services,No rating
SADBHAV,Sadbhav Engineering Limited,8.31,INR,5.18987341772152,372056,2.3689942777023623,1348546517,INR,5.4157977059436915,1.5344,INR,,0,Industrial services,No rating
AERON,Aeron Composite Limited,79.1,INR,-0.12626262626263704,5000,0.5263157894736842,1347984000,INR,15.451331236692516,5.1193,INR,-34.701140335212635,0,Producer manufacturing,No rating
POSITRON,Positron Energy Limited,180,INR,1.694915254237288,6300,1.926605504587156,1345270800,INR,6.825446782370629,26.3719,INR,3.8554084015610632,0,Utilities,No rating
SIDDHIKA,Siddhika Coatings Limited,212,INR,-1.9653179190751446,4000,1.3793103448275863,1341615000,INR,12.604717255976837,16.8191,INR,21.738154866167715,1.52601156069364,Industrial services,No rating
MAGNUM,Magnum Ventures Limited.,19.85,INR,2.214212152420184,180562,5.642245123711783,1340861968,INR,,-1.7256,INR,-224.88962871824563,0,Process industries,No rating
SECMARK,SecMark Consultancy Ltd.,125.1,INR,-2.402870962708701,1418,1.276442524079575,1337215942,INR,52.48584015103838,2.3835,INR,-42.21818181818182,0,Technology services,No rating
SPECTSTM,Spectrum Talent Management Limited,63.2,INR,9.153713298791025,17600,2.7848101265822787,1337090258.4,INR,12.690763052208835,4.98,INR,66.54961372529348,0,Commercial services,No rating
VIJIFIN,Viji Finance Ltd.,9.45,INR,1.9417475728155311,151251,1.0912857172748125,1329524989,INR,34.27638737758433,0.2757,INR,,0,Finance,No rating
NARMADA,Narmada Agrobase Limited,32.98,INR,-5.55555555555557,8722979,5.80841854487412,1324738933,INR,32.43509047993706,1.0168,INR,-51.769281851816714,0,Process industries,No rating
PRAXIS,Praxis Home Retail Ltd.,7.03,INR,1.4430014430014508,20173,0.30319973186520605,1321124838,INR,,-3.8993,INR,-50.44176087040396,0,Retail trade,No rating
SIGIND,Signet Industries Limited,45.78,INR,2.7148306035449874,10379,0.7144922348276243,1318777590,INR,8.537859007832898,5.362,INR,0.9127693610614428,1.11607142857143,Process industries,No rating
CORALFINAC,Coral India Finance & Housing Ltd.,33.65,INR,3.538461538461534,22993,0.7336021899906199,1315464665,INR,9.166189970308626,3.6711,INR,-15.406594925916531,1.22549019607843,Finance,No rating
JOCIL,Jocil Limited,148,INR,0.06761325219742685,2251,1.0967647632040538,1313522085,INR,15.843449589997217,9.3414,INR,713.3565520243795,0.338066260987153,Process industries,No rating
WINSOL,Winsol Engineers Limited,112.65,INR,-0.748898678414092,8800,1.5068493150684932,1309245200,INR,9.02788908478923,12.478,INR,22.11783127813662,0,Industrial services,No rating
RAPIDFLEET,Rapid Fleet Management Services Limited,176,INR,-3.296703296703297,1800,1.6666666666666667,1308524800,INR,10.492991754654774,16.7731,INR,21.311250135609157,0,Transportation,No rating
SHAHALLOYS,Shah Alloys Limited,66.33,INR,-0.3455528846153906,11571,1.0454746695338688,1306637558,INR,3.4542557180352453,19.2024,INR,,0,Non-energy minerals,No rating
EEPL,Eppeltone Engineers Limited,104.45,INR,3.8270377733598497,29000,0.5882352941176471,1303706787.2,INR,10.939692913550765,9.5478,INR,,0,Producer manufacturing,No rating
SURANASOL,Surana Solar Limited,27.9,INR,6.245239908606234,1016676,17.911492201525398,1301514613,INR,21.451637705674305,1.3006,INR,,0,Electronic technology,No rating
ALPHAGEO,Alphageo (India) Ltd.,202.31,INR,-1.1434155875885674,4114,1.0011193848250353,1298412483,INR,,-21.8305,INR,-127.33947056005664,3.92156862745098,Industrial services,No rating
AIROLAM,Airo Lam Ltd.,86.5,INR,0.7219375873311651,309,0.10194318894130844,1288199959,INR,23.814767909256098,3.6322,INR,101.57611410178144,0,Non-energy minerals,No rating
VALUE360,Value 360 Communications Limited,79,INR,-1.25,4800,0.18018018018018017,1287200640,INR,,,,,0,Commercial services,No rating
CROWN,Crown Lifters Ltd.,112.51,INR,-1.6349012065046253,14628,0.9147988793275966,1283726039,INR,15.364551326696438,7.3227,INR,-22.66659626148484,0,Finance,No rating
LAHOTIOV,Lahoti Overseas Limited,43.95,INR,3.802550779404817,14,0.006165499625666095,1283545967,INR,8.920959688223116,4.9266,INR,9.385199493772062,0.454545454545455,Process industries,No rating
DIGIKORE,Digikore Studios Limited,48.4,INR,-4.347826086956527,152800,1.4216598436918497,1281758720,INR,3.200084630337331,15.1246,INR,,0,Consumer services,No rating
SALONA,Salona Cotspin Limited,245.65,INR,-1.2660771704180087,3113,0.6205150693669271,1280078721,INR,82.66868584889787,2.9715,INR,-50.08986008700472,0.411099691675231,Process industries,No rating
TARMAT,Tarmat Ltd.,50.44,INR,-1.0009813542689012,3513,0.37975094045920355,1278277090,INR,19.83172131792089,2.5434,INR,235.09881422924903,0,Industrial services,No rating
BSL,BSL Ltd,124.95,INR,0.16835016835017474,2714,1.0096350582195603,1277257991,INR,54.02075226977951,2.313,INR,-70.81793063423373,0.64464141821112,Process industries,No rating
URAVIDEF,Uravi Defence and Technology Limited,114,INR,1.840271574057533,103974,10.052401577848247,1276799957,INR,90.77878643096034,1.2558,INR,-39.16287181474663,0,Producer manufacturing,No rating
GENXAI,GenXAI Analytics Limited,74.65,INR,5.58698727015559,43200,0.5,1268613227,INR,,,,,0,Technology services,No rating
SURANI,Surani Steel Tubes Ltd.,93.45,INR,-5.030487804878051,1600,0.3755868544600939,1263170640,INR,70.83301750928523,1.3193,INR,194.02718965901494,0,Non-energy minerals,No rating
PROFX,Pro Fx Tech Ltd.,72,INR,1.4084507042253522,6400,0.851063829787234,1260265464,INR,,,,,0,Distribution services,No rating
BTML,Bodhi Tree Multimedia Ltd.,6.68,INR,-4.02298850574713,378521,0.8089379586487874,1257348682,INR,15.900975958105214,0.4201,INR,21.24098124098124,0,Consumer services,No rating
TEXMOPIPES,Texmo Pipes & Products Ltd.,43.47,INR,0.9990706319702596,11906,0.9385148983131011,1255676888,INR,8.87106648708216,4.9002,INR,-25.420065749421656,0,Producer manufacturing,No rating
ESPRIT,Esprit Stones Ltd.,60,INR,5.263157894736842,25600,0.7407407407407407,1250876400,INR,,-1.1923,INR,-116.70426047606372,0,Non-energy minerals,No rating
ISFT,Intrasoft Technologies Limited,77.07,INR,1.08866736621196,12671,0.9334757624871077,1249474505,INR,,,,,0,Retail trade,No rating
VIJAYPD,Vijaypd Ceutical Limited,64.2,INR,0.3909304143862392,2000,0.14084507042253522,1248859533.65,INR,21.400000000000002,3,INR,23.102174805088232,0,Distribution services,No rating
SONAL,Sonal Mercantile Ltd,90.08,INR,-4.998945370175063,49,0.3200522534291313,1248205751,INR,,,,,,Finance,No rating
JEYYAM,Jeyyam Global Foods Limited,26,INR,-0.7633587786259515,22000,0.45643153526970953,1244415059.6,INR,8.994050089940501,2.8908,INR,-37.813535257927114,0,Consumer non-durables,No rating
WEIZMANIND,Weizmann Limited,77.41,INR,0.2850110117890904,1952,0.8363324764353042,1244156336,INR,20.283513258568284,3.8164,INR,,0.62266500622665,Process industries,No rating
GVPTECH,GVP Infotech Ltd,6.97,INR,3.2592592592592555,161096,3.7464273172728286,1242226799,INR,,-5.2781,INR,-3192.638802245789,2.22222222222222,Commercial services,No rating
MAHAPEXLTD,Maha Rashtra Apex Corporation Limited,44.49,INR,2.2053756030323934,7027,1.736777063766704,1237268517,INR,,-4.2518,INR,-156.4513130991264,0,Finance,No rating
MDL,Marvel Decor Ltd.,69,INR,0,1000,0.04032258064516129,1224069723,INR,,,,,,Consumer durables,No rating
MUKTAARTS,Mukta Arts Limited,58.5,INR,4.66988727858293,7210,1.5420810608491071,1219600765,INR,,-5.2366,INR,28.82346544881204,0,Technology services,No rating
ALUWIND,Aluwind Infra-Tech Ltd,51.7,INR,5.510204081632659,78000,2.6666666666666665,1217523580,INR,12.2823272278051,4.2093,INR,28.783845800826064,0,Producer manufacturing,No rating
PREMCO,Premco Global Limited,368.15,INR,1.1679032701291563,174,0.45873978381228575,1215009712,INR,20.326190778540308,18.1121,INR,-37.042559995550725,2.17598259213926,Process industries,No rating
MEGAFLEX,Mega Flex Plastics Limited,100,INR,0,1000,0.7692307692307693,1213102500,INR,16.682236754304018,5.9944,INR,110.60323929311737,0,Process industries,No rating
XELPMOC,Xelpmoc Design And Tech Ltd,79.32,INR,-2.303239315186605,10235,1.1075041930422551,1212670479,INR,,-5.1189,INR,16.38380241428315,0,Technology services,No rating
GSLSU,Global Surfaces Limited,29.41,INR,4.998214923241695,43770,0.1376929927573549,1210848495,INR,,-7.1824,INR,-6.673003519923958,0,Non-energy minerals,No rating
MANILAM,Manilam Industries India Limited,55.3,INR,1.65441176470588,54000,10,1208194400,INR,,,,,0,Non-energy minerals,No rating
AESTHETIK,Aesthetik Engineers Limited,70.05,INR,0.07142857142856737,26000,4.7272727272727275,1205412250,INR,16.945667424645602,4.1338,INR,24.73747736873868,0,Consumer durables,No rating
SHYAMDHANI,Shyam Dhani Industries Limited,58,INR,-0.4291845493562232,32000,4,1203212000,INR,,,,,0,Consumer non-durables,No rating
AARNAV,Aarnav Fashions Ltd.,31.63,INR,11.687853107344628,164190,0.6285848170293309,1202111325,INR,14.263810597519731,2.2175,INR,1.3760629057328344,0,Finance,No rating
SAMBHAAV,Sambhaav Media Limited,6.33,INR,3.6006546644844475,36534,1.1544258679365118,1194442749,INR,514.6341463414634,0.0123,INR,-42.523364485981304,0,Consumer services,No rating
DBSTOCKBRO,DB (International) Stock Brokers Limited,33.75,INR,-1.8324607329843003,10914,0.29526025321934857,1190000000,INR,37.77280358142138,0.8935,INR,-45.96637639090469,0,Finance,No rating
USK,Udayshivakumar Infra Ltd.,21.91,INR,0.7356321839080466,8072,0.5308710178096967,1184642766,INR,73.25309261116684,0.2991,INR,,0,Industrial services,No rating
AVROIND,AVRO India Ltd.,8.94,INR,1.360544217687066,393381,1.53316018517294,1183391724,INR,27.507692307692306,0.325,INR,17.92452830188679,0,Consumer durables,No rating
NAVKARURB,Navkar Urbanstructure Limited,1.06,INR,-1.8518518518518534,499923,0.3071943965010822,1178194795,INR,40.458015267175576,0.0262,INR,495.45454545454544,0.476190476190476,Non-energy minerals,No rating
BCPL,BCPL Railway Infrastructure Ltd.,70.75,INR,0.5114362835630053,3028,0.4113403882466412,1173330541,INR,18.362315079159096,3.853,INR,-2.956880918799112,1.42531356898518,Industrial services,No rating
REPL,Rudrabhishek Enterprises Ltd.,63.59,INR,-2.8121656732385807,3301,0.6558712497516391,1173081384,INR,,-6.2463,INR,-182.83668191764474,0,Industrial services,No rating
LATTEYS,Latteys Industries Ltd.,20,INR,-1.9607843137254832,52419,2.2758611706885024,1172914765,INR,20.050125313283207,0.9975,INR,217.37193763919822,0,Producer manufacturing,No rating
AAATECH,AAA Technologies Ltd.,91.4,INR,1.9406647334374405,4946,0.3024650966530702,1169675868,INR,56.61896797373475,1.6143,INR,-41.01289874666569,1.64491720583397,Technology services,No rating
KREBSBIO,Krebs Biochemicals & Industries Ltd.,55.5,INR,6.936416184971102,4036,0.5301249129812302,1162977926,INR,,-7.8586,INR,37.104028940502296,0,Health technology,No rating
LAMBODHARA,Lambodhara Textiles Ltd.,114.21,INR,1.7279771978266658,2211,0.10857288771471503,1160734512,INR,10.76548935327885,10.6089,INR,61.315289287614995,0.447027268663388,Process industries,No rating
URBAN,Urban Enviro Waste Management Limited,133.15,INR,-0.44859813084111727,76000,2.4739583333333335,1158275000,INR,7.747224614238834,17.1868,INR,45.0877104121292,0,Transportation,No rating
PIONRINV,Pioneer Investcorp Limited,93.26,INR,-0.9347779902273161,1140,0.025618841084530938,1155909388,INR,7.209839893004307,12.9351,INR,101.58492683154894,0,Finance,No rating
PAR,Par Drugs and Chemicals Limited,94.35,INR,0.5970785798059367,6057,0.07889492399671759,1154051822,INR,8.859487680288462,10.6496,INR,-1.9012527634487872,0,Process industries,No rating
READYMIX,Readymix Construction Machinery Ltd.,105,INR,0.04764173415912069,8000,0.24390243902439024,1150094575,INR,15.380333680001172,6.8269,INR,,0,Producer manufacturing,No rating
THACKER,Thacker and Company Limited,1011,INR,-2.4225460862850987,15,0.30425963488843816,1142050473,INR,,,,,,Finance,No rating
SHYAMCENT,Shyam Century Ferrous Ltd.,5.22,INR,-2.247191011235957,28097,0.8315624981502419,1141490705,INR,,-0.4317,INR,1.5956234328698442,0,Non-energy minerals,No rating
SOMICONVEY,Somi Conveyor Beltings Limited,97.22,INR,-0.09248792518754846,2298,0.08096595413338595,1141448724,INR,22.76228606213856,4.2711,INR,-8.294327307081211,0,Producer manufacturing,No rating
GANGESSECU,Ganges Securities Ltd.,116.75,INR,0.43874741913283305,39,0.036428171118998695,1141420661,INR,43.42247182653327,2.6887,INR,-52.64455677475034,0,Consumer non-durables,No rating
ANIKINDS,Anik Industries Limited,42.27,INR,3.857493857493858,14299,2.1228992220440643,1137892952,INR,,-0.3386,INR,-130.91672753834916,0,Distribution services,No rating
VISHWARAJ,Vishwaraj Sugar Industries Ltd.,5.25,INR,1.156069364161842,78228,0.6229846849996457,1130525764,INR,,-1.19,INR,33.78957324876203,0,Process industries,No rating
TBI,TBI Corn Limited,63.5,INR,2.0080321285140563,7800,0.28199566160520606,1130360711.25,INR,6.278488021435846,10.1139,INR,35.604151024348376,0,Process industries,No rating
VLEGOV,VL E-Governance & IT Solutions Ltd.,10.69,INR,1.9065776930409846,49311,0.6043710917679243,1128978271,INR,,-0.0986,INR,99.95751583999932,0,Technology services,No rating
SHRIKRISH,Shri Krishna Devcon Limited,39.47,INR,0.38148524923702587,1147,0.07423611875190121,1127000000,INR,24.192460925528653,1.6315,INR,-7.2062336480491425,0,Finance,No rating
KCK,KCK Industries Limited,17.3,INR,-2.2598870056497096,570000,0.738581146744412,1125750090,INR,,,,,0,Process industries,No rating
STEELCITY,Steel City Securities Ltd.,75.57,INR,1.6272189349112343,3413,0.5500757502498146,1123363576,INR,7.9898078935961,9.4583,INR,-16.697052166177865,5.37923614846692,Finance,No rating
JAYESH,Jayesh Logistics Limited,140,INR,8.527131782945736,3000,0.16393442622950818,1121196921,INR,10.952559769683313,12.7824,INR,,0,Transportation,No rating
VITAL,Vital Chemtech Ltd.,46,INR,-1.7094017094017033,2976,1.847988077496274,1120911480,INR,,,,,0,Process industries,No rating
GTL,GTL Limited,7.36,INR,2.649930264993032,531793,3.308476917190557,1119953080,INR,0.19873039359958528,37.0351,INR,,0,Technology services,No rating
SRIVASAVI,Srivasavi Adhesive Tapes Limited,82.2,INR,4.980842911877402,25000,1.8796992481203008,1109837197.8,INR,19.38862156807246,4.2396,INR,-11.645548516172052,0,Process industries,No rating
HOLMARC,Holmarc Opto-Mechatronics Ltd.,109,INR,-0.9090909090909091,1500,0.7142857142857143,1105500000,INR,26.836714595233403,4.0616,INR,9.282677716192223,0.363636363636364,Electronic technology,No rating
CUBEXTUB,Cubex Tubings Ltd,77.43,INR,0.5715027925704792,35436,1.0276397866768745,1105281676,INR,14.873794613700104,5.2058,INR,11.945465883921475,0,Non-energy minerals,No rating
GREENCHEF,Greenchef Appliances Limited,47.1,INR,0.21276595744681154,800,0.1388888888888889,1096103664,INR,,-3.7599,INR,-247.0606641373646,0,Consumer durables,No rating
KKJEWELS,Kabra Jewels Limited,106.9,INR,2.7390677558866012,12000,0.6976744186046512,1090964250,INR,4.524331507800134,23.6278,INR,,0,Retail trade,No rating
SCML,Sharp Chucks & Machines Ltd.,78.85,INR,4.853723404255308,44000,8.30188679245283,1090158758.3999999,INR,11.125534406614648,7.0873,INR,4.007807226086706,0,Producer manufacturing,No rating
HILTON,Hilton Metal Forging Limited,21.05,INR,-0.42573320719016017,67070,0.44285885962027843,1088517490,INR,16.177374731017522,1.3012,INR,-41.90552727922135,0,Producer manufacturing,No rating
OBCL,OBCL Limited,53.35,INR,1.8324107654132484,5694,0.7824545492022921,1087871853,INR,,-3.7153,INR,-438.8017508663141,0,Transportation,No rating
SMARTEN,Smarten Power Systems Limited,57.8,INR,1.048951048951039,7200,0.7058823529411765,1086845760,INR,12.916489753960983,4.4749,INR,,0,Producer manufacturing,No rating
MOBILISE,Mobilise App Lab Ltd.,116.6,INR,2.28070175438596,6400,0.273972602739726,1084368000,INR,,,,,0,Technology services,No rating
ZENITHEXPO,Zenith Exports Limited,205,INR,2.4129489933556543,26,0.22747156605424323,1079249954,INR,48.27959774852217,4.2461,INR,33.992868187699216,0,Consumer non-durables,No rating
NORBTEAEXP,Norben Tea & Exports Ltd.,68.06,INR,1.0241947454356504,1649,1.1546810447447657,1078760550,INR,,-0.173,INR,-154.7864506627393,0,Consumer non-durables,No rating
CLASSICEIL,Classic Electrodes India Limited,59,INR,-1.6666666666666667,1600,0.04484304932735426,1077897000,INR,8.355638639871975,7.0611,INR,9.379453497738401,0,Producer manufacturing,No rating
PARTYCRUS,Party Cruisers Limited,89.95,INR,-0.0555555555555524,10000,1.2658227848101267,1073350868,INR,,,,,,Consumer services,No rating
LANDSMILL,Landsmill Green Ltd,0.82,INR,9.333333333333327,15689177,6.871076815529816,1072128146,INR,51.24999999999999,0.016,INR,226.53061224489795,0,Commercial services,No rating
SURYALAXMI,Suryalakshmi Cotton Mills Ltd.,56.8,INR,-1.2345679012345694,3003,0.871268169553486,1071901434.0000001,INR,34.2850244461882,1.6567,INR,-14.249482401656307,0,Process industries,No rating
LOVABLE,Lovable Lingerie Limited,71.21,INR,-1.0422456920511396,17873,1.9419785950996904,1066784040.9999999,INR,,,,,0,Consumer non-durables,No rating
JETFREIGHT,Jet Freight Logistics Ltd.,23.44,INR,2.4475524475524577,390592,0.7921418567325521,1063574771.9999999,INR,16.01421056227369,1.4637,INR,81.10616184112843,0,Transportation,No rating
MOTOGENFIN,Motor & General Finance Ltd.,27.39,INR,-0.1822157434402358,726,0.2130406714009038,1062286886.0000001,INR,0.722737059866588,37.8976,INR,18323.723869713176,0,Finance,No rating
COMPUSOFT,Compucom Software Limited,13.22,INR,-0.8252063015753895,9171,0.42622508923259966,1061068796,INR,36.09063609063609,0.3663,INR,95.88235294117648,1.49142431021626,Technology services,No rating
CANARYS,Canarys Automations Ltd.,19.3,INR,4.324324324324328,108000,1.5976331360946745,1058128090.5000001,INR,9.15907365223994,2.1072,INR,49.024045261669045,0,Technology services,No rating
BIOPOL,Biopol Chemicals Ltd.,97.3,INR,-0.15392508978964153,36000,0.9836065573770492,1052986230,INR,,,,,0,Process industries,No rating
SOTAC,Sotac Pharmaceuticals Limited,95.1,INR,-4.900000000000006,2400,0.12903225806451613,1050855000,INR,18.20618359337609,5.2235,INR,7.612278533168511,0.10515247108307,Health technology,No rating
HINDCON,Hindcon Chemicals Ltd.,20.77,INR,1.2676743052169575,10048,1.1054878317123618,1049919206,INR,24.52473727712835,0.8469,INR,-14.592577652279148,0,Non-energy minerals,No rating
GROBTEA,Grob Tea Co. Ltd.,899.95,INR,0.016670371193608684,5,0.023562676720075403,1045864441,INR,18.183048820157637,49.4939,INR,-42.793853337725466,0.333407423871972,Consumer non-durables,No rating
CLSL,Crop Life Science Ltd.,64.1,INR,5.081967213114745,44000,1.3333333333333333,1045540000,INR,19.631864261431502,3.2651,INR,1.0804284564423234,0,Process industries,No rating
PRLIND,Premier Roadlines Ltd.,44.75,INR,-1.2141280353200823,12000,0.2631578947368421,1035673379.0999999,INR,7.438744639116992,6.0158,INR,-9.799982007376988,0,Transportation,No rating
RSDFIN,RSD Finance Ltd.,82,INR,-0.9781427363844973,45,0.1272264631043257,1035200589,INR,9.407877376349512,8.7161,INR,-14.740291499559813,0,Finance,No rating
KHFM,KHFM Hospitality & Facility Management Services Ltd.,47.8,INR,6.935123042505579,6200,0.4597701149425281,1033039297,INR,30.44585987261146,1.57,INR,0,0,Commercial services,No rating
RTL,Rama Telecom Limited,80,INR,2.564102564102564,6000,0.30303030303030304,1029549222.0000001,INR,,,,,0,Communications,No rating
SIL,Standard Industries Limited,16.22,INR,2.076777847702947,18124,0.8377708749352859,1027333210,INR,,-3.0316,INR,-44.355030712823215,3.44395742016281,Process industries,No rating
RAJSREESUG,Rajshree Sugars & Chemicals Limited,30.83,INR,2.869536202869534,12214,0.3474219267779987,1024221540.9999999,INR,,-2.43,INR,32.850668729965726,0,Process industries,No rating
AARADHYA,Aaradhya Disposal Industries Limited,72,INR,-4,2400,0.20202020202020202,1017936000,INR,,,,,0,Process industries,No rating
VIGOR,Vigor Plast India Limited,98.75,INR,0.7653061224489796,14400,0.3474903474903475,1014466600,INR,10.46468499973507,9.4365,INR,,0,Producer manufacturing,No rating
SYLVANPLY,Sylvan Plyboard (India) Limited,52.35,INR,0,2000,0.12658227848101267,1014272350.5,INR,,,,,0,Non-energy minerals,No rating
AAKAAR,Aakaar Medical Technologies Limited,68,INR,-4.494382022471914,4800,0.7894736842105263,1009104499.1999999,INR,14.508833319108987,4.6868,INR,,0,Distribution services,No rating
ROCKINGDCE,RockingDeals Circular Economy Limited,177.65,INR,-1.3055555555555522,2500,0.6493506493506493,1005321350,INR,,,,,0,Distribution services,No rating
ARTNIRMAN,Art Nirman Ltd,39.42,INR,-1.9158994774819509,599,0.9356451109028427,1002981581,INR,185.41862652869239,0.2126,INR,-73.36840786671677,0,Consumer durables,No rating
SEMAC,Semac Construction Limited,319.95,INR,0.015629884338859448,65,0.12668095887741201,997226855,INR,14.306986477784932,22.3632,INR,,0,Producer manufacturing,No rating
DTL,Diensten Tech Limited,120.65,INR,-4.999999999999996,1200,0.47619047619047616,996646939.9,INR,,-3.3508,INR,-19.0041552722236,0,Technology services,No rating
LOYALTEX,Loyal Textile Mills Limited,203.94,INR,-0.541331382589619,104,0.2581285678828494,996041012,INR,,-150.7144,INR,-41.66817846417042,0,Process industries,No rating
DUCON,Ducon Infratechnologies Ltd.,3.02,INR,0.33222591362127013,190189,1.0234178213069365,994272312,INR,8.851113716295428,0.3412,INR,-21.599264705882348,0,Distribution services,No rating
DHARAN,Dharan Infra-EPC Ltd,0.15,INR,0,7908744,0.5306490083003733,993464065,INR,,,,,0,Finance,No rating
BANKA,Banka BioLoo Ltd.,94.12,INR,3.690646689434845,3265,2.327487881380097,992291385,INR,312.37968801858614,0.3013,INR,,0,Industrial services,No rating
SPCON,Srinibas Pradhan Constructions Limited,134,INR,6.349206349206349,13200,1.6923076923076923,990485622,INR,,,,,0,Industrial services,No rating
CHETANA,Chetana Education Limited,46.65,INR,-2.4058577405857715,8000,0.38461538461538464,975120000,INR,7.077189149827053,6.5916,INR,-0.8021189182681474,0,Consumer services,No rating
EMKAYTOOLS,Emkay Taps & Cutting Tools Ltd.,91.05,INR,-0.32840722495894603,2250,1.6483516483516483,974823233,INR,11.982312764025425,7.5987,INR,-82.65540901433911,0,Producer manufacturing,No rating
MGSL,Matrix Geo Solutions Ltd.,68.55,INR,2.5430067314884113,32400,1.210762331838565,974795469.1999999,INR,9.09452736318408,7.5375,INR,,0,Industrial services,No rating
KONSTELEC,Konstelec Engineers Limited,62,INR,-3.651903651903644,9000,0.5232558139534884,971685000,INR,12.836173164116685,4.8301,INR,53.63890832750173,0,Industrial services,No rating
DCG,DCG Cables & Wires Ltd,53.55,INR,0.18709073900840845,3600,0.375,970096120,INR,11.23654447405418,4.7657,INR,,0,Non-energy minerals,No rating
DRONE,Drone Destination Ltd.,40,INR,0.2506265664160437,11000,0.5263157894736842,969569880.3000001,INR,83.36807002917882,0.4798,INR,,0,Electronic technology,No rating
BHANDARI,Bhandari Hosiery Exports Ltd,2.87,INR,-0.6920415224913501,180704,1.9211628359435535,968903302,INR,10.497439648866132,0.2734,INR,-10.770234986945178,0.598281786941581,Consumer non-durables,No rating
MITCON,MITCON Consultancy & Engineering Services Ltd.,73.15,INR,1.5690086087198136,4901,3.6387259633231865,967711134,INR,14.100932994062767,5.1876,INR,37.59117311619764,0,Commercial services,No rating
LAKSHYA,Lakshya Powertech Limited,93.8,INR,-2.0365535248041806,5600,1.3725490196078431,965535340,INR,9.441178838875915,9.9352,INR,-39.92829027323462,0,Industrial services,No rating
PATINTLOG,Patel Integrated Logistics Ltd.,14.14,INR,2.3154848046309717,20637,0.277171153892645,965154194,INR,10.249347636996232,1.3796,INR,20.94328044183395,2.16294160057678,Transportation,No rating
KAKATCEM,Kakatiya Cement Sugar & Industries Ltd.,120.34,INR,-0.5454545454545426,554,0.46247599966608227,963958401,INR,,-30.9454,INR,-80.80442174883437,2.41935483870968,Non-energy minerals,No rating
GLOBE,GLOBE ENTERPRISES (INDIA) LIMITED,2.15,INR,0.46728971962615823,111925,0.5144401760196653,963896232,INR,10.492923377257199,0.2049,INR,-28.53156609696547,0,Process industries,No rating
RICHA,Richa Info Systems Ltd.,93,INR,0,1000,0.0106951871657754,960504000,INR,17.15867158671587,5.42,INR,-63.29355673244931,0,Electronic technology,No rating
KCEIL,Kay Cee Energy & Infra Limited,92.65,INR,5.764840182648415,33000,1.9411764705882353,960096000,INR,6.028055016981353,15.3698,INR,-1.2674165387259044,0,Industrial services,No rating
VR,V R Infraspace Ltd.,108,INR,4.956268221574338,1200,0.5882352941176471,959040000,INR,24.488130059179646,4.4103,INR,94.60353880774831,0,Finance,No rating
RHFL,Reliance Home Finance Ltd.,1.96,INR,0,301361,0.6983729789693934,954594271,INR,,,,,0,Finance,No rating
RELCHEMQ,Reliance Chemotex Industries Ltd,128.07,INR,0.6127739806740411,7670,2.30829420970266,952752016,INR,18.37340755193389,6.9704,INR,29.984149184149185,0.395882818685669,Process industries,No rating
SELMC,SEL Manufacturing Co. Ltd.,27.68,INR,-1.9830028328611853,10143,2.952666511411272,947652455,INR,,-50.6603,INR,-28.413221464601655,0,Process industries,No rating
BAGFILMS,B.A.G. Films & Media Ltd.,4.61,INR,1.5418502202643234,141060,3.0768224054443136,945117367,INR,18.824009799918336,0.2449,INR,-20.538611291369232,0,Consumer services,No rating
INVENTURE,Inventure Growth & Securities Ltd.,0.91,INR,2.247191011235957,1402535,1.4896539872395511,944999975,INR,24.93150684931507,0.0365,INR,3.3994334277620384,0,Finance,No rating
SPLIL,SPL Industries Limited,30.92,INR,-1.0559999999999947,12261,0.7852216180906453,943950102,INR,12.698673456815477,2.4349,INR,-27.8847292974766,0,Consumer non-durables,No rating
AMDIND,AMD Industries Limited,47.57,INR,-4.247181964573268,33076,1.0640091101517715,943387362,INR,,-2.2614,INR,-533.8001150968732,0,Producer manufacturing,No rating
RNPL,Renol Polychem Limited,74.6,INR,-4.358974358974367,3600,1,942588036,INR,7.0334229010512415,10.6065,INR,,0,Process industries,No rating
VELS,Vels Film International Ltd.,73,INR,4.509663564781683,1200,0.3448275862068966,942284000,INR,,-17.45,INR,-152.33639253794013,0,Consumer services,No rating
AKSHOPTFBR,Aksh Optifibre Limited,5.66,INR,-1.906412478336212,168950,1.285276640677123,942021226,INR,,-0.8014,INR,49.78696741854637,0,Electronic technology,No rating
MAITREYA,Maitreya Medicare Limited,120,INR,-13.043478260869565,26800,4.855072463768116,935088000,INR,,-3.6431,INR,-226.3955868577178,0,Health services,No rating
GOYALALUM,Goyal Aluminiums Limited,6.46,INR,-1.2232415902140683,59781,1.3223105763169245,930617776,INR,21.035493324649952,0.3071,INR,91.69787765293381,0,Distribution services,No rating
EXCELLENT,Excellent Wires & Packaging Limited,209.25,INR,0.6009615384615385,16000,1.4492753623188406,929760000,INR,61.98530718644469,3.3758,INR,32.32204452806521,0,Producer manufacturing,No rating
RAJMET,Rajnandini Metal Ltd.,3.33,INR,-0.8928571428571371,162977,0.6497150816563856,928972800,INR,,-0.0124,INR,82.77777777777777,0,Non-energy minerals,No rating
PARAGON,Paragon Fine And Speciality Chemical Limited,49,INR,3.594080338266391,3600,0.410958904109589,925471800,INR,10.590015128593041,4.627,INR,52.97890630165972,0,Process industries,No rating
REGENCERAM,Regency Ceramics Ltd,33.6,INR,-1.0017678255745324,8301,0.8737526840975117,925455494,INR,,-9.0228,INR,-1160.383123751322,0,Producer manufacturing,No rating
MOKSH,Moksh Ornaments Ltd.,10.29,INR,-4.01119402985076,355221,2.374232280030552,925379536,INR,10.067508071617258,1.0221,INR,-25.811134499528194,0,Consumer durables,No rating
PURVFLEXI,Purv Flexipack Ltd,45.75,INR,3.7414965986394524,14400,4.615384615384615,925339275,INR,28.057156874770023,1.6306,INR,-67.11173860427591,0,Distribution services,No rating
IDEALTECHO,Ideal Technoplast Industries Limited,185,INR,0,500,0.06993006993006994,925000000,INR,33.31892514948491,5.5524,INR,-12.596417214998587,0,Process industries,No rating
FORGEAUTO,Forge Auto International Ltd.,85,INR,0.8303677342823285,2400,0.7142857142857143,920556000,INR,7.528786536758194,11.29,INR,12.371852294217165,0,Producer manufacturing,No rating
SMLT,Sarthak Metals Ltd,67.54,INR,1.122922593202575,2860,0.6978503281848571,918992861,INR,20.05344418052257,3.368,INR,11.915996544161628,0.74482347683599,Non-energy minerals,No rating
OSWALSEEDS,ShreeOswal Seeds & Chemicals Ltd.,10.1,INR,0.6979062811565333,56180,1.032806022557013,917444100,INR,12.80101394169835,0.789,INR,104.51010886469676,0,Process industries,No rating
CURIS,Curis Lifesciences Limited,112,INR,1.8181818181818181,12000,1.6901408450704225,905456608,INR,12.23375204806117,9.155,INR,,0,Health technology,No rating
AAKASH,Aakash Exploration Services Ltd.,9,INR,0.896860986547086,102950,0.6291191415380573,903150000,INR,,,,,0,Energy minerals,No rating
BVCL,Barak Valley Cements Limited,41.08,INR,0.7109585682765364,5617,0.5830210809295954,894599170,INR,299.19883466860887,0.1373,INR,-94.11133985246181,0,Non-energy minerals,No rating
SHREEOSFM,Shree OSFM E-Mobility Limited,60.5,INR,4.490500863557861,5000,0.5319148936170213,891856860,INR,12.298247753791111,4.9194,INR,-28.749782747233642,0,Transportation,No rating
PALASHSECU,Palash Securities Ltd.,89.11,INR,0.9058996716113658,1245,0.7610489638730973,890276020,INR,5.546944543004227,16.0647,INR,,0,Consumer non-durables,No rating
ORIENTLTD,Orient Press Limited,98.44,INR,10.247508119610249,682320,46.680212630585146,890199966,INR,,-1.1717,INR,57.78418303008467,0,Process industries,No rating
HAPPY,Happy Steels Ltd.,63.85,INR,2.570281124497994,22000,,889314705,INR,,,,,0,Producer manufacturing,No rating
ROXHITECH,ROX Hi-Tech Limited,45.55,INR,17.54838709677419,121600,4.130434782608695,888835448.75,INR,5.868181701064131,7.7622,INR,-41.19010819165379,0,Technology services,No rating
NIBL,NRB Industrial Bearings Ltd.,36.91,INR,-0.18929150892374333,75798,0.8734501037105323,884418723,INR,,-12.1583,INR,-258.0703875606173,0,Producer manufacturing,No rating
DELAPLEX,DelaPlex Limited,95.55,INR,-0.778816199376947,5400,0.967741935483871,881961624,INR,6.732286793303647,14.1928,INR,7.26523825718928,0,Technology services,No rating
ABAN,Aban Offshore Limited,14.96,INR,0.20093770931012148,29746,0.5044636194662651,880149111,INR,,-135.4511,INR,18.470385638866173,0,Industrial services,No rating
SELLOWRAP,Sellowrap Industries Limited,63.5,INR,-0.78125,3200,0.11764705882352941,879630080,INR,8.605268863833478,7.3792,INR,,0,Producer manufacturing,No rating
CINEVISTA,Cinevista Ltd.,15.32,INR,0.19620667102682238,16198,1.0510469590495286,875906284,INR,14.4269705245315,1.0619,INR,,0,Consumer services,No rating
FIBERWEB,Fiberweb (India) Limited,30.68,INR,0.821557673348669,20763,1.35410280824866,875268028,INR,8.824206166589969,3.4768,INR,-33.28600211071669,0,Producer manufacturing,No rating
VIAZ,Viaz Tyres Ltd.,61,INR,-1.294498381877018,6000,0.6122448979591837,872727000,INR,15.532695049908332,3.9272,INR,45.981711396922165,0,Consumer durables,No rating
MYMUDRA,My Mudra Fincorp Ltd.,79.55,INR,3.9869281045751594,22800,0.4175824175824176,871472700,INR,7.5498021202084145,10.5367,INR,13.170076795016383,0,Finance,No rating
KAYTEX,Kaytex Fabrics Limited,58.5,INR,-0.847457627118644,14400,1.1842105263157894,867252800,INR,4.933045502074409,11.8588,INR,,0,Process industries,No rating
AMBANIORGO,Ambani Orgochem Ltd,112.5,INR,-4.661016949152542,9000,1.8,861599250,INR,107.55258126195028,1.046,INR,,0,Process industries,No rating
KEN,KEN Enterprises Ltd.,35.2,INR,0.5714285714285796,3600,0.4225352112676056,859791800,INR,5.6155576472089725,6.2683,INR,9.599076810099145,0,Process industries,No rating
USASEEDS,Upsurge Seeds of Agriculture Ltd.,85.1,INR,0.7100591715976264,1284,0.8823529411764706,858269922.8000001,INR,13.407698003812763,6.3471,INR,-14.741084021761026,0,Process industries,No rating
MAYASHEEL,Mayasheel Ventures Limited,38.45,INR,5.631868131868144,9000,1.25,847822500,INR,5.800971606167588,6.6282,INR,,0,Industrial services,No rating
BLBLIMITED,BLB Limited,16.11,INR,2.6114649681528674,49420,1.508298387933613,844786787,INR,2.5560068540965917,6.3028,INR,763.160777869077,0,Finance,No rating
ZENITHDRUG,Zenith Drugs Ltd.,49,INR,-0.5076142131979695,800,0.22727272727272727,844578400,INR,21.286763108736263,2.3019,INR,-44.8725931602644,0,Health technology,No rating
KOHINOOR,Kohinoor Foods Limited.,23.21,INR,1.2652705061081986,81373,0.7188059269048052,844489465,INR,1.0673963531007842,21.7445,INR,-77.89928060478798,0,Process industries,No rating
PARSVNATH,Parsvnath Developers Limited,1.92,INR,-1.5384615384615399,90716,0.6565402163088538,844251520,INR,,-10.1423,INR,22.143410941973908,0,Finance,No rating
FONEBOX,Fonebox Retail Limited,82,INR,0,4000,0.5797101449275363,841320000,INR,12.372502866799444,6.6276,INR,49.57683540589947,0,Retail trade,No rating
WOL3D,WOL 3D India Limited,131,INR,0.5372217958557088,2000,0.20833333333333334,840695600,INR,12.678932646799778,10.3321,INR,19.225709669974613,0,Electronic technology,No rating
KEL,Kundan Edifice Limited,78.1,INR,-4.1129527317372725,12000,1.5625,836654400,INR,10.324951746384283,7.5642,INR,-1.1577461844031003,0,Producer manufacturing,No rating
VAISHALI,Vaishali Pharma Ltd.,7.72,INR,-0.5154639175257737,60695,0.790499162548873,831810961,INR,24.125,0.32,INR,353.257790368272,0,Health technology,No rating
LPDC,Landmark Property Development Co. Ltd.,6.11,INR,0.1639344262295193,28889,0.5224097867069323,830346155,INR,52.763385146804836,0.1158,INR,,0,Finance,No rating
ENERGYDEV,Energy Development Co. Ltd.,17.14,INR,-1.7765042979942622,9005,0.326543785151958,829349957,INR,,-0.0553,INR,99.72993563384547,0,Utilities,No rating
ZEAL,Zeal Global Services Ltd.,63,INR,1.6129032258064515,1800,0.9090909090909091,825204500,INR,7.524364609210778,8.3728,INR,-23.58422546523195,0,Transportation,No rating
ZENITHSTL,Zenith Steel Pipes & Industries Limited,5.72,INR,-1.8867924528301943,92940,0.7170034901267307,822381001,INR,17.830423940149625,0.3208,INR,1930.3797468354428,0,Non-energy minerals,No rating
KANDARP,Kandarp Digi Smart BPO Limited,96.7,INR,5.856595511767935,18000,3.6,819683550,INR,46.88484848484848,2.0625,INR,16.086002138796648,0,Commercial services,No rating
DIGJAMLMTD,Digjam Ltd.,42.97,INR,6.361386138613863,135836,2.941331866666089,819000015,INR,,-0.4951,INR,91.61046531331549,0,Process industries,No rating
RSSOFTWARE,R. S. Software (India) Limited,32.09,INR,2.655150351887402,11983,2.5198721453505493,813683149,INR,,-12.7775,INR,-6031.987000928505,0,Technology services,No rating
NOIDATOLL,Noida Toll Bridge Co. Ltd.,4.44,INR,2.77777777777778,187219,1.8862520087250452,813672227,INR,3.036520311858843,1.4622,INR,,0,Commercial services,No rating
MARUSHIKA,Marushika Technology Limited,94,INR,-0.5291005291005291,15600,4.0625,806724576,INR,,,,,0,Technology services,No rating
TOTAL,Total Transport Systems Ltd.,48.1,INR,-3.7615046018407274,7949,1.0330084470435348,806026063,INR,9.945002687838565,4.8366,INR,-12.655759020478927,0,Transportation,No rating
BANARBEADS,Banaras Beads Limited,119.56,INR,-1.9598195981959825,10400,1.014960914245562,804641961,INR,42.067485310157984,2.8421,INR,-40.29327114976577,1.85567010309278,Consumer durables,No rating
HDIL,Housing Development & Infrastructure Ltd.,1.66,INR,-1.1904761904761916,65102,0.5705331736006521,796326748,INR,,,,,0,Finance,No rating
MAL,Mangalam Alloys Ltd.,32.4,INR,1.2499999999999956,6400,0.21978021978021978,789949632,INR,5.450874831763122,5.944,INR,9.868579139017763,0,Non-energy minerals,No rating
SADBHIN,Sadbhav Infrastructure Project Ltd.,2.32,INR,2.654867256637171,106993,0.5584281983979891,788984496,INR,,-0.5608,INR,73.65775752736154,0,Transportation,No rating
HISARMETAL,Hisar Metal Industries Limited,146.12,INR,-0.9288765340023084,319,0.33053569578282044,788670030,INR,23.344463438403658,6.2593,INR,6.28979945320858,0.684697021567956,Non-energy minerals,No rating
DIVYADHAN,Divyadhan Recycling Industries Ltd.,53.75,INR,-1.9160583941605789,2000,0.2222222222222222,784007927.2,INR,788.1231671554252,0.0682,INR,-93.64872415719873,0,Process industries,No rating
ALKALI,Alkali Metals Ltd.,69.99,INR,-1.575024609759534,9403,1.5560409737046783,773870426,INR,67.12381317732809,1.0427,INR,,0.657894736842105,Process industries,No rating
BIKEWO,Bikewo Green Tech Limited,62.2,INR,4.978902953586503,146000,2.0679886685552407,772812562.5,INR,24.51521362131484,2.5372,INR,403.1132262542137,0,Retail trade,No rating
AMEYA,Ameya Precision Engineers Ltd.,107.85,INR,4.861448711716092,10000,2.9411764705882355,771375000,INR,14.476704385293761,7.4499,INR,26.13907654797582,0,Producer manufacturing,No rating
CALSOFT,California Software Co. Ltd.,21.77,INR,-0.04591368227732582,87908,0.7011929564837299,770776794,INR,9.201961281596077,2.3658,INR,1177.4298056155508,0,Technology services,No rating
BEWLTD,BEW Engineering Ltd.,58.85,INR,-0.08488964346349263,24500,1.3101604278074865,770018816,INR,20.405686546463247,2.884,INR,-68.71168972064008,0,Producer manufacturing,No rating
IEML,Indian Emulsifiers Ltd.,43.4,INR,3.4564958283670935,18000,0.4878048780487805,769078620.9499999,INR,3.766641787158702,11.5222,INR,5.892840731550405,0,Process industries,No rating
SHKSIL,Shri Hare-Krishna Sponge Iron Limited,40,INR,-4.420549581839907,2000,0.19607843137254902,767642000,INR,12.377769525931427,3.2316,INR,-32.57526758330031,0,Non-energy minerals,No rating
PREMIUM,Premium Plast Limited,38.5,INR,-3.75,9000,1.875,763884000,INR,10.699496984687213,3.5983,INR,6.496389250621523,0,Producer manufacturing,No rating
MAXPOSURE,Maxposure Limited,33.5,INR,-3.179190751445091,6000,0.821917808219178,761821825,INR,8.035500119932838,4.169,INR,11.527246462106401,0,Commercial services,No rating
ASHALOG,Ashapura Logistics Limited,55.9,INR,-0.1785714285714311,4000,0.4444444444444444,757787163.9,INR,7.743669307918213,7.2188,INR,-20.346912653925934,0,Transportation,No rating
ATAM,Atam Valves Ltd.,66.08,INR,0.30358227079538985,8034,1.1095918790138803,756901896,INR,31.286397424364377,2.1121,INR,-61.56323930846224,1.28729365439952,Producer manufacturing,No rating
ARABIAN,Arabian Petroleum Limited,69.45,INR,0,4000,0.6060606060606061,756449400,INR,6.746910701795291,10.2936,INR,23.42002086255891,0,Process industries,No rating
VDEAL,Vdeal System Ltd.,154,INR,0.32573289902280134,600,0.15384615384615385,750685610,INR,18.101462222013257,8.5076,INR,,0,Producer manufacturing,No rating
UTKAL,Utkal Speciality Industries India Limited,40.25,INR,4.954367666232069,78000,0.7587548638132295,749128900,INR,,,,,0,Process industries,No rating
TOUCHWOOD,Touchwood Entertainment Ltd.,67,INR,-0.430970426512121,816,1.596244131455399,745657015,INR,18.254141238012206,3.6704,INR,-21.57264957264957,0,Commercial services,No rating
ACCURACY,Accuracy Shipping Ltd.,4.97,INR,-1.1928429423459344,94728,1.795124465601407,745271959,INR,19.690966719492867,0.2524,INR,-18.34357813005499,0,Transportation,No rating
VINEETLAB,Vineet Laboratories Ltd.,38.87,INR,0.9086188992730901,49004,0.6197193785607247,743282524,INR,,-9.0944,INR,-28.874277292823948,0,Process industries,No rating
TOKYOPLAST,Tokyo Plast International Ltd,81.38,INR,1.5346225826575042,2054,1.4636927242927387,742534424,INR,121.95414356361456,0.6673,INR,-51.753307786855615,0,Producer manufacturing,No rating
LCCINFOTEC,LCC Infotech Ltd.,4.34,INR,-0.9132420091324209,63940,2.1257850343935663,741810703,INR,,-0.0459,INR,79.35222672064778,0,Technology services,No rating
K2INFRA,K2 Infragen Limited,56.3,INR,-4.088586030664405,15600,0.7975460122699386,740699727.8,INR,5.347491997758422,10.5283,INR,15.072191315182575,0,Industrial services,No rating
DOLLEX,Dollex Agrotech Limited,29.85,INR,0.674536256323787,12000,0.5263157894736835,740301200,INR,12.549926424216945,2.3785,INR,,0,Process industries,No rating
RILINFRA,Rachana Infrastructure Limited,39.35,INR,-0.37974683544303434,7600,0.46200607902735563,734897500,INR,7.235051849672723,5.4388,INR,146.6128593452435,0,Industrial services,No rating
DAMODARIND,Damodar Industries Limited,28,INR,-2.9126213592233006,814,0.23295080559768766,728590987,INR,12.143290831815422,2.3058,INR,32.7384721662541,0,Process industries,No rating
DCCL,Dar Credit & Capital Limited,51,INR,0,10000,0.4098360655737705,728076000,INR,6.88602946140448,7.4063,INR,5.152341198852824,1.96078431372549,Finance,No rating
ALCODIS,Alcokraft Distilleries Limited,71,INR,4.335047759000739,625,0.5263157894736842,727750000,INR,8.112060691924501,8.7524,INR,-3.9095350496788672,0,Consumer non-durables,No rating
AISL,ANI Integrated Services Ltd.,59.5,INR,-4.417670682730924,600,0.16393442622950818,727528234,INR,10.514225128114509,5.659,INR,-34.506862949332216,0,Commercial services,No rating
NAGREEKEXP,Nagreeka Exports Ltd,22.83,INR,-1.3396715643906754,9044,1.1318582298758773,726545072,INR,23.239006514657977,0.9824,INR,-2.982421489235621,0,Process industries,No rating
VEEKAYEM,Veekayem Fashion And Apparels Limited,122,INR,0,500,0.3125,716839060,INR,7.272597211376249,16.7753,INR,28.955460233999062,0,Process industries,No rating
SERVICE,Service Care Limited,61.8,INR,-0.6430868167202664,12000,0.45454545454545453,715206700,INR,16.340560549973556,3.782,INR,111.69885250489784,0,Commercial services,No rating
JYOTIGLOBL,Jyoti Global Plast Limited,36,INR,0,2000,0.22727272727272727,713520000,INR,10.154861640010154,3.5451,INR,,0,Producer manufacturing,No rating
BRACEPORT,Brace Port Logistics Limited,65,INR,3.1746031746031744,1600,0.35714285714285715,711975600,INR,16.570219491676653,3.9227,INR,-38.07697164867084,0,Transportation,No rating
PRAKASHSTL,Prakash Steelage Limited,4.06,INR,1.246882793017452,140092,1.714804714084969,707001596,INR,84.75991649269311,0.0479,INR,-35.35762483130904,0,Non-energy minerals,No rating
ITTL,Innovative Tyres & Tubes Ltd.,69.25,INR,-1.9815994338287413,105,0.7692307692307693,706500015,INR,,-1.9114,INR,88.06620589759439,0,Consumer durables,No rating
INTEGRITY,Integrity Infrabuild Developers Limited,163,INR,1.875,1200,0.10638297872340426,704000000,INR,9.908814589665655,16.45,INR,,0,Industrial services,No rating
ODIGMA,Odigma Consultancy Solutions Limited,23.06,INR,1.8551236749116524,13595,1.234752913181294,700189258,INR,,,,,,Technology services,No rating
GENSOL,Gensol Engineering Limited,17.44,INR,-4.959128065395095,82755,0.6110938398816728,697344674,INR,,,,,0,Industrial services,No rating
SIDDHICOTS,Siddhi Cotspin Limited,28.55,INR,0,4800,0.5063291139240507,696805289.5,INR,7.231509625126646,3.948,INR,,0,Process industries,No rating
AJOONI,Ajooni Biotech Limited,3.97,INR,-1.4888337468982642,341800,0.5599521501392587,694141709,INR,15.86730615507594,0.2502,INR,36.4975450081833,0,Miscellaneous,No rating
TRUST,Trust Fintech Limited,28.5,INR,-1.7241379310344827,10200,1.3492063492063493,690930800,INR,8.632701278245593,3.3014,INR,-0.5033000813718609,1.72413793103448,Technology services,No rating
BONLON,Bonlon Industries Ltd,40.55,INR,-0.9042033235581732,7188,1.3960263357221931,686462725,INR,23.308616428119787,1.7397,INR,-8.292040063257774,0,Producer manufacturing,No rating
CAPTRUST,Capital Trust Ltd. (India),15.38,INR,4.98293515358362,76021,1.058729318700908,684551100,INR,,-16.4153,INR,-3929.9813345776947,0,Finance,No rating
IL&FSTRANS,IL&FS Transportation Networks Limited,2.12,INR,4.950495049504955,28700,1.36942508004218,684236821,INR,,,,,0,Industrial services,No rating
DIGIDRIVE,Digidrive Distributors Limited,17.83,INR,-0.6685236768802284,9965,0.6349398511571006,681388728,INR,12.724807308021694,1.4012,INR,-31.518498607106203,0,Retail trade,No rating
CURAA,Cura Technologies Limited,72.62,INR,1.7514361776656857,243,0.33971760100657067,680723995,INR,,-1.4991,INR,36.930455635491604,0,Technology services,No rating
WOMANCART,Womancart Limited,99.95,INR,3.6825726141078805,11200,0.3689064558629776,679195840,INR,8.948075201432408,11.17,INR,-20.042949176807447,0,Retail trade,No rating
UMAEXPORTS,Uma Exports Ltd.,19.47,INR,-2.795806290564165,9854,0.21832813029673925,678225166,INR,77.88,0.25,INR,-75.8500772797527,0,Distribution services,No rating
ONYX,Onyx Biotec Ltd.,38.9,INR,4.993252361673418,6000,0.9090909090909091,671798010,INR,,-0.1166,INR,-104.26746696922007,0,Health technology,No rating
PARASPETRO,Paras Petrofils Limited,2.18,INR,9.547738693467345,418011,3.1843022600333355,668442017,INR,,-0.0121,INR,-705,0,Process industries,No rating
PARAMATRIX,Paramatrix Technologies Ltd.,58.05,INR,0.08620689655171923,1200,0.2631578947368421,667510400,INR,25.349344978165938,2.29,INR,-54.20824251634705,0,Technology services,No rating
NGIL,Nakoda Group of Industries Ltd.,39.04,INR,2.601839684625498,10044,0.8642527707028673,666446033,INR,45.363699744364396,0.8606,INR,,0,Consumer non-durables,No rating
PIONEEREMB,Pioneer Embroideries Limited,23.04,INR,4.4897959183673395,10875,0.933941361364456,666051514,INR,115.02745881178232,0.2003,INR,-86.27047775721435,0,Consumer non-durables,No rating
SYNOPTICS,Synoptics Technologies Limited,78.1,INR,2.2920759659463,1200,0.28169014084507044,662288000,INR,16.194583834446146,4.8226,INR,1.2003189658790618,0,Technology services,No rating
JHS,JHS Svendgaard Laboratories Limited,7.4,INR,-1.2016021361815736,57649,1.9750654369544065,647676738,INR,,-0.2277,INR,90.30031948881789,0,Consumer non-durables,No rating
AGRITECH,Agri-Tech (India) Ltd.,111.98,INR,1.2568948367845199,1132,0.5388679963821583,645975006,INR,,-1.3369,INR,-41.127414757732495,0,Process industries,No rating
AUSL,Aditya Ultra Steel Limited,26.5,INR,1.9230769230769231,2000,0.5555555555555556,645724742,INR,16.319743810814142,1.6238,INR,-56.7712908979581,0,Non-energy minerals,No rating
MARCO,Marco Cables & Conductors Ltd.,32.9,INR,-4.6376811594202945,4500,0.75,645115500,INR,14.628073451602864,2.2491,INR,-19.053446104012966,0,Producer manufacturing,No rating
SLONE,Slone Infosystems Limited,128.3,INR,4.905968928863462,9200,2.0535714285714284,644400289.9,INR,8.213828425096033,15.62,INR,11.24959937324169,0.408830744071954,Distribution services,No rating
SIGNORIA,Signoria Creation Limited,135,INR,0,1000,0.09615384615384616,642330000,INR,15.351026813126834,8.7942,INR,38.62669062706895,0,Consumer non-durables,No rating
RKEC,RKEC Projects Ltd.,26.96,INR,0.8604564160119732,35907,1.570089289618442,641268692,INR,6.978128639834347,3.8635,INR,-59.384592742105035,0,Industrial services,No rating
SAMAY,Samay Project Services Limited,41.55,INR,-4.919908466819234,8000,0.37037037037037035,637764246,INR,9.35600090069804,4.441,INR,,0,Industrial services,No rating
ADDICTIVE,Addictive Learning Technology Ltd.,41.9,INR,4.7499999999999964,49500,2.5714285714285716,636389280,INR,,-3.2236,INR,-147.88615229210612,0,Technology services,No rating
OMFURN,Omfurn India Ltd.,56.6,INR,4.91195551436515,38400,1.5165876777251213,635228927,INR,,,,,0,Producer manufacturing,No rating
SEL,Sungarner Energies Limited,264.5,INR,-3.1135531135531136,1400,0.125,633018750,INR,16.02505846571425,16.5054,INR,121.68587315657993,0,Electronic technology,No rating
LRRPL,Lead Reclaim & Rubber Products Ltd.,86,INR,-0.05810575246949118,1500,0.14925373134328357,631751133.75,INR,18.198362147406733,4.7257,INR,164.00558659217876,0,Process industries,No rating
ATLASCYCLE,Atlas Cycles Haryana Ltd.,97.47,INR,0.38105046343975757,10387,1.763437574275916,631149990,INR,,-12.3561,INR,-184.47979980992883,0,Consumer durables,No rating
NAMAN,Naman Industries Proxima Limited,47.5,INR,-0.6276150627615004,800,0.17543859649122806,624553844,INR,,-1.75,INR,-130.78709405017418,0,Producer manufacturing,No rating
GATECH,GACM Technologies Limited,0.49,INR,2.0833333333333353,11410406,1.5562983088290312,623796735,INR,5.9393939393939394,0.0825,INR,40.54514480408859,0,Finance,No rating
DHANSA,Dhansa Labs Limited,20.3,INR,-1.694915254237278,2000,0.125,623670500,INR,9.184273628014296,2.2103,INR,15.287919883162953,0,Process industries,No rating
RAJTV,Raj Television Network Limited,11.81,INR,1.199657240788351,26518,1.3497775651271111,622960144,INR,78.73333333333333,0.15,INR,,0,Consumer services,No rating
MHHL,Mohini Health & Hygiene Ltd.,33.85,INR,0.14792899408285284,3000,0.5128205128205128,616373436,INR,,-9.1436,INR,-382.61111454534216,0,Health technology,No rating
GJL,Grover Jewells Ltd.,154.55,INR,-3.4062499999999925,10400,0.43333333333333335,615168000,INR,,,,,0,Consumer durables,No rating
MALUPAPER,Malu Paper Mills Limited,35.2,INR,-1.345291479820619,114211,0.8905313355747819,614303559,INR,,-7.0773,INR,25.998306094921425,0,Process industries,No rating
SUNTECH,Suntech Infra Solutions Limited,31,INR,-1.8987341772151944,20800,0.47794117647058826,611858160,INR,,,,,0,Industrial services,No rating
SUNDARAM,Sundaram Multi Pap Limited,1.28,INR,0,240203,0.770455300679103,611302314,INR,20.545746388443018,0.0623,INR,,0,Producer manufacturing,No rating
CTE,Cambridge Technology Enterprises Limited,31.96,INR,1.460317460317463,8441,0.8493147928279636,611113505,INR,129.86590816741162,0.2461,INR,,0,Technology services,No rating
PSFL,Paramount Speciality Forgings Limited,31,INR,0,18000,1.2857142857142858,610142000,INR,14.333271684852969,2.1628,INR,-4.676274846842086,0,Producer manufacturing,No rating
DELTAMAGNT,Delta Manufacturing Limited,56.22,INR,0.6985491671144557,1864,0.8300307253862939,609832952,INR,,-11.4415,INR,-2.695400854486052,0,Producer manufacturing,No rating
KHAITANLTD,Khaitan India Ltd.,130.83,INR,1.5524334394162849,385,0.27932960893854747,608475029,INR,10.272375373937077,12.7361,INR,-13.320356897361382,0,Consumer durables,No rating
PANACHE,Panache Digilife Ltd.,426.45,INR,1.9239961759082245,7878,0.8037217274201941,600000000,INR,43.40502193406549,9.8249,INR,111.76178980946634,0,Electronic technology,No rating
MILTON,Milton Industries Ltd.,35.15,INR,-4.871447902571053,2200,0.45454545454545453,597374305,INR,,,,,,Non-energy minerals,No rating
CADSYS,Cadsys (India) Ltd.,59.2,INR,-4.975922953451035,500,0.37037037037037035,592147983,INR,,,,,,Technology services,No rating
HGM,HandsOn Global Management (HGM) Ltd,52.4,INR,12.133533062272635,11777,3.1995761790915016,591459857,INR,156.46461630337416,0.3349,INR,-88.60923097853814,0,Technology services,No rating
PALREDTEC,Palred Technologies Limited,45.24,INR,-0.5932762030322919,7898,15.468076772424597,590955321,INR,,-4.3017,INR,32.170169822923725,0,Distribution services,No rating
AGROPHOS,Agro Phos India Ltd.,28.72,INR,-1.1019283746556485,6909,0.9100728427098015,588760307,INR,8.222158602920127,3.493,INR,40.574694140373474,3.4435261707989,Process industries,No rating
SECURKLOUD,SecureKloud Technologies Limited,17.51,INR,0.22896393817975216,26703,1.8350937716905253,588694913,INR,,-47.1008,INR,-1029.623944742901,0,Technology services,No rating
SAJHOTELS,Saj Hotels Limited,36.9,INR,1.0958904109589003,36000,0.5389221556886228,588562500,INR,21.43106051806249,1.7218,INR,-29.126533300403384,0,Consumer services,No rating
SANGANI,Sangani Hospital Ltd.,44.8,INR,4.918032786885232,7500,0.46296296296296297,588277473,INR,20.677559309517218,2.1666,INR,-8.489609731373546,0,Health services,No rating
CRAYONS,Crayons Advertising Ltd.,25.25,INR,4.989604989604986,3000,0.24793388429752067,587541500,INR,16.390782213567025,1.5405,INR,-65.10363574583758,0,Commercial services,No rating
REFRACTORY,Refractory Shapes Ltd.,25.9,INR,-3.717472118959108,11000,0.7692307692307693,586420000,INR,11.790949649458252,2.1966,INR,-24.362108742811888,0,Non-energy minerals,No rating
TRU,TruCap Finance Limited,4.91,INR,0.6147540983606609,50414,0.3710840890354493,583611763,INR,,-9.4542,INR,-71.19110563864848,0,Finance,No rating
SFML,Supreme Facility Management Limited,23.05,INR,-1.9148936170212734,3200,0.3508771929824561,583486200,INR,7.348252996684519,3.1368,INR,,0,Commercial services,No rating
FCONSUMER,Future Consumer Limited,0.27,INR,-3.571428571428574,3267712,1.2130209002098808,579140037,INR,,-0.2496,INR,4.367816091954031,0,Consumer non-durables,No rating
MMEL,Moving Media Entertainment Limited,29.25,INR,-4.878048780487805,2000,0.136986301369863,578294801.25,INR,4.363652638331518,6.7031,INR,,0,Finance,No rating
TFL,Transwarranty Finance Limited,11.17,INR,7.3006724303554265,13657,1.3490526898077722,576515409,INR,,-0.8117,INR,-29.29276839757884,0,Finance,No rating
3PLAND,3P Land Holdings Limited,32.29,INR,2.280646183085204,5697,1.5015022929734858,576000000,INR,26.661712492775163,1.2111,INR,4.297278677230456,0,Finance,No rating
FMNL,Future Market Networks Limited,9.18,INR,-0.32573289902281366,10952,0.4149207816513483,574908718,INR,7.779661016949153,1.18,INR,-89.52740181939205,0,Transportation,No rating
ANMOL,Anmol India Ltd.,10.04,INR,-0.9861932938856155,39972,1.3022825456606872,574263785,INR,5.08611955420466,1.974,INR,60.72300928187592,0,Distribution services,No rating
RCDL,Rajgor Castor Derivatives Limited,24,INR,0,3000,0.4166666666666667,573980448,INR,4.5436474129607545,5.2821,INR,40.246395666834815,0.416666666666667,Process industries,No rating
ANSALAPI,Ansal Properties & Infrastructure Ltd.,3.09,INR,1.980198019801982,5851,0.1861230046888619,571370249,INR,,-66.29,INR,-2116.6861728807894,0,Finance,No rating
BALKRISHNA,Balkrishna Paper Mills Ltd.,17.54,INR,0,12176,1.5003018840026123,568674728,INR,,-2.0267,INR,-171.7314362568132,0,Process industries,No rating
VILINBIO,Vilin Bio Med Ltd.,42.6,INR,4.797047970479712,8000,0.5882352941176471,567067500,INR,31.122150789012274,1.3688,INR,754.4319600499376,0,Health technology,No rating
GANGAFORGE,Ganga Forging Limited,1.68,INR,0.5988023952095813,13472825,23.247698969015953,562799261,INR,,-0.1324,INR,-2306.6666666666665,0,Producer manufacturing,No rating
ROLLT,Rollatainers Limited,2.22,INR,2.3041474654378002,108683,0.4403494498619996,562792511,INR,3.3590558329550615,0.6609,INR,,0,Process industries,No rating
DELTIC,Delta Autocorp Limited,35.2,INR,-4.347826086956506,17000,1.6346153846153846,562660886.4,INR,7.783822033523507,4.5222,INR,,0,Consumer durables,No rating
HYBRIDFIN,Hybrid Financial Services Ltd.,18.76,INR,3.417861080485121,1986,0.18239426918308307,559289234,INR,20.446866485013626,0.9175,INR,-29.607181218351997,0,Finance,No rating
ARVINDPORT,Arvind Port & Infra Ltd.,30.25,INR,-2.4193548387096775,4500,0.5263157894736842,551747300,INR,41.03364080303852,0.7372,INR,-88.6885673515106,0,Transportation,No rating
ORCHASP,Orchasp Ltd,1.6,INR,1.2658227848101276,163464,0.3241247102063672,547352081,INR,49.38271604938272,0.0324,INR,,0,Technology services,No rating
NEWJAISA,Newjaisa Technologies Limited,15.4,INR,1.3157894736842175,28500,10,542194518.4,INR,,-8.4128,INR,-2251.257685858022,0,Retail trade,No rating
KLL,Kaushalya Logistics Ltd.,28.15,INR,-3.2646048109965733,16800,0.8171206225680934,539223000,INR,4.267608623146661,6.5962,INR,3.181704417469643,0,Transportation,No rating
KSR,KSR Footwear Ltd,28.51,INR,-3.4214092140921344,21014,1.464880238686111,535913664.00000006,INR,,,,,,Consumer non-durables,No rating
TROM,Trom Industries Limited,58,INR,0,1200,0.39215686274509803,533302228,INR,7.705593197821177,7.527,INR,50.07476821852257,0,Industrial services,No rating
GRAPHISAD,Graphisads Limited,29,INR,0,6000,1,530018500,INR,12.391573729863692,2.3403,INR,-49.02528805732831,0,Commercial services,No rating
OSIAHYPER,Osia Hyper Retail Limited,2.96,INR,-1.0033444816053594,324614,1.1213894957350348,529107136.99999994,INR,2.5344635670862234,1.1679,INR,-37.91068580542265,0,Retail trade,No rating
BAWEJA,Baweja Studios Limited,27.15,INR,-4.9036777583187465,16800,1.1666666666666667,526090907.09999996,INR,8.23700737234914,3.2961,INR,-26.66859482068167,0,Consumer services,No rating
BIOFILCHEM,Biofil Chemicals & Pharmaceuticals Ltd.,32.82,INR,2.3386342376052385,6289,0.9918776121756959,520436113,INR,19.175040897405935,1.7116,INR,399.2998833138857,0,Health technology,No rating
SUVIDHAA,Suvidhaa Infoserve Limited,2.41,INR,-3.5999999999999943,184448,2.7182228274245053,518222521,INR,,-0.4737,INR,40.189393939393945,0,Commercial services,No rating
JAIPURKURT,Nandani Creation Ltd.,26.65,INR,-1.3328396890040834,1980,0.13656020028829374,515640228,INR,25.676847480489446,1.0379,INR,-57.215878642977856,0,Consumer non-durables,No rating
STUDIOLSD,Studio LSD Limited,9.4,INR,-5.05050505050505,10000,0.47619047619047616,513728364.59999996,INR,,-0.1926,INR,,0,Consumer services,No rating
DECCANTRAN,Deccan Transcon Leasing Limited,23.4,INR,3.999999999999994,20400,2.463768115942029,511277580,INR,6.518832181858703,3.5896,INR,31.912391591944722,0,Transportation,No rating
ICDSLTD,ICDS Ltd.,39.46,INR,-2.5197628458497925,142,0.30869565217391304,508041301,INR,46.8034634088483,0.8431,INR,-21.710465224254808,0,Finance,No rating
PRITI,Priti International Ltd.,37.11,INR,-1.6432547044791876,3154,0.7100724931334144,503821050,INR,54.95335406486006,0.6753,INR,-81.03089887640449,0,Consumer durables,No rating
PULZ,Pulz Electronics Ltd.,23,INR,0,2000,0.12345679012345678,501584013,INR,10.8067471691021,2.1283,INR,11.394326389615815,0,Consumer durables,No rating
SHIVAMILLS,Shiva Mills Ltd.,59.55,INR,-0.5511022044088266,218,0.2521105585752284,501224838,INR,,-0.1008,INR,97.7143893700966,0,Process industries,No rating
ADROITINFO,Adroit Infotech Limited,9.15,INR,-1.0810810810810774,35328,2.42143429954009,499850946,INR,13.011945392491468,0.7032,INR,168.49942726231387,0,Commercial services,No rating
SVPGLOB,SVP Global Textiles Limited,3.8,INR,-1.8087855297157693,47256,1.3531483549523238,499675006,INR,,,,,0,Distribution services,No rating
LAMOSAIC,Lamosaic India Ltd.,49.65,INR,2.7950310559006244,124800,2.005785920925747,499325786.40000004,INR,30.708807521029193,1.6168,INR,-75.61424412904782,0,Distribution services,No rating
UWCSL,Ultra Wiring Connectivity System Ltd.,95.95,INR,-4.952947003467063,1000,0.45454545454545453,499282606,INR,,,,,,Producer manufacturing,No rating
VINNY,Vinny Overseas Ltd.,1.05,INR,-1.8691588785046744,457680,1.211305090720844,497813900,INR,50.48076923076923,0.0208,INR,-81.83406113537119,0,Process industries,No rating
EFORCE,Electro Force (India) Limited,21,INR,-1.1764705882352942,12000,1.0416666666666667,497250042.5,INR,78.06691449814126,0.269,INR,-50.831657832206176,0,Producer manufacturing,No rating
COUNCODOS,Country Condo's Limited,6.32,INR,-1.250000000000001,58858,0.09857676838763725,496622712,INR,85.98639455782313,0.0735,INR,-4.545454545454549,0,Finance,No rating
DKEGL,D.K. Enterprises Global Limited,65.95,INR,0.07587253414263605,1500,0.4166666666666667,494777200,INR,8.689751495506892,7.5894,INR,0.4287415641127429,3.03490136570561,Process industries,No rating
CHAMUNDA,Chamunda Electrical Limited,45.8,INR,1.8909899888765167,3000,0.29411764705882354,494656500.3,INR,14.311158328906664,3.2003,INR,,0,Industrial services,No rating
SONUINFRA,Sonu Infratech Ltd.,43,INR,2.9940119760479043,39000,2.2222222222222223,491178897,INR,3.568464730290456,12.05,INR,228.35576870674151,0,Industrial services,No rating
AHLADA,Ahlada Engineers Limited,36.52,INR,-3.9200210470928574,24231,3.2485587880412923,491127170,INR,262.3563218390805,0.1392,INR,-95.14627427734578,4.20941857405946,Producer manufacturing,No rating
ITALIANE,Italian Edibles Limited,31.85,INR,-3.4848484848484804,24000,4.615384615384615,487645983,INR,11.698806244260789,2.7225,INR,32.03200775945685,0.303030303030303,Consumer non-durables,No rating
BLUECOAST,Blue Coast Hotels Limited,25.69,INR,-4.851851851851847,6024,3.2383614665089775,486675408,INR,,-1.3945,INR,-102.20993862250066,0,Consumer services,No rating
WHITEFORCE,Happy Square Outsourcing Services Limited,39.85,INR,-4.8926014319809,1600,0.43478260869565216,486056760,INR,,,,,0,Commercial services,No rating
SNEHAA,Snehaa Organics Ltd.,47.5,INR,0.42283298097252187,5000,0.9259259259259259,481466700,INR,5.9986108480141445,7.9185,INR,,0,Industrial services,No rating
RKDL,Ravikumar Distilleries Ltd.,19.48,INR,-2.1597187343043682,11245,0.9342416815519462,480000000,INR,345.39007092198585,0.0564,INR,2.5454545454545427,0,Consumer non-durables,No rating
SUPREMEENG,Supreme Engineering Ltd.,1.95,INR,1.5625000000000013,183287,2.5135526162411974,479903983,INR,,,,,0,Non-energy minerals,No rating
GANGABATH,Ganga Bath Fittings Limited,21.95,INR,1.8561484918793436,18000,0.7142857142857143,478579124.40000004,INR,38.2404181184669,0.574,INR,,0,Producer manufacturing,No rating
PRANIK,Pranik Logistics Limited,43.1,INR,-3.3632286995515694,1600,0.05263157894736842,474537465,INR,6.7428035043804755,6.392,INR,9.208952673842484,0,Transportation,No rating
ARCHIES,Archies Limited,13.99,INR,1.745454545454547,5341,0.29478320381490636,472919983,INR,,-1.2679,INR,-192.74994227661048,0,Retail trade,No rating
ABHAPOWER,Abha Power & Steel Ltd.,25.15,INR,-0.984251968503937,1600,0.2222222222222222,472130882,INR,19.00120882441825,1.3236,INR,,0,Non-energy minerals,No rating
DHRUV,Dhruv Consultancy Services Ltd.,23.99,INR,-2.0416496529195594,11666,2.525818953385152,470370872,INR,,-15.0182,INR,-484.7170632989215,1.81451612903226,Industrial services,No rating
SONAMAC,Sona Machinery Ltd.,35.25,INR,3.6764705882352944,5000,0.9615384615384616,466616000,INR,,-2.5221,INR,-189.87278623098032,0,Producer manufacturing,No rating
TPHQ,Teamo Productions HQ Limited,0.43,INR,7.499999999999993,1496986,0.7838093732644573,460412220,INR,,-0.0022,INR,-105.94594594594595,0,Industrial services,No rating
WEWIN,We Win Ltd.,46.5,INR,-1.7536446228607612,3190,3.845690174804099,458261096,INR,11.99411901261317,3.8769,INR,139.3443635016669,0,Commercial services,No rating
GAYAHWS,Gayatri Highways Ltd.,1.88,INR,0,126331,0.7064500453236151,455338607,INR,,-0.049,INR,-100.10401564055591,0,Industrial services,No rating
AKASH,Akash Infra-Projects Ltd.,26.49,INR,-1.7068645640074245,8450,1.4493996569468268,454445293,INR,69.5093151403831,0.3811,INR,-27.68500948766604,0,Industrial services,No rating
MASKINVEST,Mask Investments Ltd,151,INR,2.6512576478586034,203,1.1927144535840188,448875650,INR,796.8337730870712,0.1895,INR,67.55083996463306,0,Finance,No rating
VISHWAS,Vishwas Agri Seeds Limited,44,INR,-1.7857142857142794,24000,2.542372881355932,448000000,INR,20.563630415478805,2.1397,INR,-68.10179042621388,0,Process industries,No rating
CELEBRITY,Celebrity Fashions Limited,6.99,INR,-0.7102272727272702,15600,0.5343252602266773,447965535,INR,,-2.6726,INR,16.71548769086943,0,Consumer non-durables,No rating
AKI,Aki India Limited,4.19,INR,-1.6431924882628968,72212,0.7029067469781006,447913863,INR,10.307503075030752,0.4065,INR,108.24795081967211,0,Process industries,No rating
REXPRO,Rexpro Enterprises Ltd.,39.9,INR,-4.886769964243157,2000,0.17543859649122806,447137754,INR,19.383987563155852,2.0584,INR,-71.20514793313284,0,Producer manufacturing,No rating
ATCENERGY,Atc Energies System Limited,21.2,INR,-2.5287356321839116,24000,6.0606060606060606,443452050,INR,106.63983903420522,0.1988,INR,,0,Producer manufacturing,No rating
TSC,TSC India Limited,33,INR,8.19672131147541,20000,1.3157894736842106,442827456.5,INR,6.456788432565693,5.1109,INR,,0,Consumer services,No rating
GOLDENTOBC,Golden Tobacco Limited,24.77,INR,3.0794839783603765,7588,2.9136428214875396,439691794,INR,,,,,0,Finance,No rating
VIVIMEDLAB,Vivimed Labs Limited,5.26,INR,1.5444015444015458,38270,0.7290120905142458,439443779,INR,,-21.2796,INR,-452.0429605416764,0,Health technology,No rating
KARMAENG,Karma Energy Limited,37.81,INR,-0.9690937663698205,4354,0.9210136650167111,438962661,INR,41.69147645826442,0.9069,INR,-32.72255192878338,0,Utilities,No rating
BMETRICS,Bombay Metrics Supply Chain Ltd.,37,INR,4.225352112676056,800,0.25,437144160,INR,27.727817745803357,1.3344,INR,-73.22310069430509,0.563380281690141,Industrial services,No rating
SWASTIK,Swastik Pipe Ltd.,19,INR,1.6042780748663141,4800,0.7692307692307693,434428302,INR,,-24.7781,INR,-697.5184267276062,0,Producer manufacturing,No rating
SILKY,Silky Overseas Ltd.,70.95,INR,4.108584005869401,20800,0.6666666666666666,433953507.45,INR,7.2696906667213135,9.7597,INR,,0,Process industries,No rating
VLINFRA,V.L.Infraprojects Limited,27.55,INR,-2.8218694885361573,6000,0.7547169811320755,432879375,INR,5.140980425087238,5.3589,INR,19.979849994402784,0,Industrial services,No rating
BULKCORP,Bulkcorp International Limited,59.75,INR,4.184829991281601,1200,0.43478260869565216,430931570.4,INR,12.02648846664788,4.9682,INR,6.015406610759026,0,Process industries,No rating
LFIC,Lakshmi Finance & Industrial Corp. Ltd.,144.89,INR,1.1095603628750697,1339,2.3619686011642265,429900000,INR,35.82218705960887,4.0447,INR,-85.07545847016715,2.09351011863224,Finance,No rating
SAGARDEEP,Sagardeep Alloys Ltd.,24.96,INR,-0.7949125596184391,19495,2.18902288396326,429164175,INR,16.060742551959333,1.5541,INR,37.811474682983075,0,Non-energy minerals,No rating
MANGALAM,Mangalam Drugs & Organics Ltd.,27.42,INR,0.7347538574577621,8630,0.4709670377646802,427837555,INR,,-28.0527,INR,-760.6853509185115,0,Health technology,No rating
SATECH,S A Tech Software India Ltd.,33.95,INR,3.6641221374045885,27000,3.033707865168539,427625952.75,INR,21.020370255711722,1.6151,INR,-71.64501404494382,0,Technology services,No rating
SITINET,Siti Networks Limited,0.32,INR,0,182100,0.6296417058622374,427305998,INR,,,,,0,Consumer services,No rating
RULKA,Rulka Electricals Ltd,111.05,INR,11.049999999999997,11700,1.8055555555555556,425840000,INR,14.38210687181081,7.7214,INR,45.77480743090167,0,Industrial services,No rating
DEEM,Deem Roll-Tech Ltd.,51,INR,1.898101898101904,2000,0.7692307692307693,425200872,INR,19.410824389129935,2.6274,INR,-24.447895100069005,0,Non-energy minerals,No rating
AMBICAAGAR,Ambica Agarbathies & Aroma Industries Ltd.,24.64,INR,0,2845,1.002042828965906,423079362,INR,14.64922711058264,1.682,INR,-41.86970796613099,0,Process industries,No rating
MANUGRAPH,Manugraph India Limited,13.09,INR,-3.10880829015544,7659,0.48112923084654624,419423677,INR,8.011506212130486,1.6339,INR,,0,Producer manufacturing,No rating
PRUDMOULI,Prudential Sugar Corp. Ltd.,13,INR,0.6191950464396291,414,0.05987417745317811,416050774,INR,6.989247311827957,1.86,INR,6.115928799634881,0,Process industries,No rating
PENTAGON,Pentagon Rubber Limited,51.35,INR,-4.819277108433737,2000,0.5555555555555556,415954500,INR,21.51596413307634,2.3866,INR,-31.45893164847789,0,Producer manufacturing,No rating
VICTORYEV,Victory Electric Vehicles International Limited,16.5,INR,-2.654867256637164,33000,1.3580246913580247,408325500,INR,,,,,0,Consumer durables,No rating
MANAV,Manav Infra Projects Ltd.,28.4,INR,-4.857621440536023,4000,0.5882352941176464,408109203,INR,,,,,,Industrial services,No rating
SHEKHAWATI,Shekhawati Industries Limited,12.63,INR,7.215619694397296,39443,2.925973457564001,407780112,INR,4.944022547561262,2.5546,INR,40.43980208905994,0,Process industries,No rating
TNTELE,Tamilnadu Telecommunications Ltd.,9.09,INR,-0.547045951859964,56569,1.9458777071465918,407017701,INR,,-3.2627,INR,3.706873653454533,0,Producer manufacturing,No rating
MITTAL,Mittal Life Style Ltd.,0.91,INR,0,232131,0.7083254505397917,403949728,INR,17.635658914728683,0.0516,INR,-24.56140350877193,0,Process industries,No rating
AATMAJ,Aatmaj Healthcare Limited,18.5,INR,4.225352112676056,4000,0.6896551724137931,401150000,INR,58.54430379746835,0.316,INR,11.739745403111742,0,Health services,No rating
VMOBILE,Vinit Mobile Ltd.,67.7,INR,4.961240310077524,93600,0.6116048092002091,397965000,INR,,,,,0,Retail trade,No rating
DHANLAXMI,Dhanlaxmi Crop Science Ltd.,25.4,INR,4.742268041237107,14000,0.8045977011494253,395954000,INR,,-0.3008,INR,,0,Process industries,No rating
ORIENTALTL,Oriental Trimex Limited,5.32,INR,0.1883239171374892,21731,0.28079456164856165,393998940,INR,15.007052186177717,0.3545,INR,-61.39605793313733,0,Non-energy minerals,No rating
BABAFP,Baba Food Processing (India) Limited,24.5,INR,2.083333333333333,4800,1.5789473684210527,391833672,INR,,-0.8698,INR,-132.9632015765339,0,Process industries,No rating
21STCENMGM,Twentyfirst Century Management Services Limited,37.85,INR,1.9940716787927835,4700,1.0541661993944151,391649992,INR,,-22.9023,INR,-294.9098738744873,0,Finance,No rating
AROGRANITE,ARO Granite Industries Limited,25.25,INR,0.9596161535385783,14513,3.0481811308073596,391374004,INR,,-7.7461,INR,-84.52321398794636,0,Non-energy minerals,No rating
ARCIIL,ARC Insulation & Insulators Limited,37.3,INR,-1.3227513227513228,3000,0.24,389240964,INR,19.277482040415524,1.9349,INR,,0,Non-energy minerals,No rating
PRESSTONIC,Presstonic Engineering Limited,25.35,INR,-0.3929273084479288,18400,0.40998217468805703,387885486,INR,8.317474899927817,3.0478,INR,171.8822479928635,0,Producer manufacturing,No rating
MADHUCON,Madhucon Projects Limited,5.35,INR,0.7532956685499066,4989,0.13355105537188977,387423460,INR,,-60.2391,INR,6.454197744245318,0,Industrial services,No rating
VERA,Vera Synthetic Ltd.,78.25,INR,4.96311200536553,6000,0.6557377049180327,386163746,INR,,,,,,Process industries,No rating
GFSTEELS,Grand Foundry Ltd.,14.29,INR,0,2921,0.7646797036571638,386156691,INR,,,,,,Non-energy minerals,No rating
ABMINTLLTD,ABM International Ltd.,44.63,INR,8.80058508044856,2935,1.2262889613102699,385916164,INR,,-2.1759,INR,-50.041373603640885,0,Industrial services,No rating
NMSTEEL,Newmalayalam Steel Limited,24.5,INR,10.112359550561797,9600,1.6666666666666667,384649100,INR,6.020839477047085,4.0692,INR,,0,Non-energy minerals,No rating
ADL,Archidply Decor Ltd,70.2,INR,-4.476799564566597,146,0.12341504649196956,381399421,INR,,-0.0012,INR,-101.18460019743338,0,Commercial services,No rating
SOCL,Sundrex Oil Company Limited,27,INR,-4.929577464788728,1600,0.3125,380376876.8,INR,6.0278621182354,4.4792,INR,,0,Process industries,No rating
BANG,Bang Overseas Limited,28.06,INR,-0.14234875444840817,5741,0.1442792196205665,375340816,INR,6.394567124723685,4.3881,INR,,0,Consumer non-durables,No rating
HOMESFY,Homesfy Realty Ltd.,122.85,INR,0,300,0.15873015873015872,375331320,INR,,-63.4967,INR,-1510.3482741770688,0,Technology services,No rating
CELLPOINT,Cell Point (India) Limited,20.05,INR,0,12000,0.8620689655172413,374646280,INR,586.2573099415205,0.0342,INR,-97.17425431711146,0,Retail trade,No rating
MORARJEE,Morarjee Textiles Limited,11.83,INR,-4.596774193548389,14436,0.6555530831793144,372769897,INR,,,,,0,Process industries,No rating
VSCL,Vadivarhe Speciality Chemicals Ltd.,29,INR,0,3000,0.3225806451612903,370699754,INR,,,,,,Process industries,No rating
CEREBRAINT,Cerebra Integrated Technologies Limited,3,INR,0.3344481605351099,37270,0.5778204989069937,365983183,INR,,-6.1871,INR,-51.17034792806879,0,Electronic technology,No rating
SANWARIA,Sanwaria Consumer Ltd,0.2,INR,0,294149,0.5155908254494324,360688965,INR,,-0.0571,INR,16.520467836257318,0,Process industries,No rating
KONTOR,Kontor Space Ltd.,58.05,INR,-2.600671140939604,3000,1.5625,358749000,INR,14.955173124484746,3.8816,INR,-41.835618491046674,0,Finance,No rating
SHRIKANHA,Shri Kanha Stainless Limited,23,INR,-0.8620689655172384,3200,0.5,358395200,INR,3.560261292220055,6.4602,INR,,0,Non-energy minerals,No rating
HRHNEXT,HRH Next Services Limited,27.05,INR,0,1500,0.4,357180047.9,INR,7.354140612255995,3.6782,INR,53.95111334337852,0,Commercial services,No rating
ASHOKAMET,Ashoka Metcast Limited,14.27,INR,0.7768361581920864,7014,0.5883389113968645,353443453,INR,,,,,,Producer manufacturing,No rating
TARAPUR,Tarapur Transformers Limited,17.74,INR,-2.312775330396485,15607,0.8804630512414038,351195211,INR,,-0.943,INR,-111.38613861386138,0,Producer manufacturing,No rating
NKIND,N.K. Industries Ltd.,59.51,INR,-0.3516409912927007,108,0.1624548736462094,347071730,INR,,-6.0335,INR,-4.72099279701467,0,Process industries,No rating
HBSL,HB Stockholdings Ltd.,48.22,INR,-2.7037933817594904,1987,0.8365259125163137,346248130,INR,,-15.1613,INR,9.990976122344783,2.0614306328592,Finance,No rating
LASA,Lasa Supergenerics Ltd.,6.82,INR,-1.7291066282420764,22892,0.7464263355592654,341690453,INR,,-6.8031,INR,-130.9658801561704,0,Health technology,No rating
UNILEX,Unilex Colours & Chemicals Limited,25,INR,-3.8461538461538463,24000,5.357142857142857,340425000,INR,4.897543392234455,5.1046,INR,8.405538566089014,0,Process industries,No rating
AKSHAR,Akshar Spintex Ltd.,0.41,INR,-2.380952380952383,770271,1.6292121998175284,338611463,INR,,-0.0957,INR,-13.793103448275861,0,Process industries,No rating
DNAMEDIA,Diligent Media Corp. Ltd.,2.83,INR,1.4336917562724028,10753,0.5148301534483997,334290754,INR,,-0.7523,INR,-165.02160760587728,0,Consumer services,No rating
AGNI,Agni Green Power Ltd.,17.15,INR,0.29239766081869684,12500,1.0204081632653061,334045080,INR,39.939450395901254,0.4294,INR,33.852867830423946,0,Utilities,No rating
SEYAIND,Seya Industries Ltd.,12.18,INR,-0.8143322475570003,26474,8.86485400482186,332397455,INR,,-1.0861,INR,54.24635605358497,0,Process industries,No rating
AKG,AKG Exim Ltd.,9.99,INR,-4.493307839388152,34939,1.023652498996534,332382997,INR,89.19642857142857,0.112,INR,-56.8733153638814,0,Distribution services,No rating
CYBERMEDIA,Cyber Media (India) Limited,15.93,INR,2.7741935483870948,36998,8.67581193574873,328068113,INR,7.944740910677771,2.0051,INR,,0,Consumer services,No rating
MCON,MCON Rasayan India Ltd.,46.2,INR,5.000000000000006,7000,2.0588235294117645,322479960,INR,11.1239526148512,4.1532,INR,18.25740318906606,0,Non-energy minerals,No rating
AGUL,A G Universal Limited,60.5,INR,3.1543052003410086,2000,0.47619047619047616,321636600,INR,397.76462853385925,0.1521,INR,-93.85504201680672,0,Non-energy minerals,No rating
FEL,Future Enterprises Ltd,0.37,INR,0,123991,0.7719500312849231,320171370,INR,,,,,0,Process industries,No rating
MOHITIND,Mohit Industries Limited,22.94,INR,-0.26086956521738575,2072,0.3763030765318331,316704978,INR,,-0.5533,INR,67.52553116562977,0,Process industries,No rating
ARMOUR,Armour Security (India) Ltd.,18.7,INR,3.601108033240989,2000,0.1724137931034483,315469000,INR,,,,,0,Commercial services,No rating
LEXUS,Lexus Granito (India) Ltd.,14.97,INR,-1.0575016523463325,12698,0.37707722094860247,314563653,INR,36.57463962863426,0.4093,INR,,0,Producer manufacturing,No rating
GSS,GSS Infotech Limited,11.89,INR,-1.8166804293971832,61537,3.0736687528408098,312778932,INR,,-19.1928,INR,-3524.7025495750713,0,Technology services,No rating
KAUSHALYA,Kaushalya Infrastructure Development Corporation Ltd,909.5,INR,1.6201117318435754,118,0.16338964275823822,311675397,INR,96.10710738212482,9.4634,INR,-93.85307502140257,0,Industrial services,No rating
AUROIMPEX,Auro Impex & Chemicals Ltd.,25.5,INR,0.7905138339920921,3200,0.5555555555555556,311120400,INR,7.478444483547422,3.4098,INR,-10.143094315756187,0,Producer manufacturing,No rating
PHOGLOBAL,Phoenix Overseas Limited,16.5,INR,3.773584905660375,22000,1.1,307601686.2,INR,3.3415014479839606,4.9379,INR,108.46455861865158,3.77358490566038,Consumer non-durables,No rating
PROLIFE,Prolife Industries Ltd.,71.25,INR,-5,500,0.45454545454545453,307055998,INR,,,,,,Process industries,No rating
NIRMAN,Nirman Agri Genetics Ltd.,42.1,INR,9.921671018276774,99000,4.0194884287454355,306770590.79999995,INR,,,,,0,Process industries,No rating
NFPSAMPOOR,NFP Sampoorna Foods Limited,23.8,INR,-1.449275362318832,58000,2.6605504587155964,305114191.2,INR,,,,,0,Consumer non-durables,No rating
MADHAV,Madhav Marbles & Granites Ltd.,33.79,INR,0,8781,2.1771794108896163,302855921,INR,77.0581527936146,0.4385,INR,,0,Non-energy minerals,No rating
MEDIORG,Medicamen Organics Ltd.,25.5,INR,3.2388663967611366,2000,0.11363636363636363,300497977,INR,,-3.44,INR,-202.07109370363776,0,Health technology,No rating
WILLAMAGOR,Williamson Magor & Co.Ltd.,25.45,INR,0.7123070834982181,1940,2.496782496782497,295602610,INR,,-1.1501,INR,99.305321499457,0,Finance,No rating
KEEPLEARN,DSJ Keep Learning Limited,1.9,INR,2.7027027027026933,149543,2.7612611365000244,294295833,INR,,-0.0633,INR,-400,0,Commercial services,No rating
KANANIIND,Kanani Industries Limited,1.51,INR,1.342281879194632,170626,1.7305482446131455,292844638,INR,11.39622641509434,0.1325,INR,236.2944162436549,0,Consumer durables,No rating
INFOMEDIA,Infomedia Press Ltd.,5.45,INR,-2.1543985637342926,38681,3.5735996526270237,291628136,INR,,-0.5861,INR,20.49647314161693,0,Consumer services,No rating
SUPERSPIN,Super Spinning Mills Limited,5.61,INR,2.0000000000000058,29281,3.07673717281888,291500010,INR,,-1.0579,INR,64.5357023131076,0,Process industries,No rating
FLFL,Future Lifestyle Fashions Ltd.,1.34,INR,-4.285714285714274,35238,1.2243834302749808,290555827,INR,,,,,0,Retail trade,No rating
PNC,Pritish Nandy Communications Limited,19.6,INR,1.2919896640826873,1317,0.04252996796527849,289629347,INR,,-8.6721,INR,-1216.9476082004558,0,Consumer services,No rating
GSTL,Globesecure Technologies Ltd.,17.4,INR,-3.6011080332410086,10000,1.1235955056179745,287705249.45,INR,,-0.1701,INR,90.56101215248876,0,Distribution services,No rating
NAGREEKCAP,Nagreeka Capital & Infrastructure Limited,22.73,INR,0.26466696074106183,8853,1.8078415356340616,286367324,INR,3.8713743123328737,5.8713,INR,-60.096101565898216,0,Finance,No rating
PEARLPOLY,Pearl Polymers Limited,17,INR,-1.1627906976744147,7420,1.6303034297892909,286193850,INR,,-2.838,INR,6.684641436227929,0,Process industries,No rating
MICROPRO,Micropro Software Solutions Limited,19.95,INR,-0.25000000000000355,3200,0.8333333333333334,285988000,INR,,-0.9024,INR,30.154798761609914,0,Technology services,No rating
AGARWALFT,Agarwal Float Glass India Limited,39.45,INR,-4.939759036144571,3000,0.5882352941176471,285755601.59999996,INR,19.41723679677118,2.0317,INR,-52.0689817872983,0,Distribution services,No rating
BLUEPEBBLE,Blue Pebble Limited,70,INR,0,6800,2.5,285600000,INR,58.59701992298677,1.1946,INR,-90.37621848062516,0.714285714285714,Commercial services,No rating
AGSTRA,AGS Transact Technologies Ltd.,2.1,INR,-4.977375565610854,285790,2.5422356800762875,285121430,INR,,,,,0,Commercial services,No rating
SIMBHALS,Simbhaoli Sugars Ltd,6.85,INR,-0.7246376811594305,17464,1.6485269546994912,284825231,INR,,,,,0,Process industries,No rating
QUICKTOUCH,Quicktouch Technologies Limited,21.1,INR,-4.090909090909085,12000,3.2432432432432434,281951912,INR,,-7.1719,INR,-193.7001084386146,0,Technology services,No rating
MEDISTEP,Medistep Healthcare Limited,18.5,INR,-6.329113924050633,3000,0.4166666666666667,280638533.5,INR,4.393464424812388,4.2108,INR,,0,Consumer non-durables,No rating
IDENTICAL,Identical Brains Studios Limited,19,INR,-5,6000,0.2830188679245283,280519160,INR,16.872391439481394,1.1261,INR,-60.02201079238853,0,Consumer services,No rating
MPEL,Manas Polymers & Energies Ltd.,36.5,INR,2.240896358543409,16000,0.5050505050505051,277603200,INR,3.331538257924954,10.9559,INR,,0,Process industries,No rating
JETKNIT,Jet Knitwears Ltd.,62.45,INR,-4.946727549467275,750,1,275229664,INR,,,,,,Consumer non-durables,No rating
QFIL,Quality Foils (India) Limited,62.8,INR,2.1138211382113776,2000,0.19607843137254902,274840218,INR,12.18683899012245,5.1531,INR,3.6799323970866373,0,Non-energy minerals,No rating
ARUNAYA,Arunaya Organics Limited,16,INR,2.5641025641025665,2000,0.1,273599523.6,INR,7.315957933241885,2.187,INR,-9.128682428221218,0,Process industries,No rating
GML,Galaxy Medicare Limited,17.6,INR,0,2000,0.37037037037037035,267026900.8,INR,6.7175572519083975,2.62,INR,,0,Health technology,No rating
TREEHOUSE,Tree House Education & Accessories Limited,6.46,INR,1.7322834645669343,21205,0.4991455325239039,266980656,INR,,-1.6598,INR,59.35946720207635,0,Consumer services,No rating
SGL,STL Global Limited,9.86,INR,1.2320328542094374,8368,0.7999847039253551,266290996,INR,,-0.0823,INR,64.18624891209748,0,Process industries,No rating
VERTEXPLUS,Vertexplus Technologies Ltd.,48.3,INR,0,600,0.08333333333333333,264664679.99999997,INR,,-8.4598,INR,-628.0444416703076,0,Commercial services,No rating
LIBAS,Libas Consumer Products Ltd.,10.12,INR,0.7968127490039849,31100,1.2849115848620063,264499578.99999997,INR,588.3720930232557,0.0172,INR,-98.27810591650817,0,Consumer non-durables,No rating
KHANDSE,Khandwala Securities Limited,17.2,INR,-3.5333707234997145,5348,1.9350870210225424,259619771,INR,,-0.8344,INR,-59.02420430722316,0,Finance,No rating
GTECJAINX,G-Tech Jainx Education Ltd.,28.64,INR,0,2654,0.559915611814346,256302178.00000003,INR,,-0.8754,INR,73.59833519317188,0,Commercial services,No rating
ARSHIYA,Arshiya Limited,0.98,INR,3.157894736842108,230636,1.3634942096012608,255571622,INR,,,,,0,Commercial services,No rating
KSHITIJPOL,Kshitij Polyline Ltd.,3,INR,4.895104895104899,3450046,1.807197063726317,254541344,INR,11.39384732244588,0.2633,INR,,0,Process industries,No rating
NEXTMEDIA,Next Mediaworks Limited,3.96,INR,-0.5025125628140708,3707,0.3951646430513064,252855183,INR,,-0.7908,INR,-108.31746899881149,0,Consumer services,No rating
TGBHOTELS,TGB Banquets & Hotels Ltd.,9.04,INR,5.607476635514002,91333,0.8542348848976645,251570179,INR,18.471597874948916,0.4894,INR,-26.250753465943333,0,Consumer services,No rating
CEDAAR,Cedaar Textile Ltd.,17.45,INR,-3.5911602209944866,21000,3.1818181818181817,251202660,INR,,-56.4083,INR,,0,Process industries,No rating
PARAMOUNT,Paramount Dye Tec Limited,37.25,INR,4.929577464788732,8400,2.9166666666666665,246464110.5,INR,12.062823834196891,3.088,INR,,0,Process industries,No rating
QVCEL,QVC Exports Limited,23.55,INR,0,3200,0.5128205128205128,246137346.6,INR,7.387076537013802,3.188,INR,-58.124261132273745,2.12314225053079,Distribution services,No rating
TRIDHYA,Tridhya Tech Limited,10.45,INR,-5.000000000000006,3000,0.16129032258064516,243359600,INR,,-0.7999,INR,47.875667926495495,0,Technology services,No rating
LAXMICOT,Laxmi Cotspin Ltd.,14.37,INR,1.7705382436260624,26446,2.482563106067006,242125109,INR,,-0.6843,INR,75.57903001320439,0,Process industries,No rating
YUDIZ,Yudiz Solutions Limited,23,INR,-4.166666666666666,4000,1,237345625,INR,,-0.1897,INR,88.58947368421053,0,Technology services,No rating
THESL,Thinking Hats Entertainment Solutions Limited,19,INR,4.972375690607726,9000,0.4918032786885246,237255850,INR,18.975332068311193,1.0013,INR,-65.88299430985724,0,Commercial services,No rating
KALANA,Kalana Ispat Ltd.,17.6,INR,-3.0303030303030147,68000,4.146341463414634,236712027.75,INR,23.896809232858114,0.7365,INR,-20.721205597416574,0,Non-energy minerals,No rating
TGL,Teerth Gopicon Ltd.,19.3,INR,-2.030456852791871,7400,0.1712962962962963,236392120,INR,,,,,0,Industrial services,No rating
EASTSILK,Eastern Silk Industries Limited,55,INR,-0.34426526544663477,503,0.7990468625893566,233299999,INR,,-27.2,INR,-5517.247560246962,0,Process industries,No rating
KRIDHANINF,Kridhan Infra Limited,2.34,INR,-4.098360655737709,69254,1.5282899368196194,233156867,INR,10.699588477366254,0.2187,INR,-97.1327057712982,0,Non-energy minerals,No rating
SHUBHLAXMI,Shubhlaxmi Jewel Art Ltd.,20.5,INR,-4.872389791183298,4000,0.425531914893617,228516200,INR,20.463166300658813,1.0018,INR,17.45808418337437,0,Consumer durables,No rating
MANDEEP,Mandeep Auto Industries Limited,19.95,INR,0,6000,0.5084745762711864,228185985.3,INR,22.112613611172687,0.9022,INR,-33.856304985337246,0,Producer manufacturing,No rating
CLCIND,CLC Industries Limited,56.75,INR,4.995374653098987,18298,1.322740613298249,222861945,INR,,-8.4317,INR,90.86198637485829,0,Process industries,No rating
ASPIRE,Aspire & Innovative Advertising Limited,15.1,INR,3.0716723549488005,2000,0.2777777777777778,222357700,INR,9.078338243251368,1.6633,INR,-34.3114410963232,0,Distribution services,No rating
IMPEXFERRO,Impex Ferro Tech Ltd,2.5,INR,4.6025104602510405,125723,1.126640027744148,215432430,INR,,-0.7346,INR,8.586361373817814,0,Non-energy minerals,No rating
TAPIFRUIT,Tapi Fruit Processing Ltd.,50,INR,4.821802935010476,750,0.2222222222222222,213650000,INR,,-3.92,INR,-15.559224102352456,0,Consumer non-durables,No rating
GUJRAFFIA,Gujarat Raffia Industries Limited,39.01,INR,-3.8214990138067164,229,0.08449249160609526,212126625,INR,20.091676967449526,1.9416,INR,100.86902545003102,0,Producer manufacturing,No rating
MIEL,Manglam Infra & Engineering Ltd.,12.4,INR,3.333333333333336,2000,0.23255813953488372,211160400,INR,7.112946710262146,1.7433,INR,-5.167818092803132,0,Industrial services,No rating
SHRENIK,Shrenik Limited,0.33,INR,-2.9411764705882377,285016,1.0019852255904247,208080002,INR,,-0.0001,INR,93.33333333333333,0,Distribution services,No rating
ANKITMETAL,Ankit Metal & Power Limited,1.55,INR,1.3071895424836613,57946,2.065361899907685,204610238,INR,,,,,0,Non-energy minerals,No rating
MFML,Mahalaxmi Fabric Mills Limited,18.84,INR,0.47999999999999926,2710,0.39925158743020467,203803092,INR,,,,,,Process industries,No rating
ACEINTEG,Ace Integrated Solutions Ltd.,19.31,INR,-1.9796954314720843,306,0.06945074897866546,200940004,INR,,-0.838,INR,44.8539089234009,0,Technology services,No rating
SPPPOLY,SPP Polymer Ltd.,13.05,INR,1.953125,10000,1.25,200854638,INR,,-2.7045,INR,-394.83266107053305,3.83141762452107,Process industries,No rating
SKIL,SKIL Infrastructure Limited,0.96,INR,4.3478260869565135,81485,1.0748029055357924,199245533,INR,,,,,0,Industrial services,No rating
RADIOWALLA,Radiowalla Network Limited,28.25,INR,-1.9097222222222248,1600,0.06666666666666667,199112667,INR,95.53601623266825,0.2957,INR,-70.0890147683593,0,Technology services,No rating
SILLYMONKS,Silly Monks Entertainment Ltd.,16.6,INR,5.129829005699825,7218,0.9827762271087208,196756622,INR,,-1.8925,INR,-1071.0107747562854,0,Consumer services,No rating
NEELAM,Neelam Linens and Garments (India) Limited,9.45,INR,-2.577319587628866,12000,0.26666666666666666,196114600,INR,12.196695921528134,0.7748,INR,-48.048813195655086,0,Consumer durables,No rating
TCIFINANCE,TCI Finance Limited,15.17,INR,-0.1316655694535851,10626,0.5462705442655987,193087392,INR,,-1.3871,INR,-149.7079376455832,0,Finance,No rating
TECILCHEM,TECIL Chemicals & Hydro Power Ltd,9.99,INR,0.30120481927710197,3125,0.4276135741652983,191154088,INR,,-0.2271,INR,-11.160058737151243,0,Process industries,No rating
HAVISHA,Sri Havisha Hospitality And Infrastructure Ltd,1.21,INR,-1.6260162601626031,22781,0.3646844689335449,190384390,INR,,-0.2988,INR,-37.88647900323027,0,Distribution services,No rating
ASTRON,Astron Paper & Board Mill Ltd.,3.99,INR,-3.623188405797089,30829,1.2125705520265886,186465011,INR,,-4.5509,INR,62.68438875997278,0,Process industries,No rating
MONOPHARMA,Mono Pharmacare Limited,10.5,INR,0.9615384615384581,2000,0.5882352941176471,185519922,INR,52.083333333333336,0.2016,INR,-88.20776789892373,0,Distribution services,No rating
SATIPOLY,Sati Poly Plast Ltd.,37.5,INR,0,2500,0.5617977528089888,185512500,INR,5.374417771408098,6.9775,INR,,0,Process industries,No rating
TVVISION,TV Vision Ltd.,4.65,INR,-1.0638297872340388,5169,0.39471272793915513,184036371,INR,,-8.9,INR,-28.96307888483162,0,Consumer services,No rating
PRECISION,Precision Metaliks Ltd.,8,INR,0.6289308176100606,10000,0.44642857142857145,182524574.7,INR,,-4.0585,INR,-1273.3159872795609,0,Non-energy minerals,No rating
VCL,Vaxtex Cotfab Ltd,1.02,INR,3.030303030303033,412537,0.9265166390832776,181914692,INR,3.425117528542646,0.2978,INR,519.1268191268191,0,Process industries,No rating
CMRSL,Cyber Media Research & Services Ltd.,65.1,INR,4.99999999999999,4800,0.8823529411764706,181536000,INR,4.949629348032693,13.1525,INR,40.590259962373864,3.2258064516129,Technology services,No rating
YCCL,Yasons Chemex Care Limited,9.35,INR,-6.500000000000003,6000,0.7142857142857143,180491652,INR,18.89270559709032,0.4949,INR,-40.83682008368201,0,Process industries,No rating
BOHRAIND,Bohra Industries Ltd.,13.16,INR,4.278922345483367,16496,0.8362821539740638,180430063,INR,,-1.4049,INR,45.466190513158914,0,Process industries,No rating
MARINETRAN,Marinetrans India Ltd.,14.15,INR,0,4000,0.8333333333333334,180072900,INR,29.966116052520118,0.4722,INR,9.86505351326198,0,Transportation,No rating
SHYAMTEL,Shyam Telecom Limited,16.01,INR,0.8186397984886697,496,0.20773128952548478,178742203,INR,,-4.4394,INR,-172.28900883218841,0,Electronic technology,No rating
GLFL,Gujarat Lease Financing Limited,5.26,INR,4.990019960079841,4453,4.752401280683031,177945028,INR,302.2988505747127,0.0174,INR,-19.444444444444454,0,Finance,No rating
NIDAN,Nidan Laboratories and Healthcare Limited,13.15,INR,5.200000000000003,4000,0.7407407407407407,173750000,INR,12.160162751988164,1.0814,INR,-23.96287441991281,0,Health services,No rating
SPRL,SP Refractories Ltd.,93,INR,-4.956566172713331,4800,2.3076923076923075,166423500,INR,4.7151157484866,19.7238,INR,68.85947639676044,0,Non-energy minerals,No rating
GAJANAND,Gajanand International Ltd.,8.15,INR,-5.232558139534875,3000,0.5263157894736842,161985876.20000002,INR,463.0681818181818,0.0176,INR,-90.67796610169492,0,Process industries,No rating
RADAAN,Radaan Mediaworks (I) Ltd.,2.79,INR,-3.124999999999995,23468,2.365105919819402,161942997,INR,,-0.8807,INR,-1553.3003300330033,0,Consumer services,No rating
HEADSUP,Heads UP Ventures Limited,7.09,INR,-0.2812939521800346,6420,0.5671678710885736,158994768,INR,,-0.0121,INR,-101.9169835234474,0,Retail trade,No rating
VIVIDHA,Visagar Polytex Limited,0.52,INR,-1.8867924528301903,311186,1.371677983225371,158058293,INR,,-0.048,INR,16.521739130434785,0,Process industries,No rating
WINSOME,Winsome Yarns Ltd,2.39,INR,1.7021276595744694,20401,0.3032649930430853,154141782,INR,,,,,0,Consumer non-durables,No rating
FLEXITUFF,Flexituff Ventures International Limited,4.62,INR,0.873362445414848,54340,1.6584162948404149,152626039,INR,,-41.1104,INR,-156.95373229651116,0,Process industries,No rating
BOSS,Boss Packaging Solutions Limited,34.2,INR,0.14641288433383387,2000,0.5263157894736842,152062092,INR,9.179975842168838,3.7255,INR,7.310539505141575,0,Producer manufacturing,No rating
SUNREST,Sunrest Lifescience Limited,35,INR,0,1600,0.4166666666666667,150192000,INR,22.233515436412144,1.5742,INR,-73.88476915675442,0,Health technology,No rating
SMVD,SMVD Poly Pack Limited,14.6,INR,4.659498207885307,4040,0.6666666666666654,146439545,INR,,,,,,Process industries,No rating
SRPL,Shree Ram Proteins Ltd.,0.33,INR,-2.9411764705882377,300139,0.5234466111105206,145655999,INR,,-0.5336,INR,43.05837157187067,0,Process industries,No rating
CONTI,Continental Seeds & Chemicals Ltd.,10.45,INR,0,3333,0.5,143190478,INR,14.443676572218381,0.7235,INR,-79.91895417580282,0,Non-energy minerals,No rating
UMESLTD,Usha Martin Education & Solutions Limited,5.36,INR,-0.5565862708719733,13427,0.8117601538033687,142645395,INR,37.325905292479106,0.1436,INR,21.079258010118053,0,Producer manufacturing,No rating
MTEDUCARE,MT Educare Ltd,2,INR,3.6269430051813503,29309,1.0178255781245116,140122436,INR,,-2.687,INR,29.982280592036698,0,Consumer services,No rating
AURUS,Aurus Gem Corporation Limited,4.74,INR,-1.249999999999992,16484,0.8388675999857509,137985111,INR,8.040712468193384,0.5895,INR,,0,Consumer durables,No rating
RETAIL,JHS Svendgaard Retail Ventures Pvt Ltd,17.51,INR,5.165165165165184,6597,3.1783580651377914,136360449,INR,,,,,,Retail trade,No rating
CBAZAAR,Net Avenue Technologies Ltd.,6.35,INR,-3.0534351145038197,8000,0.18181818181818182,136233401.64999998,INR,,-0.9496,INR,51.07424390746561,0,Retail trade,No rating
BLUECHIP,Blue Chip India Ltd,1.88,INR,-1.5706806282722525,2068,1.1264230077890953,136048679,INR,,-0.0468,INR,90.06580343876035,0,Finance,No rating
ARENTERP,Rajdarshan Industries Limited,41.1,INR,-7.097649186256783,54339,1.1093032940830625,135304294,INR,,-0.5697,INR,-175.38705835649068,0,Non-energy minerals,No rating
TIJARIA,Tijaria Polypipes Limited,4.47,INR,-3.663793103448275,103922,1.1808392296513115,135117453,INR,,-0.4496,INR,76.29692113032476,0,Producer manufacturing,No rating
CREATIVEYE,Creative Eye Limited,6.37,INR,-4.354354354354355,106526,1.9250898155979153,134189697,INR,,-2.5837,INR,-622.5111856823265,0,Consumer services,No rating
UNIINFO,Uniinfo Telecom Services Ltd.,12.35,INR,-0.4032258064516186,179,0.09547175849378634,132594684,INR,,-1.1221,INR,-73.27053736874618,0,Communications,No rating
DIL,Debock Industries Limited,0.81,INR,1.250000000000001,467721,1.0323998300380215,130188894,INR,,,,,0,Producer manufacturing,No rating
AMIABLE,Amiable Logsitics (India) Ltd.,70.7,INR,-3.084304318026045,4800,0.9375,127589550,INR,12.89463605026537,5.4829,INR,22.698384281430414,0,Transportation,No rating
MAKS,Maks Energy Solutions India Limited,18.05,INR,-4.749340369393132,6000,1.5384615384615385,125172959.5,INR,18.922318901352345,0.9539,INR,19.927080714106108,0,Producer manufacturing,No rating
INSPIRE,Inspire Films Ltd.,9.5,INR,4.972375690607726,4000,1.25,123164155.94999999,INR,35.068290882244376,0.2709,INR,,0,Consumer services,No rating
PARAMPARA,Parampara Dairy Delights Limited,11.7,INR,-0.847457627118656,8000,0.37037037037037035,122849998,INR,,,,,,Consumer durables,No rating
BILVYAPAR,Bil Vyapar Ltd,4.13,INR,3.5087719298245528,28677,5.123363050041984,122014423,INR,,-0.0096,INR,-100.44032657554351,0,Consumer durables,No rating
JIWANRAM,Jiwanram Sheoduttrai Industries Ltd.,4.9,INR,0,6000,0.3448275862068966,121266297.6,INR,13.457841252403188,0.3641,INR,-60.565363370518796,0,Consumer non-durables,No rating
SAROJA,Saroja Pharma Industries India Ltd.,30,INR,4.89510489510489,6400,1.4814814814814814,120614580,INR,7.4678880812506225,4.0172,INR,56.171519651673606,0,Distribution services,No rating
SHANTHALA,Shanthala FMCG Products Ltd.,18,INR,0,4800,0.2777777777777778,120565152,INR,,,,,0,Distribution services,No rating
DHTL,Docmode Health Technologies Limited,37.5,INR,0,800,0.2702702702702703,117855000,INR,,,,,0,Technology services,No rating
ORTINGLOBE,Ortin Global Ltd,14.51,INR,-2.025658338960167,6735,0.6310729645905756,116766793,INR,,-0.9091,INR,12.662119319819379,0,Health technology,No rating
ANTGRAPHIC,Antarctica Ltd,0.74,INR,-1.3333333333333344,138013,0.9087778352843877,116257500,INR,9.946236559139786,0.0744,INR,41.71428571428571,0,Process industries,No rating
GLOBALE,Globale Tessile Ltd,10.97,INR,0.6422018348623879,6398,1.6722862594422228,115760999,INR,,,,,,Process industries,No rating
NIRAJISPAT,Niraj Ispat Industries Ltd,190.5,INR,0,2,0.014684287812041117,114300000,INR,7.034270374459505,27.0817,INR,21.66082659478886,0,Producer manufacturing,No rating
DCMFINSERV,DCM Financial Services Limited,5.26,INR,4.780876494023909,2305,0.30166208611438294,113722781,INR,,-0.4658,INR,13.064576334453164,0,Finance,No rating
GRADIENTE,Gradiente Infotainment Ltd.,2.77,INR,4.92424242424242,157240,0.37939922986106467,113017879,INR,,,,,0,Commercial services,No rating
EUROTEXIND,Eurotex Industries & Exports Ltd.,12.26,INR,0.4918032786885287,19,0.011022799791146952,112260774,INR,,-0.9072,INR,54.444109671587825,0,Process industries,No rating
EDUCOMP,Educomp Solutions Limited,0.9,INR,-1.0989010989010999,37562,0.7272213337876611,110220451,INR,,,,,0,Commercial services,No rating
MEP,MEP Infrastructure Developers Ltd.,0.54,INR,-1.8181818181818195,84136,0.5257001754499967,102729786,INR,,,,,0,Transportation,No rating
VERITAAS,Veritaas Advertising Ltd.,36.3,INR,-4.849279161205771,1200,0.37037037037037035,102474900,INR,5.715995339023084,6.3506,INR,21.280293336898193,0,Commercial services,No rating
COMPINFO,Compuage Infocom Ltd,1.17,INR,0.8620689655172422,9976,0.743273951883807,102063995,INR,,,,,0,Technology services,No rating
SABAR,Sabar Flex India Ltd.,5.65,INR,3.6697247706422047,15000,0.379746835443038,94558622.7,INR,48.58125537403268,0.1163,INR,-68.49945828819067,0,Process industries,No rating
PLADAINFO,Plada Infotech Services Limited,10.9,INR,-4.803493449781651,3000,0.5555555555555556,93456600,INR,5.416956564953782,2.0122,INR,-8.394791951197309,0,Commercial services,No rating
BALCO,Solve Plastic Products Limited,19.85,INR,-4.796163069544365,2400,1.0526315789473684,91078012.5,INR,19.901744535793064,0.9974,INR,,0,Producer manufacturing,No rating
INDIFRA,Indifra Ltd.,11.95,INR,0,2000,0.5,87115500,INR,477.99999999999994,0.025,INR,145.09803921568627,0,Electronic technology,No rating
RITEZONE,Rite Zone Chemcon India Ltd.,20.5,INR,-4.872389791183298,8000,2.1739130434782608,86720535,INR,25.32114624505929,0.8096,INR,-61.65214096248579,0,Process industries,No rating
PREMIER,Premier Limited,2.94,INR,3.521126760563384,1471,0.3386279926335175,86561822,INR,,-1.9332,INR,27.77943813508667,0,Producer manufacturing,No rating
PPSL,Picturepost Studios Limited,3.2,INR,18.51851851851852,594000,1.5207373271889402,79110000,INR,11.359602413915514,0.2817,INR,-83.61447184737087,0,Consumer services,No rating
SABEVENTS,SAB Events & Governance Now Media Ltd.,7.29,INR,-4.954367666232072,3088,0.07017639546035079,78942343,INR,,-0.4003,INR,42.977207977207975,0,Technology services,No rating
SHANTI,Shanti Overseas (India) Ltd.,6.87,INR,-2.828854314002831,16941,0.5171198065951778,78519422,INR,,-6.8405,INR,-153.54905667370917,0,Process industries,No rating
WINNY,Winny Immigration & Education Services Ltd.,35.6,INR,4.860088365243,66500,78.23529411764706,77252000,INR,,-29.1572,INR,-27.598716888322894,0,Commercial services,No rating
ACCORD,Accord Synergy Ltd.,202.35,INR,-1.985953015257929,10000,0.3067484662576687,60933595,INR,,,,,,Industrial services,No rating
FALCONTECH,Falcon Technoprojects India Ltd.,11.7,INR,3.539823008849545,2400,0.21052631578947367,60531760.9,INR,2.0708697653014263,5.6498,INR,159.51035781544257,0,Industrial services,No rating
ORTEL,Ortel Communications Limited,1.72,INR,-4.444444444444448,6306,0.3720771059882819,59358415,INR,,,,,0,Consumer services,No rating
LAKPRE,Lakshmi Precision Screws Limited,5,INR,-0.9900990099009866,2402,1.5008747813046737,55802499,INR,,,,,0,Producer manufacturing,No rating
SETUINFRA,Setubandhan Infrastructure Ltd,0.43,INR,-2.2727272727272747,36211,0.7346103284861074,55298434,INR,,,,,0,Industrial services,No rating
BGLOBAL,Bharatiya Global Infomedia Limited,3.12,INR,-2.8037383177570048,108528,3.7707948243992604,51331677,INR,1.5161823306443776,2.0578,INR,,0,Commercial services,No rating
CMICABLES,CMI Limited,2.84,INR,-4.697986577181212,6384,0.49420179906795275,49044015,INR,,,,,0,Producer manufacturing,No rating
QUINTEGRA,Quintegra Solutions Limited,1.44,INR,3.5971223021582768,22631,1.246289657299256,47728616,INR,,-0.0308,INR,-1.9867549668874167,0,Technology services,No rating
PERFECT,Perfect Infraengineers Ltd.,2.75,INR,0,6000,0.6249999999999909,42459390,INR,,,,,,Consumer services,No rating
RAJVIR,Rajvir Industries Limited,5.93,INR,-4.8154093097913435,3919,5.006387327542157,31319704,INR,,,,,0,Process industries,No rating
JALAN,Jalan Transolutions (India) Limited,1.6,INR,-3.0303030303030196,51000,5.3125,23986413,INR,219.17808219178085,0.0073,INR,,0,Transportation,No rating
ACETEC,Acetech E-Commerce Ltd.,134,INR,-4.964539007092199,3600,0.17543859649122806,,,,,,,,Commercial services,No rating
NEPHROCARE,Nephro Care India Limited,63,INR,0.07942811755360947,29600,2.4584717607973423,,,,,,,,Health services,No rating
GKWLIMITED,GKW Ltd.,1609.6,INR,-1.8955323947095835,1299,2.950261185555303,,,,-3.8693,INR,87.50004038185078,,Transportation,No rating
ARISTO,Aristo Bio Tech and Lifescience Limited,109.25,INR,-5,3200,1.6,,,,,,,,Process industries,No rating
KKVAPOW,KKV Agro Powers Ltd.,499.35,INR,0,171,0.3846153846153846,,,,,,,,Utilities,No rating
BMLL,Bio Medica Laboratories Limited,141.45,INR,1.982696467195386,21000,0.3153153153153153,,,,,,,,Health technology,No rating
RIIT,Raajmarg Infra Investment Trust,116.82,INR,1.0204081632652997,57095,0.36602549965894465,,,,,,,,Miscellaneous,No rating
ISHAN,Ishan International Limited,0.5,INR,0,144000,0.30927835051546404,,,,,,,,Distribution services,No rating
JBCHEPHARM,JB Chemicals & Pharmaceuticals Ltd.,2408.9,INR,-3.8747007182761335,4779224,9.567326478972486,,,54.01121076233184,44.6,INR,6.688099971055478,0.912011607420458,Health technology,Strong buy
INVICTA,Invicta Diagnostic limited,66.75,INR,4.705882352941177,8000,1.9230769230769231,,,,,,,,Health services,No rating
UMA,Uma Converter Limited,15.5,INR,0,16000,1.25,,,9.870725339107176,1.5703,INR,17.775444386109662,,Process industries,No rating
APSISAERO,Apsis Aerocom Limited,434.45,INR,1.995539382556638,9600,0.6779661016949152,,,,,,,,Producer manufacturing,No rating
NDRINVIT,Ndr Invit Trust,145.9,INR,0,25000,0.07692307692307693,,,,,,,,Miscellaneous,No rating
BIRDYS,Grill Splendour Services Ltd.,92.1,INR,4.778156996587017,520800,61.12676056338028,,,,,,,,Consumer non-durables,No rating
AILIMITED,Abhishek Integrations Ltd.,39.5,INR,-4.933814681107093,1500,0.2631578947368421,,,,,,,,Transportation,No rating
GURUNANAK,Gurunanak Agriculture India Limited,37.05,INR,-4.878048780487819,3200,0.2857142857142857,,,,,,,,Producer manufacturing,No rating
MOXSH,Moxsh Overseas Educon Limited,106,INR,-4.504504504504505,1600,0.18181818181818182,,,,,,,,Technology services,No rating
SAIFL,Sameera Agro and Infra Limited,5.1,INR,0,264000,1.3173652694610778,,,,,,,,Finance,No rating
ARHAM,Arham Technologies Limited,164.95,INR,1.4140793114048467,135000,1.1989342806394316,,,,,,,,Consumer durables,No rating
WALPAR,Walpar Nutritions Ltd.,34.85,INR,1.0144927536231925,2000,0.23255813953488372,,,,,,,,Health technology,No rating
ETL,Emkay Tools Limited,990.1,INR,2.0721649484536107,600,0.5797101449275363,,,,,,,,,No rating
KDL,Kore Digital Limited,114.3,INR,-3.2585696148963255,16350,0.9578207381370826,,,,,,,,Communications,No rating
AGL,Allcargo Global Limited,12.3,INR,-2.2257551669316324,2310534,0.43280800087905275,,,,,,,,Transportation,No rating
RFBL,RFBL Flexi Pack Limited,92.4,INR,5.000000000000006,24000,1.702127659574468,,,,,,,,Process industries,No rating
JFLLIFE,JFL Life Sciences Limited,11.25,INR,-0.8810572687224639,48000,0.8602150537634409,,,,,,,,Health technology,No rating
CAPINVIT,Capital Infra Trust,73.23,INR,1.3704318936877202,773353,0.6844882214669047,,,,,,,,Industrial services,No rating
ENSER,Enser Communications Limited,14.45,INR,5.860805860805853,10000,0.18181818181818182,,,,,,,,Commercial services,No rating
SARTELE,SAR Televenture Limited,117.8,INR,0.6837606837606813,59000,0.9168609168609155,,,7.833280136184701,15.0384,INR,44.03080135234792,0,Finance,No rating
TIMESCAN,Timescan Logistics (India) Limited,41.05,INR,4.987212276214822,8000,1.8181818181818181,,,,,,,,Transportation,No rating
QUADPRO,Quadpro ITeS Ltd.,2.4,INR,0,24000,0.8695652173913043,,,,,,,,Commercial services,No rating
STRIDERS,Striders Impex Limited,64.95,INR,2.687747035573127,17600,1.4666666666666666,,,,,,,,Consumer durables,No rating
SWARAJ,Swaraj Suiting Limited,354.4,INR,-3.5777445245544914,354500,1.819348216576854,,,,,,,,Process industries,No rating
GREENLEAF,Greenleaf Envirotech Limited,110.25,INR,5,8000,0.45977011494252873,,,,,,,,Industrial services,No rating